ISO-10303-21;
HEADER;
/* Generated by software containing ST-Developer
 * from STEP Tools, Inc. (www.steptools.com) 
 */

FILE_DESCRIPTION(
/* description */ ('',
'CAx-IF Rec.Pracs.---Representation and Presentation of Product Manufa
cturing Information (PMI)---4.0---2014-10-13'),
/* implementation_level */ '2;1');

FILE_NAME(
/* name */ '18 in panel v1.step',
/* time_stamp */ '2025-01-20T11:56:44-05:00',
/* author */ (''),
/* organization */ (''),
/* preprocessor_version */ 'ST-DEVELOPER v20',
/* originating_system */ 'Autodesk Translation Framework v13.20.0.188',

/* authorisation */ '');

FILE_SCHEMA (('AP242_MANAGED_MODEL_BASED_3D_ENGINEERING_MIM_LF { 1 0 10303 442 1 1 4 }'));
ENDSEC;

DATA;
#10=MECHANICAL_DESIGN_GEOMETRIC_PRESENTATION_REPRESENTATION('',(#13),#2419);
#11=SHAPE_REPRESENTATION_RELATIONSHIP('SRR','None',#2429,#12);
#12=ADVANCED_BREP_SHAPE_REPRESENTATION('',(#14),#2418);
#13=STYLED_ITEM('',(#2439),#14);
#14=MANIFOLD_SOLID_BREP('Body1',#1297);
#15=B_SPLINE_CURVE_WITH_KNOTS('',3,(#1889,#1890,#1891,#1892,#1893,#1894,
#1895,#1896,#1897,#1898,#1899,#1900,#1901,#1902,#1903,#1904,#1905,#1906,
#1907,#1908,#1909,#1910,#1911,#1912,#1913,#1914,#1915,#1916,#1917,#1918,
#1919),.UNSPECIFIED.,.F.,.F.,(4,3,3,3,3,3,3,3,3,3,4),(-0.716082364366138,
-0.657894791487524,-0.595168480117446,-0.525353308184829,-0.446144505451533,
-0.363931864057781,-0.281074687930243,-0.198543600071805,-0.117133216747931,
-0.0427663301807392,0.),.UNSPECIFIED.);
#16=B_SPLINE_CURVE_WITH_KNOTS('',3,(#1922,#1923,#1924,#1925,#1926,#1927,
#1928,#1929,#1930,#1931,#1932,#1933,#1934,#1935,#1936,#1937,#1938,#1939,
#1940,#1941,#1942,#1943,#1944,#1945,#1946,#1947,#1948,#1949,#1950,#1951,
#1952),.UNSPECIFIED.,.F.,.F.,(4,3,3,3,3,3,3,3,3,3,4),(-0.715995876171106,
-0.642880885718706,-0.561260771602925,-0.478666142133405,-0.395619079076977,
-0.31341363794221,-0.235060228456658,-0.163339540494095,-0.0981272384706248,
-0.03964022757028,0.),.UNSPECIFIED.);
#17=B_SPLINE_CURVE_WITH_KNOTS('',3,(#2061,#2062,#2063,#2064,#2065,#2066,
#2067,#2068,#2069,#2070,#2071,#2072,#2073,#2074,#2075,#2076,#2077,#2078,
#2079,#2080,#2081,#2082,#2083,#2084,#2085),.UNSPECIFIED.,.F.,.F.,(4,3,3,
3,3,3,3,3,4),(-0.554377245918633,-0.499799738726535,-0.4333779784859,-0.344877570177179,
-0.271605238817522,-0.20051575848557,-0.127791084966413,-0.057273382488146,
0.),.UNSPECIFIED.);
#18=B_SPLINE_CURVE_WITH_KNOTS('',3,(#2101,#2102,#2103,#2104,#2105,#2106,
#2107,#2108,#2109,#2110,#2111,#2112,#2113,#2114,#2115,#2116,#2117,#2118,
#2119,#2120,#2121,#2122,#2123,#2124,#2125),.UNSPECIFIED.,.F.,.F.,(4,3,3,
3,3,3,3,3,4),(-0.450372426355494,-0.395923069932896,-0.336310825698295,
-0.27846585115625,-0.220718854920252,-0.159763804477962,-0.0895400930939287,
-0.0426630511687714,0.),.UNSPECIFIED.);
#19=B_SPLINE_CURVE_WITH_KNOTS('',3,(#2289,#2290,#2291,#2292,#2293,#2294,
#2295,#2296,#2297,#2298,#2299,#2300,#2301,#2302,#2303,#2304,#2305,#2306,
#2307,#2308,#2309,#2310,#2311,#2312,#2313),.UNSPECIFIED.,.F.,.F.,(4,3,3,
3,3,3,3,3,4),(0.,0.0670476935142077,0.140452849125501,0.211681829213547,
0.282790161054002,0.35784881755084,0.44432069137362,0.502044009817584,0.554578316319643),
 .UNSPECIFIED.);
#20=B_SPLINE_CURVE_WITH_KNOTS('',3,(#2329,#2330,#2331,#2332,#2333,#2334,
#2335,#2336,#2337,#2338,#2339,#2340,#2341,#2342,#2343,#2344,#2345,#2346,
#2347,#2348,#2349,#2350,#2351,#2352,#2353),.UNSPECIFIED.,.F.,.F.,(4,3,3,
3,3,3,3,3,4),(0.,0.0443588395981121,0.0983443065042522,0.170274587283038,
0.2298279776994,0.287607217122316,0.346715488889049,0.404030005692662,0.450579965882138),
 .UNSPECIFIED.);
#21=B_SPLINE_SURFACE_WITH_KNOTS('',5,1,((#1868,#1869),(#1870,#1871),(#1872,
#1873),(#1874,#1875),(#1876,#1877),(#1878,#1879),(#1880,#1881),(#1882,#1883),
(#1884,#1885),(#1886,#1887)),.UNSPECIFIED.,.F.,.F.,.F.,(6,1,1,1,1,6),(2,
2),(-0.834250137455924,-0.8,-0.6,-0.4,-0.2,0.),(0.,152.4),.UNSPECIFIED.);
#22=B_SPLINE_SURFACE_WITH_KNOTS('',5,1,((#2372,#2373),(#2374,#2375),(#2376,
#2377),(#2378,#2379),(#2380,#2381),(#2382,#2383),(#2384,#2385),(#2386,#2387),
(#2388,#2389),(#2390,#2391)),.UNSPECIFIED.,.F.,.F.,.F.,(6,1,1,1,1,6),(2,
2),(-1.,-0.8,-0.6,-0.4,-0.2,0.),(0.,19.812),.UNSPECIFIED.);
#23=B_SPLINE_SURFACE_WITH_KNOTS('',5,1,((#2394,#2395),(#2396,#2397),(#2398,
#2399),(#2400,#2401),(#2402,#2403),(#2404,#2405),(#2406,#2407),(#2408,#2409),
(#2410,#2411),(#2412,#2413)),.UNSPECIFIED.,.F.,.F.,.F.,(6,1,1,1,1,6),(2,
2),(0.,0.2,0.4,0.6,0.8,1.),(0.,19.812),.UNSPECIFIED.);
#24=CIRCLE('',#1315,0.349999999999999);
#25=CIRCLE('',#1316,0.349999999999999);
#26=CIRCLE('',#1320,0.130000000000001);
#27=CIRCLE('',#1321,0.130000000000001);
#28=CIRCLE('',#1323,0.125);
#29=CIRCLE('',#1324,0.125);
#30=CIRCLE('',#1327,0.125);
#31=CIRCLE('',#1328,0.125);
#32=CIRCLE('',#1331,0.124960893938389);
#33=CIRCLE('',#1332,0.124960893938389);
#34=CIRCLE('',#1334,0.10087);
#35=CIRCLE('',#1335,0.10087);
#36=CIRCLE('',#1338,0.12507332672799);
#37=CIRCLE('',#1339,0.12507332672799);
#38=CIRCLE('',#1341,0.125000000000001);
#39=CIRCLE('',#1342,0.125000000000001);
#40=CIRCLE('',#1345,0.125000000000001);
#41=CIRCLE('',#1346,0.125000000000001);
#42=CIRCLE('',#1349,0.5);
#43=CIRCLE('',#1350,0.2);
#44=CIRCLE('',#1351,0.1125);
#45=CIRCLE('',#1352,0.105000000000004);
#46=CIRCLE('',#1353,0.105000000000005);
#47=CIRCLE('',#1354,0.1125);
#48=CIRCLE('',#1355,0.199999999999997);
#49=CIRCLE('',#1356,0.50000000000001);
#50=CIRCLE('',#1357,0.163);
#51=CIRCLE('',#1358,0.382499999999958);
#52=CIRCLE('',#1359,0.114);
#53=CIRCLE('',#1360,0.174999999999999);
#54=CIRCLE('',#1361,0.162500000000001);
#55=CIRCLE('',#1362,0.162500000000016);
#56=CIRCLE('',#1363,0.174999999999988);
#57=CIRCLE('',#1364,0.114);
#58=CIRCLE('',#1365,0.382500000041183);
#59=CIRCLE('',#1366,0.72000000000001);
#60=CIRCLE('',#1367,0.15);
#61=CIRCLE('',#1368,0.325000000000005);
#62=CIRCLE('',#1369,0.325000000000005);
#63=CIRCLE('',#1370,0.149999999999997);
#64=CIRCLE('',#1371,0.720000000000001);
#65=CIRCLE('',#1374,0.163);
#66=CIRCLE('',#1378,0.50000000000001);
#67=CIRCLE('',#1381,0.199999999999997);
#68=CIRCLE('',#1384,0.1125);
#69=CIRCLE('',#1387,0.105000000000005);
#70=CIRCLE('',#1390,0.105000000000004);
#71=CIRCLE('',#1393,0.1125);
#72=CIRCLE('',#1396,0.2);
#73=CIRCLE('',#1399,0.5);
#74=CIRCLE('',#1401,0.720000000000001);
#75=CIRCLE('',#1404,0.149999999999997);
#76=CIRCLE('',#1408,0.325000000000005);
#77=CIRCLE('',#1411,0.325000000000005);
#78=CIRCLE('',#1415,0.15);
#79=CIRCLE('',#1418,0.72000000000001);
#80=CIRCLE('',#1420,0.382500000041183);
#81=CIRCLE('',#1421,0.114);
#82=CIRCLE('',#1422,0.174999999999988);
#83=CIRCLE('',#1423,0.162500000000016);
#84=CIRCLE('',#1424,0.162500000000001);
#85=CIRCLE('',#1425,0.174999999999999);
#86=CIRCLE('',#1426,0.114);
#87=CIRCLE('',#1427,0.382499999999958);
#88=CYLINDRICAL_SURFACE('',#1314,0.349999999999999);
#89=CYLINDRICAL_SURFACE('',#1319,0.130000000000001);
#90=CYLINDRICAL_SURFACE('',#1322,0.125);
#91=CYLINDRICAL_SURFACE('',#1326,0.125);
#92=CYLINDRICAL_SURFACE('',#1330,0.124960893938389);
#93=CYLINDRICAL_SURFACE('',#1333,0.10087);
#94=CYLINDRICAL_SURFACE('',#1337,0.12507332672799);
#95=CYLINDRICAL_SURFACE('',#1340,0.125000000000001);
#96=CYLINDRICAL_SURFACE('',#1344,0.125000000000001);
#97=CYLINDRICAL_SURFACE('',#1373,0.163);
#98=CYLINDRICAL_SURFACE('',#1377,0.50000000000001);
#99=CYLINDRICAL_SURFACE('',#1380,0.199999999999997);
#100=CYLINDRICAL_SURFACE('',#1383,0.1125);
#101=CYLINDRICAL_SURFACE('',#1386,0.105000000000005);
#102=CYLINDRICAL_SURFACE('',#1389,0.105000000000004);
#103=CYLINDRICAL_SURFACE('',#1392,0.1125);
#104=CYLINDRICAL_SURFACE('',#1395,0.2);
#105=CYLINDRICAL_SURFACE('',#1398,0.5);
#106=CYLINDRICAL_SURFACE('',#1400,0.720000000000001);
#107=CYLINDRICAL_SURFACE('',#1403,0.149999999999997);
#108=CYLINDRICAL_SURFACE('',#1407,0.325000000000005);
#109=CYLINDRICAL_SURFACE('',#1410,0.325000000000005);
#110=CYLINDRICAL_SURFACE('',#1414,0.15);
#111=CYLINDRICAL_SURFACE('',#1417,0.72000000000001);
#112=CYLINDRICAL_SURFACE('',#1429,0.174999999999999);
#113=CYLINDRICAL_SURFACE('',#1430,0.114);
#114=CYLINDRICAL_SURFACE('',#1431,0.114);
#115=CYLINDRICAL_SURFACE('',#1432,0.174999999999988);
#116=CYLINDRICAL_SURFACE('',#1433,0.162500000000016);
#117=CYLINDRICAL_SURFACE('',#1435,0.162500000000001);
#118=CYLINDRICAL_SURFACE('',#1436,0.382500000041183);
#119=CYLINDRICAL_SURFACE('',#1437,0.382499999999958);
#120=FACE_OUTER_BOUND('',#186,.T.);
#121=FACE_OUTER_BOUND('',#187,.T.);
#122=FACE_OUTER_BOUND('',#188,.T.);
#123=FACE_OUTER_BOUND('',#189,.T.);
#124=FACE_OUTER_BOUND('',#190,.T.);
#125=FACE_OUTER_BOUND('',#191,.T.);
#126=FACE_OUTER_BOUND('',#192,.T.);
#127=FACE_OUTER_BOUND('',#193,.T.);
#128=FACE_OUTER_BOUND('',#194,.T.);
#129=FACE_OUTER_BOUND('',#195,.T.);
#130=FACE_OUTER_BOUND('',#196,.T.);
#131=FACE_OUTER_BOUND('',#197,.T.);
#132=FACE_OUTER_BOUND('',#198,.T.);
#133=FACE_OUTER_BOUND('',#199,.T.);
#134=FACE_OUTER_BOUND('',#200,.T.);
#135=FACE_OUTER_BOUND('',#201,.T.);
#136=FACE_OUTER_BOUND('',#202,.T.);
#137=FACE_OUTER_BOUND('',#203,.T.);
#138=FACE_OUTER_BOUND('',#204,.T.);
#139=FACE_OUTER_BOUND('',#205,.T.);
#140=FACE_OUTER_BOUND('',#206,.T.);
#141=FACE_OUTER_BOUND('',#207,.T.);
#142=FACE_OUTER_BOUND('',#208,.T.);
#143=FACE_OUTER_BOUND('',#209,.T.);
#144=FACE_OUTER_BOUND('',#210,.T.);
#145=FACE_OUTER_BOUND('',#211,.T.);
#146=FACE_OUTER_BOUND('',#212,.T.);
#147=FACE_OUTER_BOUND('',#213,.T.);
#148=FACE_OUTER_BOUND('',#214,.T.);
#149=FACE_OUTER_BOUND('',#215,.T.);
#150=FACE_OUTER_BOUND('',#216,.T.);
#151=FACE_OUTER_BOUND('',#217,.T.);
#152=FACE_OUTER_BOUND('',#218,.T.);
#153=FACE_OUTER_BOUND('',#219,.T.);
#154=FACE_OUTER_BOUND('',#220,.T.);
#155=FACE_OUTER_BOUND('',#221,.T.);
#156=FACE_OUTER_BOUND('',#222,.T.);
#157=FACE_OUTER_BOUND('',#223,.T.);
#158=FACE_OUTER_BOUND('',#224,.T.);
#159=FACE_OUTER_BOUND('',#225,.T.);
#160=FACE_OUTER_BOUND('',#226,.T.);
#161=FACE_OUTER_BOUND('',#227,.T.);
#162=FACE_OUTER_BOUND('',#228,.T.);
#163=FACE_OUTER_BOUND('',#229,.T.);
#164=FACE_OUTER_BOUND('',#230,.T.);
#165=FACE_OUTER_BOUND('',#231,.T.);
#166=FACE_OUTER_BOUND('',#232,.T.);
#167=FACE_OUTER_BOUND('',#233,.T.);
#168=FACE_OUTER_BOUND('',#234,.T.);
#169=FACE_OUTER_BOUND('',#235,.T.);
#170=FACE_OUTER_BOUND('',#236,.T.);
#171=FACE_OUTER_BOUND('',#237,.T.);
#172=FACE_OUTER_BOUND('',#238,.T.);
#173=FACE_OUTER_BOUND('',#239,.T.);
#174=FACE_OUTER_BOUND('',#240,.T.);
#175=FACE_OUTER_BOUND('',#241,.T.);
#176=FACE_OUTER_BOUND('',#242,.T.);
#177=FACE_OUTER_BOUND('',#243,.T.);
#178=FACE_OUTER_BOUND('',#244,.T.);
#179=FACE_OUTER_BOUND('',#245,.T.);
#180=FACE_OUTER_BOUND('',#246,.T.);
#181=FACE_OUTER_BOUND('',#247,.T.);
#182=FACE_OUTER_BOUND('',#248,.T.);
#183=FACE_OUTER_BOUND('',#249,.T.);
#184=FACE_OUTER_BOUND('',#250,.T.);
#185=FACE_OUTER_BOUND('',#251,.T.);
#186=EDGE_LOOP('',(#816,#817,#818,#819));
#187=EDGE_LOOP('',(#820,#821,#822,#823));
#188=EDGE_LOOP('',(#824,#825,#826,#827));
#189=EDGE_LOOP('',(#828,#829,#830,#831));
#190=EDGE_LOOP('',(#832,#833,#834,#835));
#191=EDGE_LOOP('',(#836,#837,#838,#839));
#192=EDGE_LOOP('',(#840,#841,#842,#843));
#193=EDGE_LOOP('',(#844,#845,#846,#847));
#194=EDGE_LOOP('',(#848,#849,#850,#851));
#195=EDGE_LOOP('',(#852,#853,#854,#855));
#196=EDGE_LOOP('',(#856,#857,#858,#859));
#197=EDGE_LOOP('',(#860,#861,#862,#863));
#198=EDGE_LOOP('',(#864,#865,#866,#867));
#199=EDGE_LOOP('',(#868,#869,#870,#871));
#200=EDGE_LOOP('',(#872,#873,#874,#875));
#201=EDGE_LOOP('',(#876,#877,#878,#879));
#202=EDGE_LOOP('',(#880,#881,#882,#883));
#203=EDGE_LOOP('',(#884,#885,#886,#887));
#204=EDGE_LOOP('',(#888,#889,#890,#891));
#205=EDGE_LOOP('',(#892,#893,#894,#895));
#206=EDGE_LOOP('',(#896,#897,#898,#899,#900,#901,#902,#903,#904,#905,#906,
#907,#908,#909,#910,#911,#912,#913,#914,#915,#916,#917,#918,#919,#920,#921,
#922,#923,#924,#925,#926,#927,#928,#929,#930,#931,#932,#933,#934,#935,#936,
#937,#938,#939,#940,#941,#942,#943,#944,#945,#946,#947,#948,#949,#950,#951,
#952,#953,#954,#955,#956,#957,#958,#959));
#207=EDGE_LOOP('',(#960,#961,#962,#963));
#208=EDGE_LOOP('',(#964,#965,#966,#967));
#209=EDGE_LOOP('',(#968,#969,#970,#971));
#210=EDGE_LOOP('',(#972,#973,#974,#975));
#211=EDGE_LOOP('',(#976,#977,#978,#979));
#212=EDGE_LOOP('',(#980,#981,#982,#983));
#213=EDGE_LOOP('',(#984,#985,#986,#987));
#214=EDGE_LOOP('',(#988,#989,#990,#991));
#215=EDGE_LOOP('',(#992,#993,#994,#995));
#216=EDGE_LOOP('',(#996,#997,#998,#999));
#217=EDGE_LOOP('',(#1000,#1001,#1002,#1003));
#218=EDGE_LOOP('',(#1004,#1005,#1006,#1007));
#219=EDGE_LOOP('',(#1008,#1009,#1010,#1011));
#220=EDGE_LOOP('',(#1012,#1013,#1014,#1015));
#221=EDGE_LOOP('',(#1016,#1017,#1018,#1019));
#222=EDGE_LOOP('',(#1020,#1021,#1022,#1023));
#223=EDGE_LOOP('',(#1024,#1025,#1026,#1027));
#224=EDGE_LOOP('',(#1028,#1029,#1030,#1031));
#225=EDGE_LOOP('',(#1032,#1033,#1034,#1035));
#226=EDGE_LOOP('',(#1036,#1037,#1038,#1039));
#227=EDGE_LOOP('',(#1040,#1041,#1042,#1043));
#228=EDGE_LOOP('',(#1044,#1045,#1046,#1047));
#229=EDGE_LOOP('',(#1048,#1049,#1050,#1051));
#230=EDGE_LOOP('',(#1052,#1053,#1054,#1055));
#231=EDGE_LOOP('',(#1056,#1057,#1058,#1059));
#232=EDGE_LOOP('',(#1060,#1061,#1062,#1063));
#233=EDGE_LOOP('',(#1064,#1065,#1066,#1067));
#234=EDGE_LOOP('',(#1068,#1069,#1070,#1071));
#235=EDGE_LOOP('',(#1072,#1073,#1074,#1075));
#236=EDGE_LOOP('',(#1076,#1077,#1078,#1079));
#237=EDGE_LOOP('',(#1080,#1081,#1082,#1083));
#238=EDGE_LOOP('',(#1084,#1085,#1086,#1087));
#239=EDGE_LOOP('',(#1088,#1089,#1090,#1091,#1092,#1093,#1094,#1095,#1096,
#1097,#1098,#1099,#1100,#1101,#1102,#1103,#1104,#1105,#1106,#1107,#1108,
#1109,#1110,#1111,#1112,#1113,#1114,#1115,#1116,#1117,#1118,#1119,#1120,
#1121,#1122,#1123,#1124,#1125,#1126,#1127,#1128,#1129,#1130,#1131,#1132,
#1133,#1134,#1135,#1136,#1137,#1138,#1139,#1140,#1141,#1142,#1143,#1144,
#1145,#1146,#1147,#1148,#1149,#1150,#1151));
#240=EDGE_LOOP('',(#1152,#1153,#1154,#1155));
#241=EDGE_LOOP('',(#1156,#1157,#1158,#1159));
#242=EDGE_LOOP('',(#1160,#1161,#1162,#1163));
#243=EDGE_LOOP('',(#1164,#1165,#1166,#1167));
#244=EDGE_LOOP('',(#1168,#1169,#1170,#1171));
#245=EDGE_LOOP('',(#1172,#1173,#1174,#1175));
#246=EDGE_LOOP('',(#1176,#1177,#1178,#1179));
#247=EDGE_LOOP('',(#1180,#1181,#1182,#1183));
#248=EDGE_LOOP('',(#1184,#1185,#1186,#1187));
#249=EDGE_LOOP('',(#1188,#1189,#1190,#1191));
#250=EDGE_LOOP('',(#1192,#1193,#1194,#1195));
#251=EDGE_LOOP('',(#1196,#1197,#1198,#1199));
#252=LINE('',#1820,#374);
#253=LINE('',#1822,#375);
#254=LINE('',#1824,#376);
#255=LINE('',#1825,#377);
#256=LINE('',#1829,#378);
#257=LINE('',#1831,#379);
#258=LINE('',#1833,#380);
#259=LINE('',#1834,#381);
#260=LINE('',#1837,#382);
#261=LINE('',#1839,#383);
#262=LINE('',#1840,#384);
#263=LINE('',#1846,#385);
#264=LINE('',#1849,#386);
#265=LINE('',#1851,#387);
#266=LINE('',#1852,#388);
#267=LINE('',#1856,#389);
#268=LINE('',#1858,#390);
#269=LINE('',#1860,#391);
#270=LINE('',#1861,#392);
#271=LINE('',#1867,#393);
#272=LINE('',#1921,#394);
#273=LINE('',#1957,#395);
#274=LINE('',#1961,#396);
#275=LINE('',#1963,#397);
#276=LINE('',#1964,#398);
#277=LINE('',#1969,#399);
#278=LINE('',#1973,#400);
#279=LINE('',#1975,#401);
#280=LINE('',#1976,#402);
#281=LINE('',#1981,#403);
#282=LINE('',#1988,#404);
#283=LINE('',#1991,#405);
#284=LINE('',#1993,#406);
#285=LINE('',#1994,#407);
#286=LINE('',#2000,#408);
#287=LINE('',#2006,#409);
#288=LINE('',#2009,#410);
#289=LINE('',#2011,#411);
#290=LINE('',#2012,#412);
#291=LINE('',#2017,#413);
#292=LINE('',#2018,#414);
#293=LINE('',#2023,#415);
#294=LINE('',#2027,#416);
#295=LINE('',#2031,#417);
#296=LINE('',#2035,#418);
#297=LINE('',#2039,#419);
#298=LINE('',#2043,#420);
#299=LINE('',#2047,#421);
#300=LINE('',#2051,#422);
#301=LINE('',#2053,#423);
#302=LINE('',#2057,#424);
#303=LINE('',#2093,#425);
#304=LINE('',#2129,#426);
#305=LINE('',#2133,#427);
#306=LINE('',#2137,#428);
#307=LINE('',#2139,#429);
#308=LINE('',#2143,#430);
#309=LINE('',#2147,#431);
#310=LINE('',#2149,#432);
#311=LINE('',#2153,#433);
#312=LINE('',#2157,#434);
#313=LINE('',#2159,#435);
#314=LINE('',#2160,#436);
#315=LINE('',#2163,#437);
#316=LINE('',#2167,#438);
#317=LINE('',#2168,#439);
#318=LINE('',#2171,#440);
#319=LINE('',#2172,#441);
#320=LINE('',#2175,#442);
#321=LINE('',#2179,#443);
#322=LINE('',#2180,#444);
#323=LINE('',#2183,#445);
#324=LINE('',#2187,#446);
#325=LINE('',#2188,#447);
#326=LINE('',#2191,#448);
#327=LINE('',#2195,#449);
#328=LINE('',#2196,#450);
#329=LINE('',#2199,#451);
#330=LINE('',#2203,#452);
#331=LINE('',#2204,#453);
#332=LINE('',#2207,#454);
#333=LINE('',#2211,#455);
#334=LINE('',#2212,#456);
#335=LINE('',#2215,#457);
#336=LINE('',#2219,#458);
#337=LINE('',#2220,#459);
#338=LINE('',#2223,#460);
#339=LINE('',#2227,#461);
#340=LINE('',#2228,#462);
#341=LINE('',#2233,#463);
#342=LINE('',#2237,#464);
#343=LINE('',#2238,#465);
#344=LINE('',#2241,#466);
#345=LINE('',#2245,#467);
#346=LINE('',#2246,#468);
#347=LINE('',#2249,#469);
#348=LINE('',#2250,#470);
#349=LINE('',#2253,#471);
#350=LINE('',#2257,#472);
#351=LINE('',#2258,#473);
#352=LINE('',#2261,#474);
#353=LINE('',#2265,#475);
#354=LINE('',#2266,#476);
#355=LINE('',#2269,#477);
#356=LINE('',#2270,#478);
#357=LINE('',#2273,#479);
#358=LINE('',#2277,#480);
#359=LINE('',#2278,#481);
#360=LINE('',#2281,#482);
#361=LINE('',#2285,#483);
#362=LINE('',#2321,#484);
#363=LINE('',#2356,#485);
#364=LINE('',#2358,#486);
#365=LINE('',#2359,#487);
#366=LINE('',#2361,#488);
#367=LINE('',#2363,#489);
#368=LINE('',#2364,#490);
#369=LINE('',#2366,#491);
#370=LINE('',#2368,#492);
#371=LINE('',#2370,#493);
#372=LINE('',#2392,#494);
#373=LINE('',#2414,#495);
#374=VECTOR('',#1442,0.393700787401575);
#375=VECTOR('',#1443,0.393700787401575);
#376=VECTOR('',#1444,0.393700787401575);
#377=VECTOR('',#1445,0.393700787401575);
#378=VECTOR('',#1448,0.393700787401575);
#379=VECTOR('',#1449,0.393700787401575);
#380=VECTOR('',#1450,0.393700787401575);
#381=VECTOR('',#1451,0.393700787401575);
#382=VECTOR('',#1454,0.393700787401575);
#383=VECTOR('',#1455,0.393700787401575);
#384=VECTOR('',#1456,0.393700787401575);
#385=VECTOR('',#1463,0.393700787401575);
#386=VECTOR('',#1466,0.393700787401575);
#387=VECTOR('',#1467,0.393700787401575);
#388=VECTOR('',#1468,0.393700787401575);
#389=VECTOR('',#1471,0.393700787401575);
#390=VECTOR('',#1472,0.393700787401575);
#391=VECTOR('',#1473,0.393700787401575);
#392=VECTOR('',#1474,0.393700787401575);
#393=VECTOR('',#1481,0.393700787401575);
#394=VECTOR('',#1482,0.393700787401575);
#395=VECTOR('',#1487,0.393700787401575);
#396=VECTOR('',#1492,0.393700787401575);
#397=VECTOR('',#1493,0.125);
#398=VECTOR('',#1494,0.393700787401575);
#399=VECTOR('',#1499,0.393700787401575);
#400=VECTOR('',#1504,0.393700787401575);
#401=VECTOR('',#1505,0.393700787401575);
#402=VECTOR('',#1506,0.393700787401575);
#403=VECTOR('',#1511,0.393700787401575);
#404=VECTOR('',#1520,0.393700787401575);
#405=VECTOR('',#1523,0.393700787401575);
#406=VECTOR('',#1524,0.393700787401575);
#407=VECTOR('',#1525,0.393700787401575);
#408=VECTOR('',#1532,0.393700787401575);
#409=VECTOR('',#1539,0.393700787401575);
#410=VECTOR('',#1542,0.393700787401575);
#411=VECTOR('',#1543,0.393700787401575);
#412=VECTOR('',#1544,0.393700787401575);
#413=VECTOR('',#1553,0.393700787401575);
#414=VECTOR('',#1554,0.393700787401575);
#415=VECTOR('',#1559,0.393700787401575);
#416=VECTOR('',#1562,0.393700787401575);
#417=VECTOR('',#1565,0.393700787401575);
#418=VECTOR('',#1568,0.393700787401575);
#419=VECTOR('',#1571,0.393700787401575);
#420=VECTOR('',#1574,0.393700787401575);
#421=VECTOR('',#1577,0.393700787401575);
#422=VECTOR('',#1580,0.393700787401575);
#423=VECTOR('',#1581,0.393700787401575);
#424=VECTOR('',#1584,0.393700787401575);
#425=VECTOR('',#1593,0.393700787401575);
#426=VECTOR('',#1602,0.393700787401575);
#427=VECTOR('',#1605,0.393700787401575);
#428=VECTOR('',#1608,0.393700787401575);
#429=VECTOR('',#1609,0.393700787401575);
#430=VECTOR('',#1612,0.393700787401575);
#431=VECTOR('',#1615,0.393700787401575);
#432=VECTOR('',#1616,0.393700787401575);
#433=VECTOR('',#1619,0.393700787401575);
#434=VECTOR('',#1624,0.393700787401575);
#435=VECTOR('',#1625,0.393700787401575);
#436=VECTOR('',#1626,0.393700787401575);
#437=VECTOR('',#1629,0.393700787401575);
#438=VECTOR('',#1634,0.393700787401575);
#439=VECTOR('',#1635,0.393700787401575);
#440=VECTOR('',#1638,0.393700787401575);
#441=VECTOR('',#1639,0.393700787401575);
#442=VECTOR('',#1642,0.393700787401575);
#443=VECTOR('',#1647,0.393700787401575);
#444=VECTOR('',#1648,0.393700787401575);
#445=VECTOR('',#1651,0.393700787401575);
#446=VECTOR('',#1656,0.393700787401575);
#447=VECTOR('',#1657,0.393700787401575);
#448=VECTOR('',#1660,0.393700787401575);
#449=VECTOR('',#1665,0.393700787401575);
#450=VECTOR('',#1666,0.393700787401575);
#451=VECTOR('',#1669,0.393700787401575);
#452=VECTOR('',#1674,0.393700787401575);
#453=VECTOR('',#1675,0.393700787401575);
#454=VECTOR('',#1678,0.393700787401575);
#455=VECTOR('',#1683,0.393700787401575);
#456=VECTOR('',#1684,0.393700787401575);
#457=VECTOR('',#1687,0.393700787401575);
#458=VECTOR('',#1692,0.393700787401575);
#459=VECTOR('',#1693,0.393700787401575);
#460=VECTOR('',#1696,0.393700787401575);
#461=VECTOR('',#1701,0.393700787401575);
#462=VECTOR('',#1702,0.393700787401575);
#463=VECTOR('',#1709,0.393700787401575);
#464=VECTOR('',#1714,0.393700787401575);
#465=VECTOR('',#1715,0.393700787401575);
#466=VECTOR('',#1718,0.393700787401575);
#467=VECTOR('',#1723,0.393700787401575);
#468=VECTOR('',#1724,0.393700787401575);
#469=VECTOR('',#1727,0.393700787401575);
#470=VECTOR('',#1728,0.393700787401575);
#471=VECTOR('',#1731,0.393700787401575);
#472=VECTOR('',#1736,0.393700787401575);
#473=VECTOR('',#1737,0.393700787401575);
#474=VECTOR('',#1740,0.393700787401575);
#475=VECTOR('',#1745,0.393700787401575);
#476=VECTOR('',#1746,0.393700787401575);
#477=VECTOR('',#1749,0.393700787401575);
#478=VECTOR('',#1750,0.393700787401575);
#479=VECTOR('',#1753,0.393700787401575);
#480=VECTOR('',#1758,0.393700787401575);
#481=VECTOR('',#1759,0.393700787401575);
#482=VECTOR('',#1762,0.393700787401575);
#483=VECTOR('',#1767,0.393700787401575);
#484=VECTOR('',#1776,0.393700787401575);
#485=VECTOR('',#1787,0.393700787401575);
#486=VECTOR('',#1790,0.393700787401575);
#487=VECTOR('',#1791,0.393700787401575);
#488=VECTOR('',#1794,0.393700787401575);
#489=VECTOR('',#1797,0.393700787401575);
#490=VECTOR('',#1798,0.393700787401575);
#491=VECTOR('',#1801,0.393700787401575);
#492=VECTOR('',#1804,0.393700787401575);
#493=VECTOR('',#1807,0.393700787401575);
#494=VECTOR('',#1810,0.393700787401575);
#495=VECTOR('',#1813,0.393700787401575);
#496=VERTEX_POINT('',#1818);
#497=VERTEX_POINT('',#1819);
#498=VERTEX_POINT('',#1821);
#499=VERTEX_POINT('',#1823);
#500=VERTEX_POINT('',#1827);
#501=VERTEX_POINT('',#1828);
#502=VERTEX_POINT('',#1830);
#503=VERTEX_POINT('',#1832);
#504=VERTEX_POINT('',#1836);
#505=VERTEX_POINT('',#1838);
#506=VERTEX_POINT('',#1842);
#507=VERTEX_POINT('',#1844);
#508=VERTEX_POINT('',#1848);
#509=VERTEX_POINT('',#1850);
#510=VERTEX_POINT('',#1854);
#511=VERTEX_POINT('',#1855);
#512=VERTEX_POINT('',#1857);
#513=VERTEX_POINT('',#1859);
#514=VERTEX_POINT('',#1863);
#515=VERTEX_POINT('',#1865);
#516=VERTEX_POINT('',#1888);
#517=VERTEX_POINT('',#1920);
#518=VERTEX_POINT('',#1954);
#519=VERTEX_POINT('',#1956);
#520=VERTEX_POINT('',#1960);
#521=VERTEX_POINT('',#1962);
#522=VERTEX_POINT('',#1966);
#523=VERTEX_POINT('',#1968);
#524=VERTEX_POINT('',#1972);
#525=VERTEX_POINT('',#1974);
#526=VERTEX_POINT('',#1978);
#527=VERTEX_POINT('',#1980);
#528=VERTEX_POINT('',#1984);
#529=VERTEX_POINT('',#1986);
#530=VERTEX_POINT('',#1990);
#531=VERTEX_POINT('',#1992);
#532=VERTEX_POINT('',#1996);
#533=VERTEX_POINT('',#1998);
#534=VERTEX_POINT('',#2002);
#535=VERTEX_POINT('',#2004);
#536=VERTEX_POINT('',#2008);
#537=VERTEX_POINT('',#2010);
#538=VERTEX_POINT('',#2020);
#539=VERTEX_POINT('',#2022);
#540=VERTEX_POINT('',#2024);
#541=VERTEX_POINT('',#2026);
#542=VERTEX_POINT('',#2028);
#543=VERTEX_POINT('',#2030);
#544=VERTEX_POINT('',#2032);
#545=VERTEX_POINT('',#2034);
#546=VERTEX_POINT('',#2036);
#547=VERTEX_POINT('',#2038);
#548=VERTEX_POINT('',#2040);
#549=VERTEX_POINT('',#2042);
#550=VERTEX_POINT('',#2044);
#551=VERTEX_POINT('',#2046);
#552=VERTEX_POINT('',#2048);
#553=VERTEX_POINT('',#2050);
#554=VERTEX_POINT('',#2052);
#555=VERTEX_POINT('',#2054);
#556=VERTEX_POINT('',#2056);
#557=VERTEX_POINT('',#2058);
#558=VERTEX_POINT('',#2060);
#559=VERTEX_POINT('',#2086);
#560=VERTEX_POINT('',#2088);
#561=VERTEX_POINT('',#2090);
#562=VERTEX_POINT('',#2092);
#563=VERTEX_POINT('',#2094);
#564=VERTEX_POINT('',#2096);
#565=VERTEX_POINT('',#2098);
#566=VERTEX_POINT('',#2100);
#567=VERTEX_POINT('',#2126);
#568=VERTEX_POINT('',#2128);
#569=VERTEX_POINT('',#2130);
#570=VERTEX_POINT('',#2132);
#571=VERTEX_POINT('',#2134);
#572=VERTEX_POINT('',#2136);
#573=VERTEX_POINT('',#2138);
#574=VERTEX_POINT('',#2140);
#575=VERTEX_POINT('',#2142);
#576=VERTEX_POINT('',#2144);
#577=VERTEX_POINT('',#2146);
#578=VERTEX_POINT('',#2148);
#579=VERTEX_POINT('',#2150);
#580=VERTEX_POINT('',#2152);
#581=VERTEX_POINT('',#2156);
#582=VERTEX_POINT('',#2158);
#583=VERTEX_POINT('',#2162);
#584=VERTEX_POINT('',#2166);
#585=VERTEX_POINT('',#2170);
#586=VERTEX_POINT('',#2174);
#587=VERTEX_POINT('',#2178);
#588=VERTEX_POINT('',#2182);
#589=VERTEX_POINT('',#2186);
#590=VERTEX_POINT('',#2190);
#591=VERTEX_POINT('',#2194);
#592=VERTEX_POINT('',#2198);
#593=VERTEX_POINT('',#2202);
#594=VERTEX_POINT('',#2206);
#595=VERTEX_POINT('',#2210);
#596=VERTEX_POINT('',#2214);
#597=VERTEX_POINT('',#2218);
#598=VERTEX_POINT('',#2222);
#599=VERTEX_POINT('',#2226);
#600=VERTEX_POINT('',#2232);
#601=VERTEX_POINT('',#2236);
#602=VERTEX_POINT('',#2240);
#603=VERTEX_POINT('',#2244);
#604=VERTEX_POINT('',#2248);
#605=VERTEX_POINT('',#2252);
#606=VERTEX_POINT('',#2256);
#607=VERTEX_POINT('',#2260);
#608=VERTEX_POINT('',#2264);
#609=VERTEX_POINT('',#2268);
#610=VERTEX_POINT('',#2272);
#611=VERTEX_POINT('',#2276);
#612=VERTEX_POINT('',#2280);
#613=VERTEX_POINT('',#2284);
#614=VERTEX_POINT('',#2286);
#615=VERTEX_POINT('',#2288);
#616=VERTEX_POINT('',#2314);
#617=VERTEX_POINT('',#2316);
#618=VERTEX_POINT('',#2318);
#619=VERTEX_POINT('',#2320);
#620=VERTEX_POINT('',#2322);
#621=VERTEX_POINT('',#2324);
#622=VERTEX_POINT('',#2326);
#623=VERTEX_POINT('',#2328);
#624=EDGE_CURVE('',#496,#497,#252,.T.);
#625=EDGE_CURVE('',#497,#498,#253,.T.);
#626=EDGE_CURVE('',#498,#499,#254,.T.);
#627=EDGE_CURVE('',#496,#499,#255,.T.);
#628=EDGE_CURVE('',#500,#501,#256,.T.);
#629=EDGE_CURVE('',#502,#501,#257,.T.);
#630=EDGE_CURVE('',#503,#502,#258,.T.);
#631=EDGE_CURVE('',#503,#500,#259,.T.);
#632=EDGE_CURVE('',#504,#498,#260,.T.);
#633=EDGE_CURVE('',#505,#504,#261,.T.);
#634=EDGE_CURVE('',#499,#505,#262,.T.);
#635=EDGE_CURVE('',#506,#497,#24,.T.);
#636=EDGE_CURVE('',#496,#507,#25,.T.);
#637=EDGE_CURVE('',#507,#506,#263,.T.);
#638=EDGE_CURVE('',#508,#506,#264,.T.);
#639=EDGE_CURVE('',#507,#509,#265,.T.);
#640=EDGE_CURVE('',#509,#508,#266,.T.);
#641=EDGE_CURVE('',#510,#511,#267,.T.);
#642=EDGE_CURVE('',#511,#512,#268,.T.);
#643=EDGE_CURVE('',#512,#513,#269,.T.);
#644=EDGE_CURVE('',#510,#513,#270,.T.);
#645=EDGE_CURVE('',#514,#510,#26,.T.);
#646=EDGE_CURVE('',#513,#515,#27,.T.);
#647=EDGE_CURVE('',#515,#514,#271,.T.);
#648=EDGE_CURVE('',#511,#516,#15,.T.);
#649=EDGE_CURVE('',#517,#516,#272,.T.);
#650=EDGE_CURVE('',#517,#512,#16,.T.);
#651=EDGE_CURVE('',#516,#518,#28,.T.);
#652=EDGE_CURVE('',#518,#519,#273,.T.);
#653=EDGE_CURVE('',#519,#517,#29,.T.);
#654=EDGE_CURVE('',#518,#520,#274,.T.);
#655=EDGE_CURVE('',#521,#520,#275,.T.);
#656=EDGE_CURVE('',#521,#519,#276,.T.);
#657=EDGE_CURVE('',#520,#522,#30,.T.);
#658=EDGE_CURVE('',#523,#522,#277,.T.);
#659=EDGE_CURVE('',#523,#521,#31,.T.);
#660=EDGE_CURVE('',#522,#524,#278,.T.);
#661=EDGE_CURVE('',#525,#524,#279,.T.);
#662=EDGE_CURVE('',#525,#523,#280,.T.);
#663=EDGE_CURVE('',#524,#526,#32,.T.);
#664=EDGE_CURVE('',#527,#526,#281,.T.);
#665=EDGE_CURVE('',#527,#525,#33,.T.);
#666=EDGE_CURVE('',#528,#508,#34,.T.);
#667=EDGE_CURVE('',#509,#529,#35,.T.);
#668=EDGE_CURVE('',#529,#528,#282,.T.);
#669=EDGE_CURVE('',#530,#528,#283,.T.);
#670=EDGE_CURVE('',#529,#531,#284,.T.);
#671=EDGE_CURVE('',#531,#530,#285,.T.);
#672=EDGE_CURVE('',#532,#530,#36,.T.);
#673=EDGE_CURVE('',#531,#533,#37,.T.);
#674=EDGE_CURVE('',#533,#532,#286,.T.);
#675=EDGE_CURVE('',#534,#532,#38,.T.);
#676=EDGE_CURVE('',#533,#535,#39,.T.);
#677=EDGE_CURVE('',#535,#534,#287,.T.);
#678=EDGE_CURVE('',#536,#534,#288,.T.);
#679=EDGE_CURVE('',#535,#537,#289,.T.);
#680=EDGE_CURVE('',#537,#536,#290,.T.);
#681=EDGE_CURVE('',#526,#536,#40,.T.);
#682=EDGE_CURVE('',#537,#527,#41,.T.);
#683=EDGE_CURVE('',#501,#514,#291,.T.);
#684=EDGE_CURVE('',#502,#515,#292,.T.);
#685=EDGE_CURVE('',#538,#500,#42,.T.);
#686=EDGE_CURVE('',#539,#538,#293,.T.);
#687=EDGE_CURVE('',#540,#539,#43,.T.);
#688=EDGE_CURVE('',#541,#540,#294,.T.);
#689=EDGE_CURVE('',#542,#541,#44,.T.);
#690=EDGE_CURVE('',#543,#542,#295,.T.);
#691=EDGE_CURVE('',#544,#543,#45,.T.);
#692=EDGE_CURVE('',#545,#544,#296,.T.);
#693=EDGE_CURVE('',#546,#545,#46,.T.);
#694=EDGE_CURVE('',#547,#546,#297,.T.);
#695=EDGE_CURVE('',#548,#547,#47,.T.);
#696=EDGE_CURVE('',#549,#548,#298,.T.);
#697=EDGE_CURVE('',#550,#549,#48,.T.);
#698=EDGE_CURVE('',#551,#550,#299,.T.);
#699=EDGE_CURVE('',#552,#551,#49,.T.);
#700=EDGE_CURVE('',#553,#552,#300,.T.);
#701=EDGE_CURVE('',#554,#553,#301,.T.);
#702=EDGE_CURVE('',#555,#554,#50,.T.);
#703=EDGE_CURVE('',#556,#555,#302,.T.);
#704=EDGE_CURVE('',#557,#556,#51,.T.);
#705=EDGE_CURVE('',#558,#557,#17,.T.);
#706=EDGE_CURVE('',#559,#558,#52,.T.);
#707=EDGE_CURVE('',#560,#559,#53,.T.);
#708=EDGE_CURVE('',#561,#560,#54,.T.);
#709=EDGE_CURVE('',#562,#561,#303,.T.);
#710=EDGE_CURVE('',#563,#562,#55,.T.);
#711=EDGE_CURVE('',#564,#563,#56,.T.);
#712=EDGE_CURVE('',#565,#564,#57,.T.);
#713=EDGE_CURVE('',#566,#565,#18,.T.);
#714=EDGE_CURVE('',#567,#566,#58,.T.);
#715=EDGE_CURVE('',#568,#567,#304,.T.);
#716=EDGE_CURVE('',#569,#568,#59,.T.);
#717=EDGE_CURVE('',#570,#569,#305,.T.);
#718=EDGE_CURVE('',#571,#570,#60,.T.);
#719=EDGE_CURVE('',#572,#571,#306,.T.);
#720=EDGE_CURVE('',#573,#572,#307,.T.);
#721=EDGE_CURVE('',#574,#573,#61,.T.);
#722=EDGE_CURVE('',#575,#574,#308,.T.);
#723=EDGE_CURVE('',#576,#575,#62,.T.);
#724=EDGE_CURVE('',#577,#576,#309,.T.);
#725=EDGE_CURVE('',#578,#577,#310,.T.);
#726=EDGE_CURVE('',#579,#578,#63,.T.);
#727=EDGE_CURVE('',#580,#579,#311,.T.);
#728=EDGE_CURVE('',#504,#580,#64,.T.);
#729=EDGE_CURVE('',#581,#555,#312,.T.);
#730=EDGE_CURVE('',#582,#581,#313,.T.);
#731=EDGE_CURVE('',#556,#582,#314,.T.);
#732=EDGE_CURVE('',#554,#583,#315,.T.);
#733=EDGE_CURVE('',#583,#581,#65,.T.);
#734=EDGE_CURVE('',#553,#584,#316,.T.);
#735=EDGE_CURVE('',#583,#584,#317,.T.);
#736=EDGE_CURVE('',#585,#552,#318,.T.);
#737=EDGE_CURVE('',#585,#584,#319,.T.);
#738=EDGE_CURVE('',#586,#551,#320,.T.);
#739=EDGE_CURVE('',#585,#586,#66,.T.);
#740=EDGE_CURVE('',#587,#550,#321,.T.);
#741=EDGE_CURVE('',#586,#587,#322,.T.);
#742=EDGE_CURVE('',#588,#549,#323,.T.);
#743=EDGE_CURVE('',#588,#587,#67,.T.);
#744=EDGE_CURVE('',#589,#548,#324,.T.);
#745=EDGE_CURVE('',#588,#589,#325,.T.);
#746=EDGE_CURVE('',#590,#547,#326,.T.);
#747=EDGE_CURVE('',#590,#589,#68,.T.);
#748=EDGE_CURVE('',#591,#546,#327,.T.);
#749=EDGE_CURVE('',#591,#590,#328,.T.);
#750=EDGE_CURVE('',#592,#545,#329,.T.);
#751=EDGE_CURVE('',#591,#592,#69,.T.);
#752=EDGE_CURVE('',#593,#544,#330,.T.);
#753=EDGE_CURVE('',#593,#592,#331,.T.);
#754=EDGE_CURVE('',#594,#543,#332,.T.);
#755=EDGE_CURVE('',#593,#594,#70,.T.);
#756=EDGE_CURVE('',#595,#542,#333,.T.);
#757=EDGE_CURVE('',#595,#594,#334,.T.);
#758=EDGE_CURVE('',#596,#541,#335,.T.);
#759=EDGE_CURVE('',#596,#595,#71,.T.);
#760=EDGE_CURVE('',#597,#540,#336,.T.);
#761=EDGE_CURVE('',#596,#597,#337,.T.);
#762=EDGE_CURVE('',#598,#539,#338,.T.);
#763=EDGE_CURVE('',#598,#597,#72,.T.);
#764=EDGE_CURVE('',#599,#538,#339,.T.);
#765=EDGE_CURVE('',#599,#598,#340,.T.);
#766=EDGE_CURVE('',#599,#503,#73,.T.);
#767=EDGE_CURVE('',#600,#580,#341,.T.);
#768=EDGE_CURVE('',#600,#505,#74,.T.);
#769=EDGE_CURVE('',#601,#579,#342,.T.);
#770=EDGE_CURVE('',#600,#601,#343,.T.);
#771=EDGE_CURVE('',#602,#578,#344,.T.);
#772=EDGE_CURVE('',#601,#602,#75,.T.);
#773=EDGE_CURVE('',#603,#577,#345,.T.);
#774=EDGE_CURVE('',#603,#602,#346,.T.);
#775=EDGE_CURVE('',#604,#576,#347,.T.);
#776=EDGE_CURVE('',#603,#604,#348,.T.);
#777=EDGE_CURVE('',#605,#575,#349,.T.);
#778=EDGE_CURVE('',#605,#604,#76,.T.);
#779=EDGE_CURVE('',#606,#574,#350,.T.);
#780=EDGE_CURVE('',#605,#606,#351,.T.);
#781=EDGE_CURVE('',#607,#573,#352,.T.);
#782=EDGE_CURVE('',#607,#606,#77,.T.);
#783=EDGE_CURVE('',#608,#572,#353,.T.);
#784=EDGE_CURVE('',#607,#608,#354,.T.);
#785=EDGE_CURVE('',#609,#571,#355,.T.);
#786=EDGE_CURVE('',#609,#608,#356,.T.);
#787=EDGE_CURVE('',#610,#570,#357,.T.);
#788=EDGE_CURVE('',#609,#610,#78,.T.);
#789=EDGE_CURVE('',#611,#569,#358,.T.);
#790=EDGE_CURVE('',#611,#610,#359,.T.);
#791=EDGE_CURVE('',#612,#568,#360,.T.);
#792=EDGE_CURVE('',#612,#611,#79,.T.);
#793=EDGE_CURVE('',#612,#613,#361,.T.);
#794=EDGE_CURVE('',#613,#614,#80,.T.);
#795=EDGE_CURVE('',#614,#615,#19,.T.);
#796=EDGE_CURVE('',#616,#615,#81,.T.);
#797=EDGE_CURVE('',#617,#616,#82,.T.);
#798=EDGE_CURVE('',#618,#617,#83,.T.);
#799=EDGE_CURVE('',#619,#618,#362,.T.);
#800=EDGE_CURVE('',#620,#619,#84,.T.);
#801=EDGE_CURVE('',#621,#620,#85,.T.);
#802=EDGE_CURVE('',#622,#621,#86,.T.);
#803=EDGE_CURVE('',#622,#623,#20,.T.);
#804=EDGE_CURVE('',#623,#582,#87,.T.);
#805=EDGE_CURVE('',#613,#567,#363,.T.);
#806=EDGE_CURVE('',#621,#559,#364,.T.);
#807=EDGE_CURVE('',#560,#620,#365,.T.);
#808=EDGE_CURVE('',#558,#622,#366,.T.);
#809=EDGE_CURVE('',#564,#616,#367,.T.);
#810=EDGE_CURVE('',#615,#565,#368,.T.);
#811=EDGE_CURVE('',#617,#563,#369,.T.);
#812=EDGE_CURVE('',#618,#562,#370,.T.);
#813=EDGE_CURVE('',#619,#561,#371,.T.);
#814=EDGE_CURVE('',#566,#614,#372,.T.);
#815=EDGE_CURVE('',#557,#623,#373,.T.);
#816=ORIENTED_EDGE('',*,*,#624,.T.);
#817=ORIENTED_EDGE('',*,*,#625,.T.);
#818=ORIENTED_EDGE('',*,*,#626,.T.);
#819=ORIENTED_EDGE('',*,*,#627,.F.);
#820=ORIENTED_EDGE('',*,*,#628,.T.);
#821=ORIENTED_EDGE('',*,*,#629,.F.);
#822=ORIENTED_EDGE('',*,*,#630,.F.);
#823=ORIENTED_EDGE('',*,*,#631,.T.);
#824=ORIENTED_EDGE('',*,*,#632,.F.);
#825=ORIENTED_EDGE('',*,*,#633,.F.);
#826=ORIENTED_EDGE('',*,*,#634,.F.);
#827=ORIENTED_EDGE('',*,*,#626,.F.);
#828=ORIENTED_EDGE('',*,*,#635,.T.);
#829=ORIENTED_EDGE('',*,*,#624,.F.);
#830=ORIENTED_EDGE('',*,*,#636,.T.);
#831=ORIENTED_EDGE('',*,*,#637,.T.);
#832=ORIENTED_EDGE('',*,*,#638,.T.);
#833=ORIENTED_EDGE('',*,*,#637,.F.);
#834=ORIENTED_EDGE('',*,*,#639,.T.);
#835=ORIENTED_EDGE('',*,*,#640,.T.);
#836=ORIENTED_EDGE('',*,*,#641,.T.);
#837=ORIENTED_EDGE('',*,*,#642,.T.);
#838=ORIENTED_EDGE('',*,*,#643,.T.);
#839=ORIENTED_EDGE('',*,*,#644,.F.);
#840=ORIENTED_EDGE('',*,*,#645,.T.);
#841=ORIENTED_EDGE('',*,*,#644,.T.);
#842=ORIENTED_EDGE('',*,*,#646,.T.);
#843=ORIENTED_EDGE('',*,*,#647,.T.);
#844=ORIENTED_EDGE('',*,*,#648,.T.);
#845=ORIENTED_EDGE('',*,*,#649,.F.);
#846=ORIENTED_EDGE('',*,*,#650,.T.);
#847=ORIENTED_EDGE('',*,*,#642,.F.);
#848=ORIENTED_EDGE('',*,*,#651,.T.);
#849=ORIENTED_EDGE('',*,*,#652,.T.);
#850=ORIENTED_EDGE('',*,*,#653,.T.);
#851=ORIENTED_EDGE('',*,*,#649,.T.);
#852=ORIENTED_EDGE('',*,*,#654,.T.);
#853=ORIENTED_EDGE('',*,*,#655,.F.);
#854=ORIENTED_EDGE('',*,*,#656,.T.);
#855=ORIENTED_EDGE('',*,*,#652,.F.);
#856=ORIENTED_EDGE('',*,*,#657,.T.);
#857=ORIENTED_EDGE('',*,*,#658,.F.);
#858=ORIENTED_EDGE('',*,*,#659,.T.);
#859=ORIENTED_EDGE('',*,*,#655,.T.);
#860=ORIENTED_EDGE('',*,*,#660,.T.);
#861=ORIENTED_EDGE('',*,*,#661,.F.);
#862=ORIENTED_EDGE('',*,*,#662,.T.);
#863=ORIENTED_EDGE('',*,*,#658,.T.);
#864=ORIENTED_EDGE('',*,*,#663,.T.);
#865=ORIENTED_EDGE('',*,*,#664,.F.);
#866=ORIENTED_EDGE('',*,*,#665,.T.);
#867=ORIENTED_EDGE('',*,*,#661,.T.);
#868=ORIENTED_EDGE('',*,*,#666,.T.);
#869=ORIENTED_EDGE('',*,*,#640,.F.);
#870=ORIENTED_EDGE('',*,*,#667,.T.);
#871=ORIENTED_EDGE('',*,*,#668,.T.);
#872=ORIENTED_EDGE('',*,*,#669,.T.);
#873=ORIENTED_EDGE('',*,*,#668,.F.);
#874=ORIENTED_EDGE('',*,*,#670,.T.);
#875=ORIENTED_EDGE('',*,*,#671,.T.);
#876=ORIENTED_EDGE('',*,*,#672,.T.);
#877=ORIENTED_EDGE('',*,*,#671,.F.);
#878=ORIENTED_EDGE('',*,*,#673,.T.);
#879=ORIENTED_EDGE('',*,*,#674,.T.);
#880=ORIENTED_EDGE('',*,*,#675,.T.);
#881=ORIENTED_EDGE('',*,*,#674,.F.);
#882=ORIENTED_EDGE('',*,*,#676,.T.);
#883=ORIENTED_EDGE('',*,*,#677,.T.);
#884=ORIENTED_EDGE('',*,*,#678,.T.);
#885=ORIENTED_EDGE('',*,*,#677,.F.);
#886=ORIENTED_EDGE('',*,*,#679,.T.);
#887=ORIENTED_EDGE('',*,*,#680,.T.);
#888=ORIENTED_EDGE('',*,*,#681,.T.);
#889=ORIENTED_EDGE('',*,*,#680,.F.);
#890=ORIENTED_EDGE('',*,*,#682,.T.);
#891=ORIENTED_EDGE('',*,*,#664,.T.);
#892=ORIENTED_EDGE('',*,*,#629,.T.);
#893=ORIENTED_EDGE('',*,*,#683,.T.);
#894=ORIENTED_EDGE('',*,*,#647,.F.);
#895=ORIENTED_EDGE('',*,*,#684,.F.);
#896=ORIENTED_EDGE('',*,*,#632,.T.);
#897=ORIENTED_EDGE('',*,*,#625,.F.);
#898=ORIENTED_EDGE('',*,*,#635,.F.);
#899=ORIENTED_EDGE('',*,*,#638,.F.);
#900=ORIENTED_EDGE('',*,*,#666,.F.);
#901=ORIENTED_EDGE('',*,*,#669,.F.);
#902=ORIENTED_EDGE('',*,*,#672,.F.);
#903=ORIENTED_EDGE('',*,*,#675,.F.);
#904=ORIENTED_EDGE('',*,*,#678,.F.);
#905=ORIENTED_EDGE('',*,*,#681,.F.);
#906=ORIENTED_EDGE('',*,*,#663,.F.);
#907=ORIENTED_EDGE('',*,*,#660,.F.);
#908=ORIENTED_EDGE('',*,*,#657,.F.);
#909=ORIENTED_EDGE('',*,*,#654,.F.);
#910=ORIENTED_EDGE('',*,*,#651,.F.);
#911=ORIENTED_EDGE('',*,*,#648,.F.);
#912=ORIENTED_EDGE('',*,*,#641,.F.);
#913=ORIENTED_EDGE('',*,*,#645,.F.);
#914=ORIENTED_EDGE('',*,*,#683,.F.);
#915=ORIENTED_EDGE('',*,*,#628,.F.);
#916=ORIENTED_EDGE('',*,*,#685,.F.);
#917=ORIENTED_EDGE('',*,*,#686,.F.);
#918=ORIENTED_EDGE('',*,*,#687,.F.);
#919=ORIENTED_EDGE('',*,*,#688,.F.);
#920=ORIENTED_EDGE('',*,*,#689,.F.);
#921=ORIENTED_EDGE('',*,*,#690,.F.);
#922=ORIENTED_EDGE('',*,*,#691,.F.);
#923=ORIENTED_EDGE('',*,*,#692,.F.);
#924=ORIENTED_EDGE('',*,*,#693,.F.);
#925=ORIENTED_EDGE('',*,*,#694,.F.);
#926=ORIENTED_EDGE('',*,*,#695,.F.);
#927=ORIENTED_EDGE('',*,*,#696,.F.);
#928=ORIENTED_EDGE('',*,*,#697,.F.);
#929=ORIENTED_EDGE('',*,*,#698,.F.);
#930=ORIENTED_EDGE('',*,*,#699,.F.);
#931=ORIENTED_EDGE('',*,*,#700,.F.);
#932=ORIENTED_EDGE('',*,*,#701,.F.);
#933=ORIENTED_EDGE('',*,*,#702,.F.);
#934=ORIENTED_EDGE('',*,*,#703,.F.);
#935=ORIENTED_EDGE('',*,*,#704,.F.);
#936=ORIENTED_EDGE('',*,*,#705,.F.);
#937=ORIENTED_EDGE('',*,*,#706,.F.);
#938=ORIENTED_EDGE('',*,*,#707,.F.);
#939=ORIENTED_EDGE('',*,*,#708,.F.);
#940=ORIENTED_EDGE('',*,*,#709,.F.);
#941=ORIENTED_EDGE('',*,*,#710,.F.);
#942=ORIENTED_EDGE('',*,*,#711,.F.);
#943=ORIENTED_EDGE('',*,*,#712,.F.);
#944=ORIENTED_EDGE('',*,*,#713,.F.);
#945=ORIENTED_EDGE('',*,*,#714,.F.);
#946=ORIENTED_EDGE('',*,*,#715,.F.);
#947=ORIENTED_EDGE('',*,*,#716,.F.);
#948=ORIENTED_EDGE('',*,*,#717,.F.);
#949=ORIENTED_EDGE('',*,*,#718,.F.);
#950=ORIENTED_EDGE('',*,*,#719,.F.);
#951=ORIENTED_EDGE('',*,*,#720,.F.);
#952=ORIENTED_EDGE('',*,*,#721,.F.);
#953=ORIENTED_EDGE('',*,*,#722,.F.);
#954=ORIENTED_EDGE('',*,*,#723,.F.);
#955=ORIENTED_EDGE('',*,*,#724,.F.);
#956=ORIENTED_EDGE('',*,*,#725,.F.);
#957=ORIENTED_EDGE('',*,*,#726,.F.);
#958=ORIENTED_EDGE('',*,*,#727,.F.);
#959=ORIENTED_EDGE('',*,*,#728,.F.);
#960=ORIENTED_EDGE('',*,*,#703,.T.);
#961=ORIENTED_EDGE('',*,*,#729,.F.);
#962=ORIENTED_EDGE('',*,*,#730,.F.);
#963=ORIENTED_EDGE('',*,*,#731,.F.);
#964=ORIENTED_EDGE('',*,*,#702,.T.);
#965=ORIENTED_EDGE('',*,*,#732,.T.);
#966=ORIENTED_EDGE('',*,*,#733,.T.);
#967=ORIENTED_EDGE('',*,*,#729,.T.);
#968=ORIENTED_EDGE('',*,*,#701,.T.);
#969=ORIENTED_EDGE('',*,*,#734,.T.);
#970=ORIENTED_EDGE('',*,*,#735,.F.);
#971=ORIENTED_EDGE('',*,*,#732,.F.);
#972=ORIENTED_EDGE('',*,*,#700,.T.);
#973=ORIENTED_EDGE('',*,*,#736,.F.);
#974=ORIENTED_EDGE('',*,*,#737,.T.);
#975=ORIENTED_EDGE('',*,*,#734,.F.);
#976=ORIENTED_EDGE('',*,*,#699,.T.);
#977=ORIENTED_EDGE('',*,*,#738,.F.);
#978=ORIENTED_EDGE('',*,*,#739,.F.);
#979=ORIENTED_EDGE('',*,*,#736,.T.);
#980=ORIENTED_EDGE('',*,*,#698,.T.);
#981=ORIENTED_EDGE('',*,*,#740,.F.);
#982=ORIENTED_EDGE('',*,*,#741,.F.);
#983=ORIENTED_EDGE('',*,*,#738,.T.);
#984=ORIENTED_EDGE('',*,*,#697,.T.);
#985=ORIENTED_EDGE('',*,*,#742,.F.);
#986=ORIENTED_EDGE('',*,*,#743,.T.);
#987=ORIENTED_EDGE('',*,*,#740,.T.);
#988=ORIENTED_EDGE('',*,*,#696,.T.);
#989=ORIENTED_EDGE('',*,*,#744,.F.);
#990=ORIENTED_EDGE('',*,*,#745,.F.);
#991=ORIENTED_EDGE('',*,*,#742,.T.);
#992=ORIENTED_EDGE('',*,*,#695,.T.);
#993=ORIENTED_EDGE('',*,*,#746,.F.);
#994=ORIENTED_EDGE('',*,*,#747,.T.);
#995=ORIENTED_EDGE('',*,*,#744,.T.);
#996=ORIENTED_EDGE('',*,*,#694,.T.);
#997=ORIENTED_EDGE('',*,*,#748,.F.);
#998=ORIENTED_EDGE('',*,*,#749,.T.);
#999=ORIENTED_EDGE('',*,*,#746,.T.);
#1000=ORIENTED_EDGE('',*,*,#693,.T.);
#1001=ORIENTED_EDGE('',*,*,#750,.F.);
#1002=ORIENTED_EDGE('',*,*,#751,.F.);
#1003=ORIENTED_EDGE('',*,*,#748,.T.);
#1004=ORIENTED_EDGE('',*,*,#692,.T.);
#1005=ORIENTED_EDGE('',*,*,#752,.F.);
#1006=ORIENTED_EDGE('',*,*,#753,.T.);
#1007=ORIENTED_EDGE('',*,*,#750,.T.);
#1008=ORIENTED_EDGE('',*,*,#691,.T.);
#1009=ORIENTED_EDGE('',*,*,#754,.F.);
#1010=ORIENTED_EDGE('',*,*,#755,.F.);
#1011=ORIENTED_EDGE('',*,*,#752,.T.);
#1012=ORIENTED_EDGE('',*,*,#690,.T.);
#1013=ORIENTED_EDGE('',*,*,#756,.F.);
#1014=ORIENTED_EDGE('',*,*,#757,.T.);
#1015=ORIENTED_EDGE('',*,*,#754,.T.);
#1016=ORIENTED_EDGE('',*,*,#689,.T.);
#1017=ORIENTED_EDGE('',*,*,#758,.F.);
#1018=ORIENTED_EDGE('',*,*,#759,.T.);
#1019=ORIENTED_EDGE('',*,*,#756,.T.);
#1020=ORIENTED_EDGE('',*,*,#688,.T.);
#1021=ORIENTED_EDGE('',*,*,#760,.F.);
#1022=ORIENTED_EDGE('',*,*,#761,.F.);
#1023=ORIENTED_EDGE('',*,*,#758,.T.);
#1024=ORIENTED_EDGE('',*,*,#687,.T.);
#1025=ORIENTED_EDGE('',*,*,#762,.F.);
#1026=ORIENTED_EDGE('',*,*,#763,.T.);
#1027=ORIENTED_EDGE('',*,*,#760,.T.);
#1028=ORIENTED_EDGE('',*,*,#686,.T.);
#1029=ORIENTED_EDGE('',*,*,#764,.F.);
#1030=ORIENTED_EDGE('',*,*,#765,.T.);
#1031=ORIENTED_EDGE('',*,*,#762,.T.);
#1032=ORIENTED_EDGE('',*,*,#685,.T.);
#1033=ORIENTED_EDGE('',*,*,#631,.F.);
#1034=ORIENTED_EDGE('',*,*,#766,.F.);
#1035=ORIENTED_EDGE('',*,*,#764,.T.);
#1036=ORIENTED_EDGE('',*,*,#728,.T.);
#1037=ORIENTED_EDGE('',*,*,#767,.F.);
#1038=ORIENTED_EDGE('',*,*,#768,.T.);
#1039=ORIENTED_EDGE('',*,*,#633,.T.);
#1040=ORIENTED_EDGE('',*,*,#727,.T.);
#1041=ORIENTED_EDGE('',*,*,#769,.F.);
#1042=ORIENTED_EDGE('',*,*,#770,.F.);
#1043=ORIENTED_EDGE('',*,*,#767,.T.);
#1044=ORIENTED_EDGE('',*,*,#726,.T.);
#1045=ORIENTED_EDGE('',*,*,#771,.F.);
#1046=ORIENTED_EDGE('',*,*,#772,.F.);
#1047=ORIENTED_EDGE('',*,*,#769,.T.);
#1048=ORIENTED_EDGE('',*,*,#725,.T.);
#1049=ORIENTED_EDGE('',*,*,#773,.F.);
#1050=ORIENTED_EDGE('',*,*,#774,.T.);
#1051=ORIENTED_EDGE('',*,*,#771,.T.);
#1052=ORIENTED_EDGE('',*,*,#724,.T.);
#1053=ORIENTED_EDGE('',*,*,#775,.F.);
#1054=ORIENTED_EDGE('',*,*,#776,.F.);
#1055=ORIENTED_EDGE('',*,*,#773,.T.);
#1056=ORIENTED_EDGE('',*,*,#723,.T.);
#1057=ORIENTED_EDGE('',*,*,#777,.F.);
#1058=ORIENTED_EDGE('',*,*,#778,.T.);
#1059=ORIENTED_EDGE('',*,*,#775,.T.);
#1060=ORIENTED_EDGE('',*,*,#722,.T.);
#1061=ORIENTED_EDGE('',*,*,#779,.F.);
#1062=ORIENTED_EDGE('',*,*,#780,.F.);
#1063=ORIENTED_EDGE('',*,*,#777,.T.);
#1064=ORIENTED_EDGE('',*,*,#721,.T.);
#1065=ORIENTED_EDGE('',*,*,#781,.F.);
#1066=ORIENTED_EDGE('',*,*,#782,.T.);
#1067=ORIENTED_EDGE('',*,*,#779,.T.);
#1068=ORIENTED_EDGE('',*,*,#720,.T.);
#1069=ORIENTED_EDGE('',*,*,#783,.F.);
#1070=ORIENTED_EDGE('',*,*,#784,.F.);
#1071=ORIENTED_EDGE('',*,*,#781,.T.);
#1072=ORIENTED_EDGE('',*,*,#719,.T.);
#1073=ORIENTED_EDGE('',*,*,#785,.F.);
#1074=ORIENTED_EDGE('',*,*,#786,.T.);
#1075=ORIENTED_EDGE('',*,*,#783,.T.);
#1076=ORIENTED_EDGE('',*,*,#718,.T.);
#1077=ORIENTED_EDGE('',*,*,#787,.F.);
#1078=ORIENTED_EDGE('',*,*,#788,.F.);
#1079=ORIENTED_EDGE('',*,*,#785,.T.);
#1080=ORIENTED_EDGE('',*,*,#717,.T.);
#1081=ORIENTED_EDGE('',*,*,#789,.F.);
#1082=ORIENTED_EDGE('',*,*,#790,.T.);
#1083=ORIENTED_EDGE('',*,*,#787,.T.);
#1084=ORIENTED_EDGE('',*,*,#716,.T.);
#1085=ORIENTED_EDGE('',*,*,#791,.F.);
#1086=ORIENTED_EDGE('',*,*,#792,.T.);
#1087=ORIENTED_EDGE('',*,*,#789,.T.);
#1088=ORIENTED_EDGE('',*,*,#768,.F.);
#1089=ORIENTED_EDGE('',*,*,#770,.T.);
#1090=ORIENTED_EDGE('',*,*,#772,.T.);
#1091=ORIENTED_EDGE('',*,*,#774,.F.);
#1092=ORIENTED_EDGE('',*,*,#776,.T.);
#1093=ORIENTED_EDGE('',*,*,#778,.F.);
#1094=ORIENTED_EDGE('',*,*,#780,.T.);
#1095=ORIENTED_EDGE('',*,*,#782,.F.);
#1096=ORIENTED_EDGE('',*,*,#784,.T.);
#1097=ORIENTED_EDGE('',*,*,#786,.F.);
#1098=ORIENTED_EDGE('',*,*,#788,.T.);
#1099=ORIENTED_EDGE('',*,*,#790,.F.);
#1100=ORIENTED_EDGE('',*,*,#792,.F.);
#1101=ORIENTED_EDGE('',*,*,#793,.T.);
#1102=ORIENTED_EDGE('',*,*,#794,.T.);
#1103=ORIENTED_EDGE('',*,*,#795,.T.);
#1104=ORIENTED_EDGE('',*,*,#796,.F.);
#1105=ORIENTED_EDGE('',*,*,#797,.F.);
#1106=ORIENTED_EDGE('',*,*,#798,.F.);
#1107=ORIENTED_EDGE('',*,*,#799,.F.);
#1108=ORIENTED_EDGE('',*,*,#800,.F.);
#1109=ORIENTED_EDGE('',*,*,#801,.F.);
#1110=ORIENTED_EDGE('',*,*,#802,.F.);
#1111=ORIENTED_EDGE('',*,*,#803,.T.);
#1112=ORIENTED_EDGE('',*,*,#804,.T.);
#1113=ORIENTED_EDGE('',*,*,#730,.T.);
#1114=ORIENTED_EDGE('',*,*,#733,.F.);
#1115=ORIENTED_EDGE('',*,*,#735,.T.);
#1116=ORIENTED_EDGE('',*,*,#737,.F.);
#1117=ORIENTED_EDGE('',*,*,#739,.T.);
#1118=ORIENTED_EDGE('',*,*,#741,.T.);
#1119=ORIENTED_EDGE('',*,*,#743,.F.);
#1120=ORIENTED_EDGE('',*,*,#745,.T.);
#1121=ORIENTED_EDGE('',*,*,#747,.F.);
#1122=ORIENTED_EDGE('',*,*,#749,.F.);
#1123=ORIENTED_EDGE('',*,*,#751,.T.);
#1124=ORIENTED_EDGE('',*,*,#753,.F.);
#1125=ORIENTED_EDGE('',*,*,#755,.T.);
#1126=ORIENTED_EDGE('',*,*,#757,.F.);
#1127=ORIENTED_EDGE('',*,*,#759,.F.);
#1128=ORIENTED_EDGE('',*,*,#761,.T.);
#1129=ORIENTED_EDGE('',*,*,#763,.F.);
#1130=ORIENTED_EDGE('',*,*,#765,.F.);
#1131=ORIENTED_EDGE('',*,*,#766,.T.);
#1132=ORIENTED_EDGE('',*,*,#630,.T.);
#1133=ORIENTED_EDGE('',*,*,#684,.T.);
#1134=ORIENTED_EDGE('',*,*,#646,.F.);
#1135=ORIENTED_EDGE('',*,*,#643,.F.);
#1136=ORIENTED_EDGE('',*,*,#650,.F.);
#1137=ORIENTED_EDGE('',*,*,#653,.F.);
#1138=ORIENTED_EDGE('',*,*,#656,.F.);
#1139=ORIENTED_EDGE('',*,*,#659,.F.);
#1140=ORIENTED_EDGE('',*,*,#662,.F.);
#1141=ORIENTED_EDGE('',*,*,#665,.F.);
#1142=ORIENTED_EDGE('',*,*,#682,.F.);
#1143=ORIENTED_EDGE('',*,*,#679,.F.);
#1144=ORIENTED_EDGE('',*,*,#676,.F.);
#1145=ORIENTED_EDGE('',*,*,#673,.F.);
#1146=ORIENTED_EDGE('',*,*,#670,.F.);
#1147=ORIENTED_EDGE('',*,*,#667,.F.);
#1148=ORIENTED_EDGE('',*,*,#639,.F.);
#1149=ORIENTED_EDGE('',*,*,#636,.F.);
#1150=ORIENTED_EDGE('',*,*,#627,.T.);
#1151=ORIENTED_EDGE('',*,*,#634,.T.);
#1152=ORIENTED_EDGE('',*,*,#715,.T.);
#1153=ORIENTED_EDGE('',*,*,#805,.F.);
#1154=ORIENTED_EDGE('',*,*,#793,.F.);
#1155=ORIENTED_EDGE('',*,*,#791,.T.);
#1156=ORIENTED_EDGE('',*,*,#707,.T.);
#1157=ORIENTED_EDGE('',*,*,#806,.F.);
#1158=ORIENTED_EDGE('',*,*,#801,.T.);
#1159=ORIENTED_EDGE('',*,*,#807,.F.);
#1160=ORIENTED_EDGE('',*,*,#706,.T.);
#1161=ORIENTED_EDGE('',*,*,#808,.T.);
#1162=ORIENTED_EDGE('',*,*,#802,.T.);
#1163=ORIENTED_EDGE('',*,*,#806,.T.);
#1164=ORIENTED_EDGE('',*,*,#712,.T.);
#1165=ORIENTED_EDGE('',*,*,#809,.T.);
#1166=ORIENTED_EDGE('',*,*,#796,.T.);
#1167=ORIENTED_EDGE('',*,*,#810,.T.);
#1168=ORIENTED_EDGE('',*,*,#711,.T.);
#1169=ORIENTED_EDGE('',*,*,#811,.F.);
#1170=ORIENTED_EDGE('',*,*,#797,.T.);
#1171=ORIENTED_EDGE('',*,*,#809,.F.);
#1172=ORIENTED_EDGE('',*,*,#710,.T.);
#1173=ORIENTED_EDGE('',*,*,#812,.F.);
#1174=ORIENTED_EDGE('',*,*,#798,.T.);
#1175=ORIENTED_EDGE('',*,*,#811,.T.);
#1176=ORIENTED_EDGE('',*,*,#709,.T.);
#1177=ORIENTED_EDGE('',*,*,#813,.F.);
#1178=ORIENTED_EDGE('',*,*,#799,.T.);
#1179=ORIENTED_EDGE('',*,*,#812,.T.);
#1180=ORIENTED_EDGE('',*,*,#708,.T.);
#1181=ORIENTED_EDGE('',*,*,#807,.T.);
#1182=ORIENTED_EDGE('',*,*,#800,.T.);
#1183=ORIENTED_EDGE('',*,*,#813,.T.);
#1184=ORIENTED_EDGE('',*,*,#713,.T.);
#1185=ORIENTED_EDGE('',*,*,#810,.F.);
#1186=ORIENTED_EDGE('',*,*,#795,.F.);
#1187=ORIENTED_EDGE('',*,*,#814,.F.);
#1188=ORIENTED_EDGE('',*,*,#714,.T.);
#1189=ORIENTED_EDGE('',*,*,#814,.T.);
#1190=ORIENTED_EDGE('',*,*,#794,.F.);
#1191=ORIENTED_EDGE('',*,*,#805,.T.);
#1192=ORIENTED_EDGE('',*,*,#705,.T.);
#1193=ORIENTED_EDGE('',*,*,#815,.T.);
#1194=ORIENTED_EDGE('',*,*,#803,.F.);
#1195=ORIENTED_EDGE('',*,*,#808,.F.);
#1196=ORIENTED_EDGE('',*,*,#704,.T.);
#1197=ORIENTED_EDGE('',*,*,#731,.T.);
#1198=ORIENTED_EDGE('',*,*,#804,.F.);
#1199=ORIENTED_EDGE('',*,*,#815,.F.);
#1200=PLANE('',#1311);
#1201=PLANE('',#1312);
#1202=PLANE('',#1313);
#1203=PLANE('',#1317);
#1204=PLANE('',#1318);
#1205=PLANE('',#1325);
#1206=PLANE('',#1329);
#1207=PLANE('',#1336);
#1208=PLANE('',#1343);
#1209=PLANE('',#1347);
#1210=PLANE('',#1348);
#1211=PLANE('',#1372);
#1212=PLANE('',#1375);
#1213=PLANE('',#1376);
#1214=PLANE('',#1379);
#1215=PLANE('',#1382);
#1216=PLANE('',#1385);
#1217=PLANE('',#1388);
#1218=PLANE('',#1391);
#1219=PLANE('',#1394);
#1220=PLANE('',#1397);
#1221=PLANE('',#1402);
#1222=PLANE('',#1405);
#1223=PLANE('',#1406);
#1224=PLANE('',#1409);
#1225=PLANE('',#1412);
#1226=PLANE('',#1413);
#1227=PLANE('',#1416);
#1228=PLANE('',#1419);
#1229=PLANE('',#1428);
#1230=PLANE('',#1434);
#1231=ADVANCED_FACE('',(#120),#1200,.T.);
#1232=ADVANCED_FACE('',(#121),#1201,.T.);
#1233=ADVANCED_FACE('',(#122),#1202,.T.);
#1234=ADVANCED_FACE('',(#123),#88,.T.);
#1235=ADVANCED_FACE('',(#124),#1203,.T.);
#1236=ADVANCED_FACE('',(#125),#1204,.F.);
#1237=ADVANCED_FACE('',(#126),#89,.F.);
#1238=ADVANCED_FACE('',(#127),#21,.F.);
#1239=ADVANCED_FACE('',(#128),#90,.T.);
#1240=ADVANCED_FACE('',(#129),#1205,.T.);
#1241=ADVANCED_FACE('',(#130),#91,.F.);
#1242=ADVANCED_FACE('',(#131),#1206,.T.);
#1243=ADVANCED_FACE('',(#132),#92,.F.);
#1244=ADVANCED_FACE('',(#133),#93,.F.);
#1245=ADVANCED_FACE('',(#134),#1207,.T.);
#1246=ADVANCED_FACE('',(#135),#94,.F.);
#1247=ADVANCED_FACE('',(#136),#95,.T.);
#1248=ADVANCED_FACE('',(#137),#1208,.T.);
#1249=ADVANCED_FACE('',(#138),#96,.T.);
#1250=ADVANCED_FACE('',(#139),#1209,.T.);
#1251=ADVANCED_FACE('',(#140),#1210,.T.);
#1252=ADVANCED_FACE('',(#141),#1211,.F.);
#1253=ADVANCED_FACE('',(#142),#97,.F.);
#1254=ADVANCED_FACE('',(#143),#1212,.T.);
#1255=ADVANCED_FACE('',(#144),#1213,.T.);
#1256=ADVANCED_FACE('',(#145),#98,.F.);
#1257=ADVANCED_FACE('',(#146),#1214,.T.);
#1258=ADVANCED_FACE('',(#147),#99,.T.);
#1259=ADVANCED_FACE('',(#148),#1215,.T.);
#1260=ADVANCED_FACE('',(#149),#100,.T.);
#1261=ADVANCED_FACE('',(#150),#1216,.T.);
#1262=ADVANCED_FACE('',(#151),#101,.F.);
#1263=ADVANCED_FACE('',(#152),#1217,.T.);
#1264=ADVANCED_FACE('',(#153),#102,.F.);
#1265=ADVANCED_FACE('',(#154),#1218,.T.);
#1266=ADVANCED_FACE('',(#155),#103,.T.);
#1267=ADVANCED_FACE('',(#156),#1219,.T.);
#1268=ADVANCED_FACE('',(#157),#104,.T.);
#1269=ADVANCED_FACE('',(#158),#1220,.T.);
#1270=ADVANCED_FACE('',(#159),#105,.F.);
#1271=ADVANCED_FACE('',(#160),#106,.T.);
#1272=ADVANCED_FACE('',(#161),#1221,.T.);
#1273=ADVANCED_FACE('',(#162),#107,.F.);
#1274=ADVANCED_FACE('',(#163),#1222,.T.);
#1275=ADVANCED_FACE('',(#164),#1223,.T.);
#1276=ADVANCED_FACE('',(#165),#108,.T.);
#1277=ADVANCED_FACE('',(#166),#1224,.T.);
#1278=ADVANCED_FACE('',(#167),#109,.T.);
#1279=ADVANCED_FACE('',(#168),#1225,.T.);
#1280=ADVANCED_FACE('',(#169),#1226,.T.);
#1281=ADVANCED_FACE('',(#170),#110,.F.);
#1282=ADVANCED_FACE('',(#171),#1227,.T.);
#1283=ADVANCED_FACE('',(#172),#111,.T.);
#1284=ADVANCED_FACE('',(#173),#1228,.F.);
#1285=ADVANCED_FACE('',(#174),#1229,.T.);
#1286=ADVANCED_FACE('',(#175),#112,.F.);
#1287=ADVANCED_FACE('',(#176),#113,.T.);
#1288=ADVANCED_FACE('',(#177),#114,.T.);
#1289=ADVANCED_FACE('',(#178),#115,.F.);
#1290=ADVANCED_FACE('',(#179),#116,.F.);
#1291=ADVANCED_FACE('',(#180),#1230,.T.);
#1292=ADVANCED_FACE('',(#181),#117,.F.);
#1293=ADVANCED_FACE('',(#182),#22,.F.);
#1294=ADVANCED_FACE('',(#183),#118,.T.);
#1295=ADVANCED_FACE('',(#184),#23,.F.);
#1296=ADVANCED_FACE('',(#185),#119,.T.);
#1297=CLOSED_SHELL('',(#1231,#1232,#1233,#1234,#1235,#1236,#1237,#1238,
#1239,#1240,#1241,#1242,#1243,#1244,#1245,#1246,#1247,#1248,#1249,#1250,
#1251,#1252,#1253,#1254,#1255,#1256,#1257,#1258,#1259,#1260,#1261,#1262,
#1263,#1264,#1265,#1266,#1267,#1268,#1269,#1270,#1271,#1272,#1273,#1274,
#1275,#1276,#1277,#1278,#1279,#1280,#1281,#1282,#1283,#1284,#1285,#1286,
#1287,#1288,#1289,#1290,#1291,#1292,#1293,#1294,#1295,#1296));
#1298=DERIVED_UNIT_ELEMENT(#1300,1.);
#1299=DERIVED_UNIT_ELEMENT(#2423,-3.);
#1300=(
MASS_UNIT()
NAMED_UNIT(*)
SI_UNIT(.KILO.,.GRAM.)
);
#1301=DERIVED_UNIT((#1298,#1299));
#1302=MEASURE_REPRESENTATION_ITEM('density measure',
POSITIVE_RATIO_MEASURE(7850.),#1301);
#1303=PROPERTY_DEFINITION_REPRESENTATION(#1308,#1305);
#1304=PROPERTY_DEFINITION_REPRESENTATION(#1309,#1306);
#1305=REPRESENTATION('material name',(#1307),#2418);
#1306=REPRESENTATION('density',(#1302),#2418);
#1307=DESCRIPTIVE_REPRESENTATION_ITEM('Steel','Steel');
#1308=PROPERTY_DEFINITION('material property','material name',#2431);
#1309=PROPERTY_DEFINITION('material property','density of part',#2431);
#1310=AXIS2_PLACEMENT_3D('',#1816,#1438,#1439);
#1311=AXIS2_PLACEMENT_3D('',#1817,#1440,#1441);
#1312=AXIS2_PLACEMENT_3D('',#1826,#1446,#1447);
#1313=AXIS2_PLACEMENT_3D('',#1835,#1452,#1453);
#1314=AXIS2_PLACEMENT_3D('',#1841,#1457,#1458);
#1315=AXIS2_PLACEMENT_3D('',#1843,#1459,#1460);
#1316=AXIS2_PLACEMENT_3D('',#1845,#1461,#1462);
#1317=AXIS2_PLACEMENT_3D('',#1847,#1464,#1465);
#1318=AXIS2_PLACEMENT_3D('',#1853,#1469,#1470);
#1319=AXIS2_PLACEMENT_3D('',#1862,#1475,#1476);
#1320=AXIS2_PLACEMENT_3D('',#1864,#1477,#1478);
#1321=AXIS2_PLACEMENT_3D('',#1866,#1479,#1480);
#1322=AXIS2_PLACEMENT_3D('',#1953,#1483,#1484);
#1323=AXIS2_PLACEMENT_3D('',#1955,#1485,#1486);
#1324=AXIS2_PLACEMENT_3D('',#1958,#1488,#1489);
#1325=AXIS2_PLACEMENT_3D('',#1959,#1490,#1491);
#1326=AXIS2_PLACEMENT_3D('',#1965,#1495,#1496);
#1327=AXIS2_PLACEMENT_3D('',#1967,#1497,#1498);
#1328=AXIS2_PLACEMENT_3D('',#1970,#1500,#1501);
#1329=AXIS2_PLACEMENT_3D('',#1971,#1502,#1503);
#1330=AXIS2_PLACEMENT_3D('',#1977,#1507,#1508);
#1331=AXIS2_PLACEMENT_3D('',#1979,#1509,#1510);
#1332=AXIS2_PLACEMENT_3D('',#1982,#1512,#1513);
#1333=AXIS2_PLACEMENT_3D('',#1983,#1514,#1515);
#1334=AXIS2_PLACEMENT_3D('',#1985,#1516,#1517);
#1335=AXIS2_PLACEMENT_3D('',#1987,#1518,#1519);
#1336=AXIS2_PLACEMENT_3D('',#1989,#1521,#1522);
#1337=AXIS2_PLACEMENT_3D('',#1995,#1526,#1527);
#1338=AXIS2_PLACEMENT_3D('',#1997,#1528,#1529);
#1339=AXIS2_PLACEMENT_3D('',#1999,#1530,#1531);
#1340=AXIS2_PLACEMENT_3D('',#2001,#1533,#1534);
#1341=AXIS2_PLACEMENT_3D('',#2003,#1535,#1536);
#1342=AXIS2_PLACEMENT_3D('',#2005,#1537,#1538);
#1343=AXIS2_PLACEMENT_3D('',#2007,#1540,#1541);
#1344=AXIS2_PLACEMENT_3D('',#2013,#1545,#1546);
#1345=AXIS2_PLACEMENT_3D('',#2014,#1547,#1548);
#1346=AXIS2_PLACEMENT_3D('',#2015,#1549,#1550);
#1347=AXIS2_PLACEMENT_3D('',#2016,#1551,#1552);
#1348=AXIS2_PLACEMENT_3D('',#2019,#1555,#1556);
#1349=AXIS2_PLACEMENT_3D('',#2021,#1557,#1558);
#1350=AXIS2_PLACEMENT_3D('',#2025,#1560,#1561);
#1351=AXIS2_PLACEMENT_3D('',#2029,#1563,#1564);
#1352=AXIS2_PLACEMENT_3D('',#2033,#1566,#1567);
#1353=AXIS2_PLACEMENT_3D('',#2037,#1569,#1570);
#1354=AXIS2_PLACEMENT_3D('',#2041,#1572,#1573);
#1355=AXIS2_PLACEMENT_3D('',#2045,#1575,#1576);
#1356=AXIS2_PLACEMENT_3D('',#2049,#1578,#1579);
#1357=AXIS2_PLACEMENT_3D('',#2055,#1582,#1583);
#1358=AXIS2_PLACEMENT_3D('',#2059,#1585,#1586);
#1359=AXIS2_PLACEMENT_3D('',#2087,#1587,#1588);
#1360=AXIS2_PLACEMENT_3D('',#2089,#1589,#1590);
#1361=AXIS2_PLACEMENT_3D('',#2091,#1591,#1592);
#1362=AXIS2_PLACEMENT_3D('',#2095,#1594,#1595);
#1363=AXIS2_PLACEMENT_3D('',#2097,#1596,#1597);
#1364=AXIS2_PLACEMENT_3D('',#2099,#1598,#1599);
#1365=AXIS2_PLACEMENT_3D('',#2127,#1600,#1601);
#1366=AXIS2_PLACEMENT_3D('',#2131,#1603,#1604);
#1367=AXIS2_PLACEMENT_3D('',#2135,#1606,#1607);
#1368=AXIS2_PLACEMENT_3D('',#2141,#1610,#1611);
#1369=AXIS2_PLACEMENT_3D('',#2145,#1613,#1614);
#1370=AXIS2_PLACEMENT_3D('',#2151,#1617,#1618);
#1371=AXIS2_PLACEMENT_3D('',#2154,#1620,#1621);
#1372=AXIS2_PLACEMENT_3D('',#2155,#1622,#1623);
#1373=AXIS2_PLACEMENT_3D('',#2161,#1627,#1628);
#1374=AXIS2_PLACEMENT_3D('',#2164,#1630,#1631);
#1375=AXIS2_PLACEMENT_3D('',#2165,#1632,#1633);
#1376=AXIS2_PLACEMENT_3D('',#2169,#1636,#1637);
#1377=AXIS2_PLACEMENT_3D('',#2173,#1640,#1641);
#1378=AXIS2_PLACEMENT_3D('',#2176,#1643,#1644);
#1379=AXIS2_PLACEMENT_3D('',#2177,#1645,#1646);
#1380=AXIS2_PLACEMENT_3D('',#2181,#1649,#1650);
#1381=AXIS2_PLACEMENT_3D('',#2184,#1652,#1653);
#1382=AXIS2_PLACEMENT_3D('',#2185,#1654,#1655);
#1383=AXIS2_PLACEMENT_3D('',#2189,#1658,#1659);
#1384=AXIS2_PLACEMENT_3D('',#2192,#1661,#1662);
#1385=AXIS2_PLACEMENT_3D('',#2193,#1663,#1664);
#1386=AXIS2_PLACEMENT_3D('',#2197,#1667,#1668);
#1387=AXIS2_PLACEMENT_3D('',#2200,#1670,#1671);
#1388=AXIS2_PLACEMENT_3D('',#2201,#1672,#1673);
#1389=AXIS2_PLACEMENT_3D('',#2205,#1676,#1677);
#1390=AXIS2_PLACEMENT_3D('',#2208,#1679,#1680);
#1391=AXIS2_PLACEMENT_3D('',#2209,#1681,#1682);
#1392=AXIS2_PLACEMENT_3D('',#2213,#1685,#1686);
#1393=AXIS2_PLACEMENT_3D('',#2216,#1688,#1689);
#1394=AXIS2_PLACEMENT_3D('',#2217,#1690,#1691);
#1395=AXIS2_PLACEMENT_3D('',#2221,#1694,#1695);
#1396=AXIS2_PLACEMENT_3D('',#2224,#1697,#1698);
#1397=AXIS2_PLACEMENT_3D('',#2225,#1699,#1700);
#1398=AXIS2_PLACEMENT_3D('',#2229,#1703,#1704);
#1399=AXIS2_PLACEMENT_3D('',#2230,#1705,#1706);
#1400=AXIS2_PLACEMENT_3D('',#2231,#1707,#1708);
#1401=AXIS2_PLACEMENT_3D('',#2234,#1710,#1711);
#1402=AXIS2_PLACEMENT_3D('',#2235,#1712,#1713);
#1403=AXIS2_PLACEMENT_3D('',#2239,#1716,#1717);
#1404=AXIS2_PLACEMENT_3D('',#2242,#1719,#1720);
#1405=AXIS2_PLACEMENT_3D('',#2243,#1721,#1722);
#1406=AXIS2_PLACEMENT_3D('',#2247,#1725,#1726);
#1407=AXIS2_PLACEMENT_3D('',#2251,#1729,#1730);
#1408=AXIS2_PLACEMENT_3D('',#2254,#1732,#1733);
#1409=AXIS2_PLACEMENT_3D('',#2255,#1734,#1735);
#1410=AXIS2_PLACEMENT_3D('',#2259,#1738,#1739);
#1411=AXIS2_PLACEMENT_3D('',#2262,#1741,#1742);
#1412=AXIS2_PLACEMENT_3D('',#2263,#1743,#1744);
#1413=AXIS2_PLACEMENT_3D('',#2267,#1747,#1748);
#1414=AXIS2_PLACEMENT_3D('',#2271,#1751,#1752);
#1415=AXIS2_PLACEMENT_3D('',#2274,#1754,#1755);
#1416=AXIS2_PLACEMENT_3D('',#2275,#1756,#1757);
#1417=AXIS2_PLACEMENT_3D('',#2279,#1760,#1761);
#1418=AXIS2_PLACEMENT_3D('',#2282,#1763,#1764);
#1419=AXIS2_PLACEMENT_3D('',#2283,#1765,#1766);
#1420=AXIS2_PLACEMENT_3D('',#2287,#1768,#1769);
#1421=AXIS2_PLACEMENT_3D('',#2315,#1770,#1771);
#1422=AXIS2_PLACEMENT_3D('',#2317,#1772,#1773);
#1423=AXIS2_PLACEMENT_3D('',#2319,#1774,#1775);
#1424=AXIS2_PLACEMENT_3D('',#2323,#1777,#1778);
#1425=AXIS2_PLACEMENT_3D('',#2325,#1779,#1780);
#1426=AXIS2_PLACEMENT_3D('',#2327,#1781,#1782);
#1427=AXIS2_PLACEMENT_3D('',#2354,#1783,#1784);
#1428=AXIS2_PLACEMENT_3D('',#2355,#1785,#1786);
#1429=AXIS2_PLACEMENT_3D('',#2357,#1788,#1789);
#1430=AXIS2_PLACEMENT_3D('',#2360,#1792,#1793);
#1431=AXIS2_PLACEMENT_3D('',#2362,#1795,#1796);
#1432=AXIS2_PLACEMENT_3D('',#2365,#1799,#1800);
#1433=AXIS2_PLACEMENT_3D('',#2367,#1802,#1803);
#1434=AXIS2_PLACEMENT_3D('',#2369,#1805,#1806);
#1435=AXIS2_PLACEMENT_3D('',#2371,#1808,#1809);
#1436=AXIS2_PLACEMENT_3D('',#2393,#1811,#1812);
#1437=AXIS2_PLACEMENT_3D('',#2415,#1814,#1815);
#1438=DIRECTION('axis',(0.,0.,1.));
#1439=DIRECTION('refdir',(1.,0.,0.));
#1440=DIRECTION('center_axis',(1.,0.,0.));
#1441=DIRECTION('ref_axis',(0.,0.,1.));
#1442=DIRECTION('',(0.,1.,0.));
#1443=DIRECTION('',(0.,0.,1.));
#1444=DIRECTION('',(0.,-1.,0.));
#1445=DIRECTION('',(0.,0.,1.));
#1446=DIRECTION('center_axis',(1.11991654709384E-5,0.,-0.999999999937289));
#1447=DIRECTION('ref_axis',(0.999999999937289,0.,1.11991654709384E-5));
#1448=DIRECTION('',(0.999999999937289,0.,1.11991654709384E-5));
#1449=DIRECTION('',(0.,1.,0.));
#1450=DIRECTION('',(0.999999999937289,0.,1.11991654709384E-5));
#1451=DIRECTION('',(0.,1.,0.));
#1452=DIRECTION('center_axis',(-9.49981425308547E-16,0.,1.));
#1453=DIRECTION('ref_axis',(-1.,0.,-9.49981425308547E-16));
#1454=DIRECTION('',(1.,0.,9.49981425308547E-16));
#1455=DIRECTION('',(0.,1.,0.));
#1456=DIRECTION('',(-1.,0.,-9.49981425308547E-16));
#1457=DIRECTION('center_axis',(0.,1.,0.));
#1458=DIRECTION('ref_axis',(-0.0734051358873251,0.,0.997302203960947));
#1459=DIRECTION('center_axis',(0.,-1.,0.));
#1460=DIRECTION('ref_axis',(-0.0734051358873251,0.,0.997302203960947));
#1461=DIRECTION('center_axis',(0.,1.,0.));
#1462=DIRECTION('ref_axis',(-0.0734051358873251,0.,0.997302203960947));
#1463=DIRECTION('',(0.,1.,0.));
#1464=DIRECTION('center_axis',(1.,0.,0.));
#1465=DIRECTION('ref_axis',(0.,0.,-1.));
#1466=DIRECTION('',(0.,0.,1.));
#1467=DIRECTION('',(0.,0.,-1.));
#1468=DIRECTION('',(0.,1.,0.));
#1469=DIRECTION('center_axis',(1.,0.,7.66598190639139E-15));
#1470=DIRECTION('ref_axis',(-7.66598190639139E-15,0.,1.));
#1471=DIRECTION('',(7.66598190639139E-15,0.,-1.));
#1472=DIRECTION('',(0.,-1.,0.));
#1473=DIRECTION('',(-7.66598190639139E-15,0.,1.));
#1474=DIRECTION('',(0.,-1.,0.));
#1475=DIRECTION('center_axis',(0.,-1.,0.));
#1476=DIRECTION('ref_axis',(-0.0625845732789167,0.,0.998039664135397));
#1477=DIRECTION('center_axis',(0.,1.,0.));
#1478=DIRECTION('ref_axis',(-0.0625845732789167,0.,0.998039664135397));
#1479=DIRECTION('center_axis',(0.,-1.,0.));
#1480=DIRECTION('ref_axis',(-0.0625845732789167,0.,0.998039664135397));
#1481=DIRECTION('',(0.,1.,0.));
#1482=DIRECTION('',(0.,1.,0.));
#1483=DIRECTION('center_axis',(0.,-1.,0.));
#1484=DIRECTION('ref_axis',(0.707106781186548,0.,-0.707106781186548));
#1485=DIRECTION('center_axis',(0.,-1.,0.));
#1486=DIRECTION('ref_axis',(0.707106781186548,0.,-0.707106781186548));
#1487=DIRECTION('',(0.,-1.,0.));
#1488=DIRECTION('center_axis',(0.,1.,0.));
#1489=DIRECTION('ref_axis',(0.707106781186548,0.,-0.707106781186548));
#1490=DIRECTION('center_axis',(1.,0.,0.));
#1491=DIRECTION('ref_axis',(0.,0.,1.));
#1492=DIRECTION('',(0.,0.,1.));
#1493=DIRECTION('',(0.,1.,0.));
#1494=DIRECTION('',(0.,0.,-1.));
#1495=DIRECTION('center_axis',(0.,-1.,0.));
#1496=DIRECTION('ref_axis',(-0.201206011996669,0.,0.979548947595982));
#1497=DIRECTION('center_axis',(0.,1.,0.));
#1498=DIRECTION('ref_axis',(-0.201206011996669,0.,0.979548947595982));
#1499=DIRECTION('',(0.,1.,0.));
#1500=DIRECTION('center_axis',(0.,-1.,0.));
#1501=DIRECTION('ref_axis',(-0.201206011996669,0.,0.979548947595982));
#1502=DIRECTION('center_axis',(-6.39543030457162E-6,0.,-0.999999999979549));
#1503=DIRECTION('ref_axis',(-0.999999999979549,0.,6.39543030457162E-6));
#1504=DIRECTION('',(0.999999999979549,0.,-6.39543030457162E-6));
#1505=DIRECTION('',(0.,1.,0.));
#1506=DIRECTION('',(-0.999999999979549,0.,6.39543030457162E-6));
#1507=DIRECTION('center_axis',(0.,1.,0.));
#1508=DIRECTION('ref_axis',(0.0284243182591742,0.,0.999595947436513));
#1509=DIRECTION('center_axis',(0.,1.,0.));
#1510=DIRECTION('ref_axis',(0.0284243182591742,0.,0.999595947436513));
#1511=DIRECTION('',(0.,1.,0.));
#1512=DIRECTION('center_axis',(0.,-1.,0.));
#1513=DIRECTION('ref_axis',(0.0284243182591742,0.,0.999595947436513));
#1514=DIRECTION('center_axis',(0.,1.,0.));
#1515=DIRECTION('ref_axis',(-0.00540324857442401,0.,-0.999985402345876));
#1516=DIRECTION('center_axis',(0.,1.,0.));
#1517=DIRECTION('ref_axis',(-0.00540324857442401,0.,-0.999985402345876));
#1518=DIRECTION('center_axis',(0.,-1.,0.));
#1519=DIRECTION('ref_axis',(-0.00540324857442401,0.,-0.999985402345876));
#1520=DIRECTION('',(0.,1.,0.));
#1521=DIRECTION('center_axis',(3.13610409806369E-15,0.,1.));
#1522=DIRECTION('ref_axis',(1.,0.,-3.13610409806369E-15));
#1523=DIRECTION('',(-1.,0.,3.13610409806369E-15));
#1524=DIRECTION('',(1.,0.,-3.13610409806369E-15));
#1525=DIRECTION('',(0.,1.,0.));
#1526=DIRECTION('center_axis',(0.,1.,0.));
#1527=DIRECTION('ref_axis',(0.999999992979562,0.,0.000118494199482856));
#1528=DIRECTION('center_axis',(0.,1.,0.));
#1529=DIRECTION('ref_axis',(0.999999992979562,0.,0.000118494199482856));
#1530=DIRECTION('center_axis',(0.,-1.,0.));
#1531=DIRECTION('ref_axis',(0.999999992979562,0.,0.000118494199482856));
#1532=DIRECTION('',(0.,1.,0.));
#1533=DIRECTION('center_axis',(0.,1.,0.));
#1534=DIRECTION('ref_axis',(-1.,0.,0.));
#1535=DIRECTION('center_axis',(0.,-1.,0.));
#1536=DIRECTION('ref_axis',(-1.,0.,0.));
#1537=DIRECTION('center_axis',(0.,1.,0.));
#1538=DIRECTION('ref_axis',(-1.,0.,0.));
#1539=DIRECTION('',(0.,1.,0.));
#1540=DIRECTION('center_axis',(1.,0.,0.));
#1541=DIRECTION('ref_axis',(0.,0.,-1.));
#1542=DIRECTION('',(0.,0.,1.));
#1543=DIRECTION('',(0.,0.,-1.));
#1544=DIRECTION('',(0.,1.,0.));
#1545=DIRECTION('center_axis',(0.,1.,0.));
#1546=DIRECTION('ref_axis',(1.,0.,0.));
#1547=DIRECTION('center_axis',(0.,-1.,0.));
#1548=DIRECTION('ref_axis',(1.,0.,0.));
#1549=DIRECTION('center_axis',(0.,1.,0.));
#1550=DIRECTION('ref_axis',(1.,0.,0.));
#1551=DIRECTION('center_axis',(-1.31816747997892E-11,0.,-1.));
#1552=DIRECTION('ref_axis',(1.,0.,-1.31816747997892E-11));
#1553=DIRECTION('',(1.,0.,-1.31816747997892E-11));
#1554=DIRECTION('',(1.,0.,-1.31816747997892E-11));
#1555=DIRECTION('center_axis',(0.,1.,0.));
#1556=DIRECTION('ref_axis',(1.,0.,0.));
#1557=DIRECTION('center_axis',(0.,1.,0.));
#1558=DIRECTION('ref_axis',(-0.936189442939837,0.,0.35149584197825));
#1559=DIRECTION('',(0.35149584197825,0.,0.936189442939836));
#1560=DIRECTION('center_axis',(0.,-1.,0.));
#1561=DIRECTION('ref_axis',(0.936189442939836,0.,-0.351495841978251));
#1562=DIRECTION('',(1.,0.,-4.35076737821673E-16));
#1563=DIRECTION('center_axis',(0.,-1.,0.));
#1564=DIRECTION('ref_axis',(-3.108235939458E-15,0.,-1.));
#1565=DIRECTION('',(0.549177886660837,0.,-0.835705479701274));
#1566=DIRECTION('center_axis',(0.,1.,0.));
#1567=DIRECTION('ref_axis',(2.33117695459341E-14,0.,1.));
#1568=DIRECTION('',(1.,0.,2.73739006605066E-15));
#1569=DIRECTION('center_axis',(0.,1.,0.));
#1570=DIRECTION('ref_axis',(-0.835705479701258,0.,0.549177886660862));
#1571=DIRECTION('',(0.549177886660835,0.,0.835705479701276));
#1572=DIRECTION('center_axis',(0.,-1.,0.));
#1573=DIRECTION('ref_axis',(0.83570547970127,0.,-0.549177886660843));
#1574=DIRECTION('',(1.,0.,1.30523021346502E-15));
#1575=DIRECTION('center_axis',(0.,-1.,0.));
#1576=DIRECTION('ref_axis',(8.74191357972578E-15,0.,-1.));
#1577=DIRECTION('',(0.351495841978252,0.,-0.936189442939836));
#1578=DIRECTION('center_axis',(0.,1.,0.));
#1579=DIRECTION('ref_axis',(1.11896493820486E-14,0.,1.));
#1580=DIRECTION('',(1.,0.,2.26604749271662E-15));
#1581=DIRECTION('',(0.999946297749802,0.,-0.0103634751152553));
#1582=DIRECTION('center_axis',(0.,1.,0.));
#1583=DIRECTION('ref_axis',(-0.703433196858355,0.,0.710761378774645));
#1584=DIRECTION('',(0.,0.,1.));
#1585=DIRECTION('center_axis',(0.,-1.,0.));
#1586=DIRECTION('ref_axis',(0.995694118103187,0.,-0.0926996395608741));
#1587=DIRECTION('center_axis',(0.,-1.,0.));
#1588=DIRECTION('ref_axis',(0.657551937065068,0.,0.753409218195515));
#1589=DIRECTION('center_axis',(0.,1.,0.));
#1590=DIRECTION('ref_axis',(1.,0.,0.));
#1591=DIRECTION('center_axis',(0.,1.,0.));
#1592=DIRECTION('ref_axis',(1.,0.,0.));
#1593=DIRECTION('',(2.66420223382115E-15,0.,-1.));
#1594=DIRECTION('center_axis',(0.,1.,0.));
#1595=DIRECTION('ref_axis',(-0.995298144517128,0.,0.0968586780870031));
#1596=DIRECTION('center_axis',(0.,1.,0.));
#1597=DIRECTION('ref_axis',(-0.999999999856726,0.,-1.692774281103E-5));
#1598=DIRECTION('center_axis',(0.,-1.,0.));
#1599=DIRECTION('ref_axis',(0.657782984995063,0.,-0.753207504377768));
#1600=DIRECTION('center_axis',(0.,-1.,0.));
#1601=DIRECTION('ref_axis',(-0.996090178740404,0.,0.0883422651787352));
#1602=DIRECTION('',(-1.,0.,-2.26604749271661E-15));
#1603=DIRECTION('center_axis',(0.,-1.,0.));
#1604=DIRECTION('ref_axis',(1.16558847729674E-14,0.,1.));
#1605=DIRECTION('',(-0.351495841978252,0.,0.936189442939836));
#1606=DIRECTION('center_axis',(0.,1.,0.));
#1607=DIRECTION('ref_axis',(0.,0.,-1.));
#1608=DIRECTION('',(-1.,0.,-1.3850955202467E-15));
#1609=DIRECTION('',(-0.549177886660834,0.,-0.835705479701276));
#1610=DIRECTION('center_axis',(0.,-1.,0.));
#1611=DIRECTION('ref_axis',(-0.835705479701257,0.,0.549177886660863));
#1612=DIRECTION('',(-1.,0.,-2.73739006605063E-15));
#1613=DIRECTION('center_axis',(0.,-1.,0.));
#1614=DIRECTION('ref_axis',(2.36704121543337E-14,0.,1.));
#1615=DIRECTION('',(-0.549177886660837,0.,0.835705479701274));
#1616=DIRECTION('',(-1.,0.,0.));
#1617=DIRECTION('center_axis',(0.,1.,0.));
#1618=DIRECTION('ref_axis',(0.936189442939842,0.,-0.351495841978234));
#1619=DIRECTION('',(-0.35149584197825,0.,-0.936189442939836));
#1620=DIRECTION('center_axis',(0.,-1.,0.));
#1621=DIRECTION('ref_axis',(-0.936189442939836,0.,0.35149584197825));
#1622=DIRECTION('center_axis',(-1.,0.,0.));
#1623=DIRECTION('ref_axis',(0.,0.,-1.));
#1624=DIRECTION('',(0.,1.,0.));
#1625=DIRECTION('',(0.,0.,1.));
#1626=DIRECTION('',(0.,-1.,0.));
#1627=DIRECTION('center_axis',(0.,-1.,0.));
#1628=DIRECTION('ref_axis',(-0.703433196858355,0.,0.710761378774645));
#1629=DIRECTION('',(0.,-1.,0.));
#1630=DIRECTION('center_axis',(0.,-1.,0.));
#1631=DIRECTION('ref_axis',(-0.703433196858355,0.,0.710761378774645));
#1632=DIRECTION('center_axis',(-0.0103634751152553,0.,-0.999946297749802));
#1633=DIRECTION('ref_axis',(0.999946297749802,0.,-0.0103634751152553));
#1634=DIRECTION('',(0.,-1.,0.));
#1635=DIRECTION('',(0.999946297749802,0.,-0.0103634751152553));
#1636=DIRECTION('center_axis',(2.26604749271662E-15,0.,-1.));
#1637=DIRECTION('ref_axis',(-1.,0.,-2.26604749271662E-15));
#1638=DIRECTION('',(0.,1.,0.));
#1639=DIRECTION('',(-1.,0.,-2.26604749271662E-15));
#1640=DIRECTION('center_axis',(0.,1.,0.));
#1641=DIRECTION('ref_axis',(1.11896493820486E-14,0.,1.));
#1642=DIRECTION('',(0.,1.,0.));
#1643=DIRECTION('center_axis',(0.,1.,0.));
#1644=DIRECTION('ref_axis',(1.11896493820486E-14,0.,1.));
#1645=DIRECTION('center_axis',(-0.936189442939836,0.,-0.351495841978252));
#1646=DIRECTION('ref_axis',(-0.351495841978252,0.,0.936189442939836));
#1647=DIRECTION('',(0.,1.,0.));
#1648=DIRECTION('',(0.351495841978252,0.,-0.936189442939836));
#1649=DIRECTION('center_axis',(0.,1.,0.));
#1650=DIRECTION('ref_axis',(8.74191357972578E-15,0.,-1.));
#1651=DIRECTION('',(0.,1.,0.));
#1652=DIRECTION('center_axis',(0.,1.,0.));
#1653=DIRECTION('ref_axis',(8.74191357972578E-15,0.,-1.));
#1654=DIRECTION('center_axis',(1.30523021346502E-15,0.,-1.));
#1655=DIRECTION('ref_axis',(-1.,0.,-1.30523021346502E-15));
#1656=DIRECTION('',(0.,1.,0.));
#1657=DIRECTION('',(1.,0.,1.30523021346502E-15));
#1658=DIRECTION('center_axis',(0.,1.,0.));
#1659=DIRECTION('ref_axis',(0.83570547970127,0.,-0.549177886660843));
#1660=DIRECTION('',(0.,1.,0.));
#1661=DIRECTION('center_axis',(0.,1.,0.));
#1662=DIRECTION('ref_axis',(0.83570547970127,0.,-0.549177886660843));
#1663=DIRECTION('center_axis',(0.835705479701276,0.,-0.549177886660835));
#1664=DIRECTION('ref_axis',(-0.549177886660835,0.,-0.835705479701276));
#1665=DIRECTION('',(0.,1.,0.));
#1666=DIRECTION('',(-0.549177886660835,0.,-0.835705479701276));
#1667=DIRECTION('center_axis',(0.,1.,0.));
#1668=DIRECTION('ref_axis',(-0.835705479701258,0.,0.549177886660862));
#1669=DIRECTION('',(0.,1.,0.));
#1670=DIRECTION('center_axis',(0.,1.,0.));
#1671=DIRECTION('ref_axis',(-0.835705479701258,0.,0.549177886660862));
#1672=DIRECTION('center_axis',(2.73739006605066E-15,0.,-1.));
#1673=DIRECTION('ref_axis',(-1.,0.,-2.73739006605066E-15));
#1674=DIRECTION('',(0.,1.,0.));
#1675=DIRECTION('',(-1.,0.,-2.73739006605066E-15));
#1676=DIRECTION('center_axis',(0.,1.,0.));
#1677=DIRECTION('ref_axis',(2.33117695459341E-14,0.,1.));
#1678=DIRECTION('',(0.,1.,0.));
#1679=DIRECTION('center_axis',(0.,1.,0.));
#1680=DIRECTION('ref_axis',(2.33117695459341E-14,0.,1.));
#1681=DIRECTION('center_axis',(-0.835705479701274,0.,-0.549177886660837));
#1682=DIRECTION('ref_axis',(-0.549177886660837,0.,0.835705479701274));
#1683=DIRECTION('',(0.,1.,0.));
#1684=DIRECTION('',(-0.549177886660836,0.,0.835705479701275));
#1685=DIRECTION('center_axis',(0.,1.,0.));
#1686=DIRECTION('ref_axis',(-3.108235939458E-15,0.,-1.));
#1687=DIRECTION('',(0.,1.,0.));
#1688=DIRECTION('center_axis',(0.,1.,0.));
#1689=DIRECTION('ref_axis',(-3.108235939458E-15,0.,-1.));
#1690=DIRECTION('center_axis',(-4.35076737821673E-16,0.,-1.));
#1691=DIRECTION('ref_axis',(-1.,0.,4.35076737821673E-16));
#1692=DIRECTION('',(0.,1.,0.));
#1693=DIRECTION('',(1.,0.,-4.35076737821673E-16));
#1694=DIRECTION('center_axis',(0.,1.,0.));
#1695=DIRECTION('ref_axis',(0.936189442939836,0.,-0.351495841978251));
#1696=DIRECTION('',(0.,1.,0.));
#1697=DIRECTION('center_axis',(0.,1.,0.));
#1698=DIRECTION('ref_axis',(0.936189442939836,0.,-0.351495841978251));
#1699=DIRECTION('center_axis',(0.936189442939836,0.,-0.35149584197825));
#1700=DIRECTION('ref_axis',(-0.35149584197825,0.,-0.936189442939836));
#1701=DIRECTION('',(0.,1.,0.));
#1702=DIRECTION('',(-0.35149584197825,0.,-0.936189442939836));
#1703=DIRECTION('center_axis',(0.,1.,0.));
#1704=DIRECTION('ref_axis',(-0.936189442939837,0.,0.35149584197825));
#1705=DIRECTION('center_axis',(0.,1.,0.));
#1706=DIRECTION('ref_axis',(-0.936189442939837,0.,0.35149584197825));
#1707=DIRECTION('center_axis',(0.,1.,0.));
#1708=DIRECTION('ref_axis',(-0.936189442939836,0.,0.35149584197825));
#1709=DIRECTION('',(0.,1.,0.));
#1710=DIRECTION('center_axis',(0.,1.,0.));
#1711=DIRECTION('ref_axis',(-0.936189442939836,0.,0.35149584197825));
#1712=DIRECTION('center_axis',(-0.936189442939836,0.,0.35149584197825));
#1713=DIRECTION('ref_axis',(0.35149584197825,0.,0.936189442939836));
#1714=DIRECTION('',(0.,1.,0.));
#1715=DIRECTION('',(-0.35149584197825,0.,-0.936189442939836));
#1716=DIRECTION('center_axis',(0.,1.,0.));
#1717=DIRECTION('ref_axis',(0.936189442939842,0.,-0.351495841978234));
#1718=DIRECTION('',(0.,1.,0.));
#1719=DIRECTION('center_axis',(0.,1.,0.));
#1720=DIRECTION('ref_axis',(0.936189442939842,0.,-0.351495841978234));
#1721=DIRECTION('center_axis',(0.,0.,1.));
#1722=DIRECTION('ref_axis',(1.,0.,0.));
#1723=DIRECTION('',(0.,1.,0.));
#1724=DIRECTION('',(1.,0.,0.));
#1725=DIRECTION('center_axis',(0.835705479701274,0.,0.549177886660837));
#1726=DIRECTION('ref_axis',(0.549177886660837,0.,-0.835705479701274));
#1727=DIRECTION('',(0.,1.,0.));
#1728=DIRECTION('',(-0.549177886660837,0.,0.835705479701274));
#1729=DIRECTION('center_axis',(0.,1.,0.));
#1730=DIRECTION('ref_axis',(2.36704121543337E-14,0.,1.));
#1731=DIRECTION('',(0.,1.,0.));
#1732=DIRECTION('center_axis',(0.,1.,0.));
#1733=DIRECTION('ref_axis',(2.36704121543337E-14,0.,1.));
#1734=DIRECTION('center_axis',(-2.73739006605063E-15,0.,1.));
#1735=DIRECTION('ref_axis',(1.,0.,2.73739006605063E-15));
#1736=DIRECTION('',(0.,1.,0.));
#1737=DIRECTION('',(-1.,0.,-2.73739006605063E-15));
#1738=DIRECTION('center_axis',(0.,1.,0.));
#1739=DIRECTION('ref_axis',(-0.835705479701257,0.,0.549177886660863));
#1740=DIRECTION('',(0.,1.,0.));
#1741=DIRECTION('center_axis',(0.,1.,0.));
#1742=DIRECTION('ref_axis',(-0.835705479701257,0.,0.549177886660863));
#1743=DIRECTION('center_axis',(-0.835705479701276,0.,0.549177886660834));
#1744=DIRECTION('ref_axis',(0.549177886660834,0.,0.835705479701276));
#1745=DIRECTION('',(0.,1.,0.));
#1746=DIRECTION('',(-0.549177886660834,0.,-0.835705479701276));
#1747=DIRECTION('center_axis',(-1.3850955202467E-15,0.,1.));
#1748=DIRECTION('ref_axis',(1.,0.,1.3850955202467E-15));
#1749=DIRECTION('',(0.,1.,0.));
#1750=DIRECTION('',(1.,0.,1.3850955202467E-15));
#1751=DIRECTION('center_axis',(0.,1.,0.));
#1752=DIRECTION('ref_axis',(0.,0.,-1.));
#1753=DIRECTION('',(0.,1.,0.));
#1754=DIRECTION('center_axis',(0.,1.,0.));
#1755=DIRECTION('ref_axis',(0.,0.,-1.));
#1756=DIRECTION('center_axis',(0.936189442939836,0.,0.351495841978252));
#1757=DIRECTION('ref_axis',(0.351495841978252,0.,-0.936189442939836));
#1758=DIRECTION('',(0.,1.,0.));
#1759=DIRECTION('',(0.351495841978252,0.,-0.936189442939836));
#1760=DIRECTION('center_axis',(0.,1.,0.));
#1761=DIRECTION('ref_axis',(1.16558847729674E-14,0.,1.));
#1762=DIRECTION('',(0.,1.,0.));
#1763=DIRECTION('center_axis',(0.,1.,0.));
#1764=DIRECTION('ref_axis',(1.16558847729674E-14,0.,1.));
#1765=DIRECTION('center_axis',(0.,1.,0.));
#1766=DIRECTION('ref_axis',(1.,0.,0.));
#1767=DIRECTION('',(-1.,0.,0.));
#1768=DIRECTION('center_axis',(0.,-1.,0.));
#1769=DIRECTION('ref_axis',(-0.996090178740404,0.,0.0883422651787352));
#1770=DIRECTION('center_axis',(0.,1.,0.));
#1771=DIRECTION('ref_axis',(0.657782984995063,0.,-0.753207504377768));
#1772=DIRECTION('center_axis',(0.,-1.,0.));
#1773=DIRECTION('ref_axis',(-0.999999999856726,0.,-1.692774281103E-5));
#1774=DIRECTION('center_axis',(0.,-1.,0.));
#1775=DIRECTION('ref_axis',(-0.995298144517128,0.,0.0968586780870031));
#1776=DIRECTION('',(-2.66420223382115E-15,0.,1.));
#1777=DIRECTION('center_axis',(0.,-1.,0.));
#1778=DIRECTION('ref_axis',(1.,0.,0.));
#1779=DIRECTION('center_axis',(0.,-1.,0.));
#1780=DIRECTION('ref_axis',(1.,0.,0.));
#1781=DIRECTION('center_axis',(0.,1.,0.));
#1782=DIRECTION('ref_axis',(0.657551937065068,0.,0.753409218195515));
#1783=DIRECTION('center_axis',(0.,-1.,0.));
#1784=DIRECTION('ref_axis',(0.995694118103187,0.,-0.0926996395608741));
#1785=DIRECTION('center_axis',(-2.26604749271661E-15,0.,1.));
#1786=DIRECTION('ref_axis',(1.,0.,2.26604749271661E-15));
#1787=DIRECTION('',(0.,1.,0.));
#1788=DIRECTION('center_axis',(0.,-1.,0.));
#1789=DIRECTION('ref_axis',(1.,0.,0.));
#1790=DIRECTION('',(0.,1.,0.));
#1791=DIRECTION('',(0.,-1.,0.));
#1792=DIRECTION('center_axis',(0.,1.,0.));
#1793=DIRECTION('ref_axis',(0.657551937065068,0.,0.753409218195515));
#1794=DIRECTION('',(0.,-1.,0.));
#1795=DIRECTION('center_axis',(0.,1.,0.));
#1796=DIRECTION('ref_axis',(0.657782984995063,0.,-0.753207504377768));
#1797=DIRECTION('',(0.,-1.,0.));
#1798=DIRECTION('',(0.,1.,0.));
#1799=DIRECTION('center_axis',(0.,-1.,0.));
#1800=DIRECTION('ref_axis',(-0.999999999856726,0.,-1.692774281103E-5));
#1801=DIRECTION('',(0.,1.,0.));
#1802=DIRECTION('center_axis',(0.,1.,0.));
#1803=DIRECTION('ref_axis',(-0.995298144517128,0.,0.0968586780870031));
#1804=DIRECTION('',(0.,1.,0.));
#1805=DIRECTION('center_axis',(-1.,0.,-2.66420223382115E-15));
#1806=DIRECTION('ref_axis',(-2.66420223382115E-15,0.,1.));
#1807=DIRECTION('',(0.,1.,0.));
#1808=DIRECTION('center_axis',(0.,1.,0.));
#1809=DIRECTION('ref_axis',(1.,0.,0.));
#1810=DIRECTION('',(0.,-1.,0.));
#1811=DIRECTION('center_axis',(0.,-1.,0.));
#1812=DIRECTION('ref_axis',(-0.996090178740404,0.,0.0883422651787352));
#1813=DIRECTION('',(0.,-1.,0.));
#1814=DIRECTION('center_axis',(0.,-1.,0.));
#1815=DIRECTION('ref_axis',(0.995694118103187,0.,-0.0926996395608741));
#1816=CARTESIAN_POINT('',(0.,0.,0.));
#1817=CARTESIAN_POINT('Origin',(-28.6771918158203,76.0000000001185,-24.1420273908508));
#1818=CARTESIAN_POINT('',(-28.6771918158203,72.0000000001185,-23.9229716194907));
#1819=CARTESIAN_POINT('',(-28.6771918158203,76.0000000001185,-23.9229716194907));
#1820=CARTESIAN_POINT('',(-28.6771918158203,65.0000000001185,-23.9229716194907));
#1821=CARTESIAN_POINT('',(-28.6771918158203,76.0000000001185,-23.9220501056699));
#1822=CARTESIAN_POINT('',(-28.6771918158203,76.0000000001185,-24.1420273908508));
#1823=CARTESIAN_POINT('',(-28.6771918158203,72.0000000001185,-23.9220501056699));
#1824=CARTESIAN_POINT('',(-28.6771918158203,76.0000000001185,-23.9220501056699));
#1825=CARTESIAN_POINT('',(-28.6771918158203,72.0000000001185,-24.1420273908508));
#1826=CARTESIAN_POINT('Origin',(-30.7054520014724,76.0000000001185,-24.1420501056723));
#1827=CARTESIAN_POINT('',(-30.7054520014724,76.0000000001186,-24.1420501056723));
#1828=CARTESIAN_POINT('',(-28.6771918158203,76.0000000001186,-24.1420273898606));
#1829=CARTESIAN_POINT('',(-30.7054520014724,76.0000000001185,-24.1420501056723));
#1830=CARTESIAN_POINT('',(-28.6771918158203,72.0000000001186,-24.1420273898358));
#1831=CARTESIAN_POINT('',(-28.6771918158203,76.5000000001185,-24.1420273888455));
#1832=CARTESIAN_POINT('',(-30.7054520014724,72.0000000001186,-24.1420501056723));
#1833=CARTESIAN_POINT('',(-30.7054520014724,72.0000000001185,-24.1420501056723));
#1834=CARTESIAN_POINT('',(-30.7054520014724,72.0000000001186,-24.1420501056723));
#1835=CARTESIAN_POINT('Origin',(-28.6771918158203,76.0000000001185,-23.9220501056699));
#1836=CARTESIAN_POINT('',(-30.7054520014256,76.0000000001186,-23.9220501056723));
#1837=CARTESIAN_POINT('',(-42.9235116496993,76.0000000001185,-23.9220501056699));
#1838=CARTESIAN_POINT('',(-30.7054520014256,72.0000000001186,-23.9220501056723));
#1839=CARTESIAN_POINT('',(-30.7054520014256,72.0000000001186,-23.9220501056723));
#1840=CARTESIAN_POINT('',(-42.9235116496993,72.0000000001185,-23.9220501056699));
#1841=CARTESIAN_POINT('Origin',(-28.6515000182597,65.0000000001185,-24.272027390877));
#1842=CARTESIAN_POINT('',(-28.3016278276927,76.0000000001185,-24.2625695757026));
#1843=CARTESIAN_POINT('Origin',(-28.6515000182597,76.0000000001186,-24.272027390877));
#1844=CARTESIAN_POINT('',(-28.3016278276927,72.0000000001185,-24.2625695757026));
#1845=CARTESIAN_POINT('Origin',(-28.6515000182597,72.0000000001185,-24.272027390877));
#1846=CARTESIAN_POINT('',(-28.3016278276927,65.0000000001185,-24.2625695757026));
#1847=CARTESIAN_POINT('Origin',(-28.3016278276927,65.0000000001185,-24.2625695757026));
#1848=CARTESIAN_POINT('',(-28.3016278276927,76.0000000001186,-24.3409692715846));
#1849=CARTESIAN_POINT('',(-28.3016278276927,76.0000000001186,-26.3316872645069));
#1850=CARTESIAN_POINT('',(-28.3016278276927,72.0000000001186,-24.3409692715846));
#1851=CARTESIAN_POINT('',(-28.3016278276927,72.0000000001185,-24.0922984830707));
#1852=CARTESIAN_POINT('',(-28.3016278276927,71.0000000001185,-24.3409692715846));
#1853=CARTESIAN_POINT('Origin',(-28.5219482742663,77.0000000001185,-24.9910659555652));
#1854=CARTESIAN_POINT('',(-28.5219482742663,76.0000000001185,-24.2612410278074));
#1855=CARTESIAN_POINT('',(-28.5219482742663,76.0000000001185,-24.9510659555652));
#1856=CARTESIAN_POINT('',(-28.5219482742663,76.0000000001186,-26.6559354544382));
#1857=CARTESIAN_POINT('',(-28.5219482742663,72.0000000001185,-24.9510659555652));
#1858=CARTESIAN_POINT('',(-28.5219482742663,77.0000000001185,-24.9510659555652));
#1859=CARTESIAN_POINT('',(-28.5219482742663,72.0000000001185,-24.2612410278074));
#1860=CARTESIAN_POINT('',(-28.5219482742663,72.0000000001185,-24.456546673002));
#1861=CARTESIAN_POINT('',(-28.5219482742663,77.0000000001185,-24.2612410278074));
#1862=CARTESIAN_POINT('Origin',(-28.6515000182597,77.0000000001185,-24.272027390877));
#1863=CARTESIAN_POINT('',(-28.651500018258,76.0000000001186,-24.1420273898489));
#1864=CARTESIAN_POINT('Origin',(-28.6515000182597,76.0000000001186,-24.272027390877));
#1865=CARTESIAN_POINT('',(-28.651500018258,72.0000000001186,-24.1420273898489));
#1866=CARTESIAN_POINT('Origin',(-28.6515000182597,72.0000000001185,-24.272027390877));
#1867=CARTESIAN_POINT('',(-28.651500018258,77.0000000001185,-24.1420273888458));
#1868=CARTESIAN_POINT('Ctrl Pts',(-28.3166015168925,77.0000000001185,-25.0103888932174));
#1869=CARTESIAN_POINT('Ctrl Pts',(-28.3166015168925,17.0000000001185,-25.0103888932174));
#1870=CARTESIAN_POINT('Ctrl Pts',(-28.3178025163475,77.0000000001185,-25.0122908695013));
#1871=CARTESIAN_POINT('Ctrl Pts',(-28.3178025163475,17.0000000001185,-25.0122908695013));
#1872=CARTESIAN_POINT('Ctrl Pts',(-28.3263916697606,77.0000000001185,-25.0249246181936));
#1873=CARTESIAN_POINT('Ctrl Pts',(-28.3263916697606,17.0000000001185,-25.0249246181936));
#1874=CARTESIAN_POINT('Ctrl Pts',(-28.3469507593305,77.0000000001185,-25.0436371546392));
#1875=CARTESIAN_POINT('Ctrl Pts',(-28.3469507593305,17.0000000001185,-25.0436371546392));
#1876=CARTESIAN_POINT('Ctrl Pts',(-28.3871904583332,77.0000000001185,-25.0590171470603));
#1877=CARTESIAN_POINT('Ctrl Pts',(-28.3871904583332,17.0000000001185,-25.0590171470603));
#1878=CARTESIAN_POINT('Ctrl Pts',(-28.4485832380125,77.0000000001185,-25.0590171470604));
#1879=CARTESIAN_POINT('Ctrl Pts',(-28.4485832380125,17.0000000001185,-25.0590171470604));
#1880=CARTESIAN_POINT('Ctrl Pts',(-28.4972177103961,77.0000000001185,-25.0345482183637));
#1881=CARTESIAN_POINT('Ctrl Pts',(-28.4972177103961,17.0000000001185,-25.0345482183637));
#1882=CARTESIAN_POINT('Ctrl Pts',(-28.5174492671114,77.0000000001185,-24.9998670057558));
#1883=CARTESIAN_POINT('Ctrl Pts',(-28.5174492671114,17.0000000001185,-24.9998670057558));
#1884=CARTESIAN_POINT('Ctrl Pts',(-28.5219482742663,77.0000000001185,-24.968678656355));
#1885=CARTESIAN_POINT('Ctrl Pts',(-28.5219482742663,17.0000000001185,-24.968678656355));
#1886=CARTESIAN_POINT('Ctrl Pts',(-28.5219482742663,77.0000000001185,-24.9510659555652));
#1887=CARTESIAN_POINT('Ctrl Pts',(-28.5219482742663,17.0000000001185,-24.9510659555652));
#1888=CARTESIAN_POINT('',(-28.3166015168925,76.0000000001185,-25.0103888932174));
#1889=CARTESIAN_POINT('Ctrl Pts',(-28.5219482742663,76.0000000001186,-24.9510659555652));
#1890=CARTESIAN_POINT('Ctrl Pts',(-28.5219482742663,76.0000000001186,-24.9610156160686));
#1891=CARTESIAN_POINT('Ctrl Pts',(-28.5210824094582,76.0000000001186,-24.9701903904813));
#1892=CARTESIAN_POINT('Ctrl Pts',(-28.5193786510981,76.0000000001186,-24.9786026860333));
#1893=CARTESIAN_POINT('Ctrl Pts',(-28.5175419964292,76.0000000001186,-24.9876711562243));
#1894=CARTESIAN_POINT('Ctrl Pts',(-28.5147319744644,76.0000000001186,-24.9958540924028));
#1895=CARTESIAN_POINT('Ctrl Pts',(-28.5110426901058,76.0000000001186,-25.0031890190098));
#1896=CARTESIAN_POINT('Ctrl Pts',(-28.5069364703045,76.0000000001186,-25.0113528843958));
#1897=CARTESIAN_POINT('Ctrl Pts',(-28.5017416604539,76.0000000001186,-25.0184673077678));
#1898=CARTESIAN_POINT('Ctrl Pts',(-28.4956513375763,76.0000000001186,-25.0245975388071));
#1899=CARTESIAN_POINT('Ctrl Pts',(-28.4887415618063,76.0000000001186,-25.0315525923816));
#1900=CARTESIAN_POINT('Ctrl Pts',(-28.4806795704832,76.0000000001186,-25.0372421875587));
#1901=CARTESIAN_POINT('Ctrl Pts',(-28.4718127574787,76.0000000001186,-25.041755076602));
#1902=CARTESIAN_POINT('Ctrl Pts',(-28.4626096879626,76.0000000001186,-25.0464391081209));
#1903=CARTESIAN_POINT('Ctrl Pts',(-28.4525413548118,76.0000000001186,-25.0498570843766));
#1904=CARTESIAN_POINT('Ctrl Pts',(-28.4420440633386,76.0000000001186,-25.0520785413892));
#1905=CARTESIAN_POINT('Ctrl Pts',(-28.4314644746802,76.0000000001186,-25.0543174142904));
#1906=CARTESIAN_POINT('Ctrl Pts',(-28.4204508013961,76.0000000001186,-25.055341558634));
#1907=CARTESIAN_POINT('Ctrl Pts',(-28.4094695703583,76.0000000001186,-25.0551731298788));
#1908=CARTESIAN_POINT('Ctrl Pts',(-28.3985315564659,76.0000000001186,-25.0550053639828));
#1909=CARTESIAN_POINT('Ctrl Pts',(-28.3876270456416,76.0000000001186,-25.0536543598757));
#1910=CARTESIAN_POINT('Ctrl Pts',(-28.3772157119574,76.0000000001186,-25.0510911508511));
#1911=CARTESIAN_POINT('Ctrl Pts',(-28.3669457556519,76.0000000001186,-25.0485627481045));
#1912=CARTESIAN_POINT('Ctrl Pts',(-28.3571573281716,76.0000000001186,-25.04485396244));
#1913=CARTESIAN_POINT('Ctrl Pts',(-28.3482695773509,76.0000000001186,-25.0398921362342));
#1914=CARTESIAN_POINT('Ctrl Pts',(-28.3401507805816,76.0000000001186,-25.0353595993322));
#1915=CARTESIAN_POINT('Ctrl Pts',(-28.332784479002,76.0000000001186,-25.0297801199918));
#1916=CARTESIAN_POINT('Ctrl Pts',(-28.3264533934325,76.0000000001186,-25.0230788776699));
#1917=CARTESIAN_POINT('Ctrl Pts',(-28.3228125620306,76.0000000001186,-25.0192251794046));
#1918=CARTESIAN_POINT('Ctrl Pts',(-28.3195133369589,76.0000000001186,-25.0150002297891));
#1919=CARTESIAN_POINT('Ctrl Pts',(-28.3166015168925,76.0000000001186,-25.0103888932174));
#1920=CARTESIAN_POINT('',(-28.3166015168925,72.0000000001185,-25.0103888932174));
#1921=CARTESIAN_POINT('',(-28.3166015168925,77.0000000001185,-25.0103888932174));
#1922=CARTESIAN_POINT('Ctrl Pts',(-28.3166015168925,72.0000000001185,-25.0103888932174));
#1923=CARTESIAN_POINT('Ctrl Pts',(-28.321580279678,72.0000000001185,-25.0182735668547));
#1924=CARTESIAN_POINT('Ctrl Pts',(-28.3276946248853,72.0000000001185,-25.0250287461755));
#1925=CARTESIAN_POINT('Ctrl Pts',(-28.3347042944024,72.0000000001185,-25.0307296139059));
#1926=CARTESIAN_POINT('Ctrl Pts',(-28.3425293658736,72.0000000001185,-25.0370936368215));
#1927=CARTESIAN_POINT('Ctrl Pts',(-28.3514694678912,72.0000000001185,-25.0421453086711));
#1928=CARTESIAN_POINT('Ctrl Pts',(-28.3611260310115,72.0000000001185,-25.0459747292682));
#1929=CARTESIAN_POINT('Ctrl Pts',(-28.370897890087,72.0000000001185,-25.0498498717956));
#1930=CARTESIAN_POINT('Ctrl Pts',(-28.3814013488718,72.0000000001185,-25.0524749249467));
#1931=CARTESIAN_POINT('Ctrl Pts',(-28.392184485645,72.0000000001185,-25.0539054764412));
#1932=CARTESIAN_POINT('Ctrl Pts',(-28.4030266898572,72.0000000001185,-25.0553438641541));
#1933=CARTESIAN_POINT('Ctrl Pts',(-28.4141502404438,72.0000000001185,-25.0555748017046));
#1934=CARTESIAN_POINT('Ctrl Pts',(-28.4250834609572,72.0000000001185,-25.0546033156173));
#1935=CARTESIAN_POINT('Ctrl Pts',(-28.435905881188,72.0000000001185,-25.0536416748388));
#1936=CARTESIAN_POINT('Ctrl Pts',(-28.4465405040254,72.0000000001185,-25.0515017471144));
#1937=CARTESIAN_POINT('Ctrl Pts',(-28.4565377286164,72.0000000001185,-25.0481382462602));
#1938=CARTESIAN_POINT('Ctrl Pts',(-28.4660664972877,72.0000000001185,-25.0449323543375));
#1939=CARTESIAN_POINT('Ctrl Pts',(-28.4750146897922,72.0000000001185,-25.0406134900682));
#1940=CARTESIAN_POINT('Ctrl Pts',(-28.483019951959,72.0000000001185,-25.035107372739));
#1941=CARTESIAN_POINT('Ctrl Pts',(-28.4903475579138,72.0000000001185,-25.0300673556492));
#1942=CARTESIAN_POINT('Ctrl Pts',(-28.4968844430669,72.0000000001185,-25.0240315223887));
#1943=CARTESIAN_POINT('Ctrl Pts',(-28.5023903577192,72.0000000001185,-25.0169301317365));
#1944=CARTESIAN_POINT('Ctrl Pts',(-28.5073966310751,72.0000000001185,-25.0104731658993));
#1945=CARTESIAN_POINT('Ctrl Pts',(-28.5115499071957,72.0000000001185,-25.0031343028455));
#1946=CARTESIAN_POINT('Ctrl Pts',(-28.5147096883842,72.0000000001185,-24.9948625230909));
#1947=CARTESIAN_POINT('Ctrl Pts',(-28.5175436039351,72.0000000001185,-24.9874438051856));
#1948=CARTESIAN_POINT('Ctrl Pts',(-28.5195781602568,72.0000000001185,-24.9792741432233));
#1949=CARTESIAN_POINT('Ctrl Pts',(-28.5207518898562,72.0000000001185,-24.9703280424193));
#1950=CARTESIAN_POINT('Ctrl Pts',(-28.5215473982556,72.0000000001185,-24.9642647222688));
#1951=CARTESIAN_POINT('Ctrl Pts',(-28.5219482742663,72.0000000001185,-24.9578449708973));
#1952=CARTESIAN_POINT('Ctrl Pts',(-28.5219482742663,72.0000000001185,-24.9510659555652));
#1953=CARTESIAN_POINT('Origin',(-28.4266278276927,77.0000000001185,-24.9510659555652));
#1954=CARTESIAN_POINT('',(-28.3016278276927,76.0000000001185,-24.9510659555652));
#1955=CARTESIAN_POINT('Origin',(-28.4266278276927,76.0000000001186,-24.9510659555652));
#1956=CARTESIAN_POINT('',(-28.3016278276927,72.0000000001185,-24.9510659555652));
#1957=CARTESIAN_POINT('',(-28.3016278276927,77.0000000001185,-24.9510659555652));
#1958=CARTESIAN_POINT('Origin',(-28.4266278276927,72.0000000001185,-24.9510659555652));
#1959=CARTESIAN_POINT('Origin',(-28.3016278276927,77.0000000001185,-25.0760659555652));
#1960=CARTESIAN_POINT('',(-28.3016278276927,76.0000000001185,-24.8145180849072));
#1961=CARTESIAN_POINT('',(-28.3016278276927,76.0000000001186,-26.7184354544382));
#1962=CARTESIAN_POINT('',(-28.3016278276927,72.0000000001185,-24.8145180849072));
#1963=CARTESIAN_POINT('',(-28.3016278276927,65.0000000001185,-24.8145180849072));
#1964=CARTESIAN_POINT('',(-28.3016278276927,72.0000000001185,-24.479046673002));
#1965=CARTESIAN_POINT('Origin',(-28.1766278276927,65.0000000001185,-24.8145180849072));
#1966=CARTESIAN_POINT('',(-28.2017818727783,76.0000000001186,-24.6920751430288));
#1967=CARTESIAN_POINT('Origin',(-28.1766278276927,76.0000000001186,-24.8145180849072));
#1968=CARTESIAN_POINT('',(-28.2017818727783,72.0000000001185,-24.6920751430288));
#1969=CARTESIAN_POINT('',(-28.2017818727783,65.0000000001185,-24.6920751430288));
#1970=CARTESIAN_POINT('Origin',(-28.1766278276927,72.0000000001185,-24.8145180849072));
#1971=CARTESIAN_POINT('Origin',(-28.0771172024353,65.0000000001185,-24.692075940313));
#1972=CARTESIAN_POINT('',(-28.0771172024353,76.0000000001185,-24.692075940313));
#1973=CARTESIAN_POINT('',(-31.1336622422471,76.0000000001186,-24.6920563923922));
#1974=CARTESIAN_POINT('',(-28.0771172024353,72.0000000001185,-24.692075940313));
#1975=CARTESIAN_POINT('',(-28.0771172024353,65.0000000001185,-24.692075940313));
#1976=CARTESIAN_POINT('',(-29.5104153098217,72.0000000001185,-24.6920667737549));
#1977=CARTESIAN_POINT('Origin',(-28.0806691306546,65.0000000001185,-24.8169863434819));
#1978=CARTESIAN_POINT('',(-27.9557082367162,76.0000000001185,-24.8169863434819));
#1979=CARTESIAN_POINT('Origin',(-28.0806691306546,76.0000000001186,-24.8169863434819));
#1980=CARTESIAN_POINT('',(-27.9557082367162,72.0000000001185,-24.8169863434819));
#1981=CARTESIAN_POINT('',(-27.9557082367162,65.0000000001185,-24.8169863434819));
#1982=CARTESIAN_POINT('Origin',(-28.0806691306546,72.0000000001185,-24.8169863434819));
#1983=CARTESIAN_POINT('Origin',(-28.2007581053618,65.0000000001185,-24.341205950439));
#1984=CARTESIAN_POINT('',(-28.201303130994,76.0000000001186,-24.4420744843151));
#1985=CARTESIAN_POINT('Origin',(-28.2007581053618,76.0000000001186,-24.341205950439));
#1986=CARTESIAN_POINT('',(-28.201303130994,72.0000000001186,-24.4420744843151));
#1987=CARTESIAN_POINT('Origin',(-28.2007581053618,72.0000000001185,-24.341205950439));
#1988=CARTESIAN_POINT('',(-28.2013031310455,65.0000000001185,-24.4420744779736));
#1989=CARTESIAN_POINT('Origin',(-28.3037821596477,65.0000000001185,-24.4420744906736));
#1990=CARTESIAN_POINT('',(-28.0807815625661,76.0000000001185,-24.4420744906736));
#1991=CARTESIAN_POINT('',(-31.2470064525286,76.0000000001186,-24.4420744906736));
#1992=CARTESIAN_POINT('',(-28.0807815625661,72.0000000001185,-24.4420744906736));
#1993=CARTESIAN_POINT('',(-29.623745198182,72.0000000001185,-24.4420744906736));
#1994=CARTESIAN_POINT('',(-28.0807815625661,65.0000000001185,-24.4420744906736));
#1995=CARTESIAN_POINT('Origin',(-28.0807815625661,65.0000000001185,-24.3170011639456));
#1996=CARTESIAN_POINT('',(-27.9557082367162,76.0000000001185,-24.3169863434819));
#1997=CARTESIAN_POINT('Origin',(-28.0807815625661,76.0000000001186,-24.3170011639456));
#1998=CARTESIAN_POINT('',(-27.9557082367162,72.0000000001185,-24.3169863434819));
#1999=CARTESIAN_POINT('Origin',(-28.0807815625661,72.0000000001185,-24.3170011639456));
#2000=CARTESIAN_POINT('',(-27.9557082367162,65.0000000001185,-24.3169863434819));
#2001=CARTESIAN_POINT('Origin',(-27.8307082367162,65.0000000001185,-24.3169863434819));
#2002=CARTESIAN_POINT('',(-27.7057082367162,76.0000000001185,-24.3169863434819));
#2003=CARTESIAN_POINT('Origin',(-27.8307082367162,76.0000000001186,-24.3169863434819));
#2004=CARTESIAN_POINT('',(-27.7057082367162,72.0000000001185,-24.3169863434819));
#2005=CARTESIAN_POINT('Origin',(-27.8307082367162,72.0000000001185,-24.3169863434819));
#2006=CARTESIAN_POINT('',(-27.7057082367162,65.0000000001185,-24.3169863434819));
#2007=CARTESIAN_POINT('Origin',(-27.7057082367162,65.0000000001185,-24.3169863434819));
#2008=CARTESIAN_POINT('',(-27.7057082367162,76.0000000001185,-24.8169863434819));
#2009=CARTESIAN_POINT('',(-27.7057082367162,76.0000000001186,-26.3388956483966));
#2010=CARTESIAN_POINT('',(-27.7057082367162,72.0000000001185,-24.8169863434819));
#2011=CARTESIAN_POINT('',(-27.7057082367162,72.0000000001185,-24.0995068669603));
#2012=CARTESIAN_POINT('',(-27.7057082367162,65.0000000001185,-24.8169863434819));
#2013=CARTESIAN_POINT('Origin',(-27.8307082367162,65.0000000001185,-24.8169863434819));
#2014=CARTESIAN_POINT('Origin',(-27.8307082367162,76.0000000001186,-24.8169863434819));
#2015=CARTESIAN_POINT('Origin',(-27.8307082367162,72.0000000001185,-24.8169863434819));
#2016=CARTESIAN_POINT('Origin',(-30.7554520014724,77.0000000001185,-24.1420273888181));
#2017=CARTESIAN_POINT('',(-32.4728413734129,76.0000000001186,-24.1420273887954));
#2018=CARTESIAN_POINT('',(-30.7554520014724,72.0000000001186,-24.1420273888181));
#2019=CARTESIAN_POINT('Origin',(-34.1902307454095,76.0000000001186,-28.4008049533113));
#2020=CARTESIAN_POINT('',(-31.1735467230488,76.0000000001186,-24.4663021846832));
#2021=CARTESIAN_POINT('Origin',(-30.7054520015789,76.0000000001186,-24.6420501056723));
#2022=CARTESIAN_POINT('',(-32.80995635489,76.0000000001186,-28.8247873748142));
#2023=CARTESIAN_POINT('',(-32.0072582775233,76.0000000001185,-26.6868461073743));
#2024=CARTESIAN_POINT('',(-32.997194243478,76.0000000001186,-28.9544882064185));
#2025=CARTESIAN_POINT('Origin',(-32.997194243478,76.0000000001186,-28.7544882064185));
#2026=CARTESIAN_POINT('',(-36.2024247857014,76.0000000001186,-28.9544882064185));
#2027=CARTESIAN_POINT('',(-33.5937124944438,76.0000000001185,-28.9544882064185));
#2028=CARTESIAN_POINT('',(-36.2964416521678,76.0000000001186,-28.9037707186679));
#2029=CARTESIAN_POINT('Origin',(-36.2024247857014,76.0000000001186,-28.8419882064185));
#2030=CARTESIAN_POINT('',(-36.471251043424,76.0000000001186,-28.6377564276258));
#2031=CARTESIAN_POINT('',(-36.0942472027484,76.0000000001185,-29.211457924306));
#2032=CARTESIAN_POINT('',(-36.5590001187926,76.0000000001186,-28.5904201057252));
#2033=CARTESIAN_POINT('Origin',(-36.5590001187926,76.0000000001186,-28.6954201057252));
#2034=CARTESIAN_POINT('',(-37.0699635324847,76.0000000001186,-28.5904201057252));
#2035=CARTESIAN_POINT('',(-35.3746154321011,76.0000000001185,-28.5904201057252));
#2036=CARTESIAN_POINT('',(-37.1577126078533,76.0000000001186,-28.6377564276258));
#2037=CARTESIAN_POINT('Origin',(-37.0699635324847,76.0000000001186,-28.6954201057252));
#2038=CARTESIAN_POINT('',(-37.3325219991095,76.0000000001186,-28.9037707186679));
#2039=CARTESIAN_POINT('',(-36.6558472024782,76.0000000001185,-27.874048202055));
#2040=CARTESIAN_POINT('',(-37.4265388655759,76.0000000001186,-28.9544882064185));
#2041=CARTESIAN_POINT('Origin',(-37.4265388655759,76.0000000001186,-28.8419882064185));
#2042=CARTESIAN_POINT('',(-40.6317694077993,76.0000000001186,-28.9544882064185));
#2043=CARTESIAN_POINT('',(-35.8083848054927,76.0000000001185,-28.9544882064185));
#2044=CARTESIAN_POINT('',(-40.8190072963873,76.0000000001186,-28.8247873748142));
#2045=CARTESIAN_POINT('Origin',(-40.6317694077993,76.0000000001186,-28.7544882064185));
#2046=CARTESIAN_POINT('',(-42.4554169282294,76.0000000001186,-24.4663021846808));
#2047=CARTESIAN_POINT('',(-40.479276103181,76.0000000001185,-29.7296423361902));
#2048=CARTESIAN_POINT('',(-42.9235116496993,76.0000000001186,-24.1420501056699));
#2049=CARTESIAN_POINT('Origin',(-42.9235116496993,76.0000000001186,-24.64205010567));
#2050=CARTESIAN_POINT('',(-44.6445878707736,76.0000000001186,-24.1420501056699));
#2051=CARTESIAN_POINT('',(-38.5568711975544,76.0000000001185,-24.1420501056699));
#2052=CARTESIAN_POINT('',(-45.2708329885917,76.0000000001186,-24.1355596814249));
#2053=CARTESIAN_POINT('',(-39.7913713327948,76.0000000001186,-24.1923489956537));
#2054=CARTESIAN_POINT('',(-45.4355222350355,76.0000000001186,-24.2985509279581));
#2055=CARTESIAN_POINT('Origin',(-45.2725222350355,76.0000000001186,-24.2985509279581));
#2056=CARTESIAN_POINT('',(-45.4355222350355,76.0000000001186,-24.8294673716223));
#2057=CARTESIAN_POINT('',(-45.4355222350355,76.0000000001186,-26.2818946965809));
#2058=CARTESIAN_POINT('',(-46.1989969355337,76.0000000001185,-24.863592546791));
#2059=CARTESIAN_POINT('Origin',(-45.8180222350355,76.0000000001186,-24.8294673716223));
#2060=CARTESIAN_POINT('',(-46.1139191634069,76.0000000001185,-24.7420983997083));
#2061=CARTESIAN_POINT('Ctrl Pts',(-46.1139191634069,76.0000000001186,-24.7420983997083));
#2062=CARTESIAN_POINT('Ctrl Pts',(-46.1201708309663,76.0000000001186,-24.7420983597261));
#2063=CARTESIAN_POINT('Ctrl Pts',(-46.1260194618754,76.0000000001186,-24.7427075324595));
#2064=CARTESIAN_POINT('Ctrl Pts',(-46.131478392728,76.0000000001186,-24.7438971951373));
#2065=CARTESIAN_POINT('Ctrl Pts',(-46.1381220049945,76.0000000001186,-24.7453450349749));
#2066=CARTESIAN_POINT('Ctrl Pts',(-46.1441895442085,76.0000000001186,-24.747651675834));
#2067=CARTESIAN_POINT('Ctrl Pts',(-46.1497338805398,76.0000000001186,-24.750690325053));
#2068=CARTESIAN_POINT('Ctrl Pts',(-46.1571211588557,76.0000000001186,-24.754739023787));
#2069=CARTESIAN_POINT('Ctrl Pts',(-46.1635840901111,76.0000000001186,-24.7600833046687));
#2070=CARTESIAN_POINT('Ctrl Pts',(-46.1692414768995,76.0000000001186,-24.7663488656766));
#2071=CARTESIAN_POINT('Ctrl Pts',(-46.1739254091809,76.0000000001186,-24.7715363249335));
#2072=CARTESIAN_POINT('Ctrl Pts',(-46.1780577818511,76.0000000001186,-24.7773522258796));
#2073=CARTESIAN_POINT('Ctrl Pts',(-46.1816692725037,76.0000000001186,-24.7835967945579));
#2074=CARTESIAN_POINT('Ctrl Pts',(-46.1851731734845,76.0000000001186,-24.7896553317166));
#2075=CARTESIAN_POINT('Ctrl Pts',(-46.1881866207213,76.0000000001186,-24.7961166557935));
#2076=CARTESIAN_POINT('Ctrl Pts',(-46.1906994381714,76.0000000001186,-24.8028315664457));
#2077=CARTESIAN_POINT('Ctrl Pts',(-46.1932700551997,76.0000000001186,-24.8097009328079));
#2078=CARTESIAN_POINT('Ctrl Pts',(-46.1953156247015,76.0000000001186,-24.816835204462));
#2079=CARTESIAN_POINT('Ctrl Pts',(-46.1967917773307,76.0000000001186,-24.8241203501753));
#2080=CARTESIAN_POINT('Ctrl Pts',(-46.19822313325,76.0000000001186,-24.831184414035));
#2081=CARTESIAN_POINT('Ctrl Pts',(-46.199117235702,76.0000000001186,-24.8383904159844));
#2082=CARTESIAN_POINT('Ctrl Pts',(-46.1994246976044,76.0000000001186,-24.8456787584727));
#2083=CARTESIAN_POINT('Ctrl Pts',(-46.1996744133853,76.0000000001186,-24.8515982370201));
#2084=CARTESIAN_POINT('Ctrl Pts',(-46.199536140829,76.0000000001186,-24.8575728392035));
#2085=CARTESIAN_POINT('Ctrl Pts',(-46.1989969355337,76.0000000001186,-24.863592546791));
#2086=CARTESIAN_POINT('',(-46.0009674935883,76.0000000001185,-24.8406790747123));
#2087=CARTESIAN_POINT('Origin',(-46.113919892486,76.0000000001186,-24.8560983997059));
#2088=CARTESIAN_POINT('',(-45.8219727848215,76.0000000001185,-24.9919193434675));
#2089=CARTESIAN_POINT('Origin',(-45.8275756531752,76.0000000001186,-24.8170090582747));
#2090=CARTESIAN_POINT('',(-45.6555222350355,76.0000000001185,-24.8294673716223));
#2091=CARTESIAN_POINT('Origin',(-45.8180222350355,76.0000000001186,-24.8294673716223));
#2092=CARTESIAN_POINT('',(-45.6555222350355,76.0000000001185,-24.3044673716223));
#2093=CARTESIAN_POINT('',(-45.6555222350355,76.0000000001186,-26.6151361624668));
#2094=CARTESIAN_POINT('',(-45.8234438857343,76.0000000001185,-24.1420578407945));
#2095=CARTESIAN_POINT('Origin',(-45.8180222350355,76.0000000001186,-24.3044673716223));
#2096=CARTESIAN_POINT('',(-46.0009821313678,76.0000000001185,-24.2934465176468));
#2097=CARTESIAN_POINT('Origin',(-45.8275756531752,76.0000000001186,-24.3170090582747));
#2098=CARTESIAN_POINT('',(-46.1139440657332,76.0000000001185,-24.3920972054807));
#2099=CARTESIAN_POINT('Origin',(-46.1139440657332,76.0000000001186,-24.2780972054664));
#2100=CARTESIAN_POINT('',(-46.1990267284447,76.0000000001185,-24.2706764551878));
#2101=CARTESIAN_POINT('Ctrl Pts',(-46.1990267284447,76.0000000001186,-24.2706764551878));
#2102=CARTESIAN_POINT('Ctrl Pts',(-46.1996511415343,76.0000000001186,-24.2777169328659));
#2103=CARTESIAN_POINT('Ctrl Pts',(-46.1997267286657,76.0000000001186,-24.2846964508856));
#2104=CARTESIAN_POINT('Ctrl Pts',(-46.1992767746016,76.0000000001186,-24.2915962692589));
#2105=CARTESIAN_POINT('Ctrl Pts',(-46.1987841558946,76.0000000001186,-24.2991503283896));
#2106=CARTESIAN_POINT('Ctrl Pts',(-46.1976645313498,76.0000000001186,-24.3066095046154));
#2107=CARTESIAN_POINT('Ctrl Pts',(-46.1959740016106,76.0000000001186,-24.3138987600619));
#2108=CARTESIAN_POINT('Ctrl Pts',(-46.1943335894606,76.0000000001186,-24.3209719176177));
#2109=CARTESIAN_POINT('Ctrl Pts',(-46.1921572340673,76.0000000001186,-24.3278846799853));
#2110=CARTESIAN_POINT('Ctrl Pts',(-46.1894825909383,76.0000000001186,-24.3345227875888));
#2111=CARTESIAN_POINT('Ctrl Pts',(-46.1868124781424,76.0000000001186,-24.3411496515097));
#2112=CARTESIAN_POINT('Ctrl Pts',(-46.183646678694,76.0000000001186,-24.347502385023));
#2113=CARTESIAN_POINT('Ctrl Pts',(-46.1799893488925,76.0000000001186,-24.3534259911471));
#2114=CARTESIAN_POINT('Ctrl Pts',(-46.1761288412112,76.0000000001186,-24.3596786749858));
#2115=CARTESIAN_POINT('Ctrl Pts',(-46.1717209745118,76.0000000001186,-24.3654524902827));
#2116=CARTESIAN_POINT('Ctrl Pts',(-46.1667254561529,76.0000000001186,-24.3705282065995));
#2117=CARTESIAN_POINT('Ctrl Pts',(-46.1609703327151,76.0000000001186,-24.3763757226808));
#2118=CARTESIAN_POINT('Ctrl Pts',(-46.1544334090942,76.0000000001186,-24.3812915447875));
#2119=CARTESIAN_POINT('Ctrl Pts',(-46.1469991548074,76.0000000001186,-24.3849311521567));
#2120=CARTESIAN_POINT('Ctrl Pts',(-46.1420365026915,76.0000000001186,-24.3873607307687));
#2121=CARTESIAN_POINT('Ctrl Pts',(-46.1366724229044,76.0000000001186,-24.3892208337763));
#2122=CARTESIAN_POINT('Ctrl Pts',(-46.1308731175879,76.0000000001186,-24.3904317453583));
#2123=CARTESIAN_POINT('Ctrl Pts',(-46.1255951382337,76.0000000001186,-24.3915338025842));
#2124=CARTESIAN_POINT('Ctrl Pts',(-46.1199559595898,76.0000000001186,-24.3920972054664));
#2125=CARTESIAN_POINT('Ctrl Pts',(-46.1139440657332,76.0000000001186,-24.3920972054664));
#2126=CARTESIAN_POINT('',(-45.8100670648303,76.0000000001186,-23.9220501056699));
#2127=CARTESIAN_POINT('Origin',(-45.8180222350355,76.0000000001186,-24.3044673716223));
#2128=CARTESIAN_POINT('',(-42.9235116496993,76.0000000001186,-23.9220501056699));
#2129=CARTESIAN_POINT('',(-39.0556588628262,76.0000000001185,-23.9220501056699));
#2130=CARTESIAN_POINT('',(-42.2494552507826,76.0000000001186,-24.3889730994456));
#2131=CARTESIAN_POINT('Origin',(-42.9235116496993,76.0000000001186,-24.64205010567));
#2132=CARTESIAN_POINT('',(-40.6544377835828,76.0000000001186,-28.6372125827153));
#2133=CARTESIAN_POINT('',(-41.0915192416553,76.0000000001185,-27.4730706558883));
#2134=CARTESIAN_POINT('',(-40.5140093671418,76.0000000001186,-28.7344882064185));
#2135=CARTESIAN_POINT('Origin',(-40.5140093671418,76.0000000001186,-28.5844882064185));
#2136=CARTESIAN_POINT('',(-37.4845298424943,76.0000000001186,-28.7344882064185));
#2137=CARTESIAN_POINT('',(-37.3521200562757,76.0000000001185,-28.7344882064185));
#2138=CARTESIAN_POINT('',(-37.3415678133876,76.0000000001186,-28.5169372925605));
#2139=CARTESIAN_POINT('',(-36.9111834225658,76.0000000001185,-27.8620045239186));
#2140=CARTESIAN_POINT('',(-37.0699635324847,76.0000000001186,-28.3704201057252));
#2141=CARTESIAN_POINT('Origin',(-37.0699635324847,76.0000000001186,-28.6954201057252));
#2142=CARTESIAN_POINT('',(-36.5590001187926,76.0000000001186,-28.3704201057252));
#2143=CARTESIAN_POINT('',(-35.6300971389471,76.0000000001185,-28.3704201057252));
#2144=CARTESIAN_POINT('',(-36.2873958378897,76.0000000001186,-28.5169372925605));
#2145=CARTESIAN_POINT('Origin',(-36.5590001187926,76.0000000001186,-28.6954201057252));
#2146=CARTESIAN_POINT('',(-36.1444338087829,76.0000000001186,-28.7344882064185));
#2147=CARTESIAN_POINT('',(-35.9977966928422,76.0000000001185,-28.9576316437196));
#2148=CARTESIAN_POINT('',(-33.1149542841355,76.0000000001186,-28.7344882064185));
#2149=CARTESIAN_POINT('',(-35.1673322770962,76.0000000001185,-28.7344882064185));
#2150=CARTESIAN_POINT('',(-32.9745258676945,76.0000000001186,-28.6372125827153));
#2151=CARTESIAN_POINT('Origin',(-33.1149542841355,76.0000000001186,-28.5844882064185));
#2152=CARTESIAN_POINT('',(-31.3795084004955,76.0000000001186,-24.388973099448));
#2153=CARTESIAN_POINT('',(-33.0107286885695,76.0000000001185,-28.7336367637727));
#2154=CARTESIAN_POINT('Origin',(-30.7054520015789,76.0000000001186,-24.6420501056723));
#2155=CARTESIAN_POINT('Origin',(-45.4355222350355,77.0000000001185,-24.1629844398505));
#2156=CARTESIAN_POINT('',(-45.4355222350355,72.0000000001186,-24.2985509279581));
#2157=CARTESIAN_POINT('',(-45.4355222350355,77.0000000001185,-24.2985509279581));
#2158=CARTESIAN_POINT('',(-45.4355222350355,72.0000000001186,-24.8294673716223));
#2159=CARTESIAN_POINT('',(-45.4355222350355,72.0000000001186,-24.8694673716223));
#2160=CARTESIAN_POINT('',(-45.4355222350355,77.0000000001185,-24.8294673716223));
#2161=CARTESIAN_POINT('Origin',(-45.2725222350355,77.0000000001185,-24.2985509279581));
#2162=CARTESIAN_POINT('',(-45.2708329885917,72.0000000001186,-24.1355596814249));
#2163=CARTESIAN_POINT('',(-45.2708329885917,77.0000000001185,-24.1355596814249));
#2164=CARTESIAN_POINT('Origin',(-45.2725222350355,72.0000000001186,-24.2985509279581));
#2165=CARTESIAN_POINT('Origin',(-45.4355222350355,77.0000000001185,-24.1338528368563));
#2166=CARTESIAN_POINT('',(-44.6445878707736,72.0000000001186,-24.1420501056699));
#2167=CARTESIAN_POINT('',(-44.6445878707736,77.0000000001185,-24.1420501056699));
#2168=CARTESIAN_POINT('',(-44.6445878707736,72.0000000001186,-24.1420501056699));
#2169=CARTESIAN_POINT('Origin',(-42.9235116496993,72.0000000001186,-24.1420501056699));
#2170=CARTESIAN_POINT('',(-42.9235116496993,72.0000000001186,-24.1420501056699));
#2171=CARTESIAN_POINT('',(-42.9235116496993,72.0000000001186,-24.1420501056699));
#2172=CARTESIAN_POINT('',(-42.9235116496993,72.0000000001186,-24.1420501056699));
#2173=CARTESIAN_POINT('Origin',(-42.9235116496993,72.0000000001186,-24.64205010567));
#2174=CARTESIAN_POINT('',(-42.4554169282294,72.0000000001186,-24.4663021846808));
#2175=CARTESIAN_POINT('',(-42.4554169282294,72.0000000001186,-24.4663021846808));
#2176=CARTESIAN_POINT('Origin',(-42.9235116496993,72.0000000001186,-24.64205010567));
#2177=CARTESIAN_POINT('Origin',(-40.8190072963873,72.0000000001186,-28.8247873748142));
#2178=CARTESIAN_POINT('',(-40.8190072963873,72.0000000001186,-28.8247873748142));
#2179=CARTESIAN_POINT('',(-40.8190072963873,72.0000000001186,-28.8247873748142));
#2180=CARTESIAN_POINT('',(-42.4554169282294,72.0000000001186,-24.4663021846808));
#2181=CARTESIAN_POINT('Origin',(-40.6317694077993,72.0000000001186,-28.7544882064185));
#2182=CARTESIAN_POINT('',(-40.6317694077993,72.0000000001186,-28.9544882064185));
#2183=CARTESIAN_POINT('',(-40.6317694077993,72.0000000001186,-28.9544882064185));
#2184=CARTESIAN_POINT('Origin',(-40.6317694077993,72.0000000001186,-28.7544882064185));
#2185=CARTESIAN_POINT('Origin',(-37.4265388655759,72.0000000001186,-28.9544882064185));
#2186=CARTESIAN_POINT('',(-37.4265388655759,72.0000000001186,-28.9544882064185));
#2187=CARTESIAN_POINT('',(-37.4265388655759,72.0000000001186,-28.9544882064185));
#2188=CARTESIAN_POINT('',(-40.6413882269991,72.0000000001186,-28.9544882064185));
#2189=CARTESIAN_POINT('Origin',(-37.4265388655759,72.0000000001186,-28.8419882064185));
#2190=CARTESIAN_POINT('',(-37.3325219991095,72.0000000001186,-28.9037707186679));
#2191=CARTESIAN_POINT('',(-37.3325219991095,72.0000000001186,-28.9037707186679));
#2192=CARTESIAN_POINT('Origin',(-37.4265388655759,72.0000000001186,-28.8419882064185));
#2193=CARTESIAN_POINT('Origin',(-37.1577126078533,72.0000000001186,-28.6377564276258));
#2194=CARTESIAN_POINT('',(-37.1577126078533,72.0000000001186,-28.6377564276258));
#2195=CARTESIAN_POINT('',(-37.1577126078533,72.0000000001186,-28.6377564276258));
#2196=CARTESIAN_POINT('',(-37.1577126078533,72.0000000001186,-28.6377564276258));
#2197=CARTESIAN_POINT('Origin',(-37.0699635324847,72.0000000001186,-28.6954201057252));
#2198=CARTESIAN_POINT('',(-37.0699635324847,72.0000000001186,-28.5904201057252));
#2199=CARTESIAN_POINT('',(-37.0699635324847,72.0000000001186,-28.5904201057252));
#2200=CARTESIAN_POINT('Origin',(-37.0699635324847,72.0000000001186,-28.6954201057252));
#2201=CARTESIAN_POINT('Origin',(-36.5590001187926,72.0000000001186,-28.5904201057252));
#2202=CARTESIAN_POINT('',(-36.5590001187926,72.0000000001186,-28.5904201057252));
#2203=CARTESIAN_POINT('',(-36.5590001187926,72.0000000001186,-28.5904201057252));
#2204=CARTESIAN_POINT('',(-36.5590001187926,72.0000000001186,-28.5904201057252));
#2205=CARTESIAN_POINT('Origin',(-36.5590001187926,72.0000000001186,-28.6954201057252));
#2206=CARTESIAN_POINT('',(-36.471251043424,72.0000000001186,-28.6377564276258));
#2207=CARTESIAN_POINT('',(-36.471251043424,72.0000000001186,-28.6377564276258));
#2208=CARTESIAN_POINT('Origin',(-36.5590001187926,72.0000000001186,-28.6954201057252));
#2209=CARTESIAN_POINT('Origin',(-36.2964416521678,72.0000000001186,-28.9037707186679));
#2210=CARTESIAN_POINT('',(-36.2964416521678,72.0000000001186,-28.9037707186679));
#2211=CARTESIAN_POINT('',(-36.2964416521678,72.0000000001186,-28.9037707186679));
#2212=CARTESIAN_POINT('',(-36.2964416521678,72.0000000001186,-28.9037707186679));
#2213=CARTESIAN_POINT('Origin',(-36.2024247857014,72.0000000001186,-28.8419882064185));
#2214=CARTESIAN_POINT('',(-36.2024247857014,72.0000000001186,-28.9544882064185));
#2215=CARTESIAN_POINT('',(-36.2024247857014,72.0000000001186,-28.9544882064185));
#2216=CARTESIAN_POINT('Origin',(-36.2024247857014,72.0000000001186,-28.8419882064185));
#2217=CARTESIAN_POINT('Origin',(-32.997194243478,72.0000000001186,-28.9544882064185));
#2218=CARTESIAN_POINT('',(-32.997194243478,72.0000000001186,-28.9544882064185));
#2219=CARTESIAN_POINT('',(-32.997194243478,72.0000000001186,-28.9544882064185));
#2220=CARTESIAN_POINT('',(-36.2024247857014,72.0000000001186,-28.9544882064185));
#2221=CARTESIAN_POINT('Origin',(-32.997194243478,72.0000000001186,-28.7544882064185));
#2222=CARTESIAN_POINT('',(-32.80995635489,72.0000000001186,-28.8247873748142));
#2223=CARTESIAN_POINT('',(-32.80995635489,72.0000000001186,-28.8247873748142));
#2224=CARTESIAN_POINT('Origin',(-32.997194243478,72.0000000001186,-28.7544882064185));
#2225=CARTESIAN_POINT('Origin',(-31.1735467230488,72.0000000001186,-24.4663021846832));
#2226=CARTESIAN_POINT('',(-31.1735467230488,72.0000000001186,-24.4663021846832));
#2227=CARTESIAN_POINT('',(-31.1735467230488,72.0000000001186,-24.4663021846832));
#2228=CARTESIAN_POINT('',(-31.1735467230488,72.0000000001186,-24.4663021846832));
#2229=CARTESIAN_POINT('Origin',(-30.7054520015789,72.0000000001186,-24.6420501056723));
#2230=CARTESIAN_POINT('Origin',(-30.7054520015789,72.0000000001186,-24.6420501056723));
#2231=CARTESIAN_POINT('Origin',(-30.7054520015789,72.0000000001186,-24.6420501056723));
#2232=CARTESIAN_POINT('',(-31.3795084004955,72.0000000001186,-24.388973099448));
#2233=CARTESIAN_POINT('',(-31.3795084004955,72.0000000001186,-24.388973099448));
#2234=CARTESIAN_POINT('Origin',(-30.7054520015789,72.0000000001186,-24.6420501056723));
#2235=CARTESIAN_POINT('Origin',(-32.9745258676945,72.0000000001186,-28.6372125827153));
#2236=CARTESIAN_POINT('',(-32.9745258676945,72.0000000001186,-28.6372125827153));
#2237=CARTESIAN_POINT('',(-32.9745258676945,72.0000000001186,-28.6372125827153));
#2238=CARTESIAN_POINT('',(-31.3795084004955,72.0000000001186,-24.388973099448));
#2239=CARTESIAN_POINT('Origin',(-33.1149542841355,72.0000000001186,-28.5844882064185));
#2240=CARTESIAN_POINT('',(-33.1149542841355,72.0000000001186,-28.7344882064185));
#2241=CARTESIAN_POINT('',(-33.1149542841355,72.0000000001186,-28.7344882064185));
#2242=CARTESIAN_POINT('Origin',(-33.1149542841355,72.0000000001186,-28.5844882064185));
#2243=CARTESIAN_POINT('Origin',(-36.1444338087829,72.0000000001186,-28.7344882064185));
#2244=CARTESIAN_POINT('',(-36.1444338087829,72.0000000001186,-28.7344882064185));
#2245=CARTESIAN_POINT('',(-36.1444338087829,72.0000000001186,-28.7344882064185));
#2246=CARTESIAN_POINT('',(-36.1444338087829,72.0000000001186,-28.7344882064185));
#2247=CARTESIAN_POINT('Origin',(-36.2873958378897,72.0000000001186,-28.5169372925605));
#2248=CARTESIAN_POINT('',(-36.2873958378897,72.0000000001186,-28.5169372925605));
#2249=CARTESIAN_POINT('',(-36.2873958378897,72.0000000001186,-28.5169372925605));
#2250=CARTESIAN_POINT('',(-36.1444338087829,72.0000000001186,-28.7344882064185));
#2251=CARTESIAN_POINT('Origin',(-36.5590001187926,72.0000000001186,-28.6954201057252));
#2252=CARTESIAN_POINT('',(-36.5590001187926,72.0000000001186,-28.3704201057252));
#2253=CARTESIAN_POINT('',(-36.5590001187926,72.0000000001186,-28.3704201057252));
#2254=CARTESIAN_POINT('Origin',(-36.5590001187926,72.0000000001186,-28.6954201057252));
#2255=CARTESIAN_POINT('Origin',(-37.0699635324847,72.0000000001186,-28.3704201057252));
#2256=CARTESIAN_POINT('',(-37.0699635324847,72.0000000001186,-28.3704201057252));
#2257=CARTESIAN_POINT('',(-37.0699635324847,72.0000000001186,-28.3704201057252));
#2258=CARTESIAN_POINT('',(-36.5590001187926,72.0000000001186,-28.3704201057252));
#2259=CARTESIAN_POINT('Origin',(-37.0699635324847,72.0000000001186,-28.6954201057252));
#2260=CARTESIAN_POINT('',(-37.3415678133876,72.0000000001186,-28.5169372925605));
#2261=CARTESIAN_POINT('',(-37.3415678133876,72.0000000001186,-28.5169372925605));
#2262=CARTESIAN_POINT('Origin',(-37.0699635324847,72.0000000001186,-28.6954201057252));
#2263=CARTESIAN_POINT('Origin',(-37.4845298424943,72.0000000001186,-28.7344882064185));
#2264=CARTESIAN_POINT('',(-37.4845298424943,72.0000000001186,-28.7344882064185));
#2265=CARTESIAN_POINT('',(-37.4845298424943,72.0000000001186,-28.7344882064185));
#2266=CARTESIAN_POINT('',(-37.3415678133876,72.0000000001186,-28.5169372925605));
#2267=CARTESIAN_POINT('Origin',(-40.5140093671418,72.0000000001186,-28.7344882064185));
#2268=CARTESIAN_POINT('',(-40.5140093671418,72.0000000001186,-28.7344882064185));
#2269=CARTESIAN_POINT('',(-40.5140093671418,72.0000000001186,-28.7344882064185));
#2270=CARTESIAN_POINT('',(-40.5140093671418,72.0000000001186,-28.7344882064185));
#2271=CARTESIAN_POINT('Origin',(-40.5140093671418,72.0000000001186,-28.5844882064185));
#2272=CARTESIAN_POINT('',(-40.6544377835828,72.0000000001186,-28.6372125827153));
#2273=CARTESIAN_POINT('',(-40.6544377835828,72.0000000001186,-28.6372125827153));
#2274=CARTESIAN_POINT('Origin',(-40.5140093671418,72.0000000001186,-28.5844882064185));
#2275=CARTESIAN_POINT('Origin',(-42.2494552507826,72.0000000001186,-24.3889730994456));
#2276=CARTESIAN_POINT('',(-42.2494552507826,72.0000000001186,-24.3889730994456));
#2277=CARTESIAN_POINT('',(-42.2494552507826,72.0000000001186,-24.3889730994456));
#2278=CARTESIAN_POINT('',(-42.2494552507826,72.0000000001186,-24.3889730994456));
#2279=CARTESIAN_POINT('Origin',(-42.9235116496993,72.0000000001186,-24.64205010567));
#2280=CARTESIAN_POINT('',(-42.9235116496993,72.0000000001186,-23.9220501056699));
#2281=CARTESIAN_POINT('',(-42.9235116496993,72.0000000001186,-23.9220501056699));
#2282=CARTESIAN_POINT('Origin',(-42.9235116496993,72.0000000001186,-24.64205010567));
#2283=CARTESIAN_POINT('Origin',(-34.1902307454095,72.0000000001186,-28.4008049533113));
#2284=CARTESIAN_POINT('',(-45.8100670648303,72.0000000001185,-23.9220501056699));
#2285=CARTESIAN_POINT('',(-44.6512589626199,72.0000000001186,-23.9220501056699));
#2286=CARTESIAN_POINT('',(-46.1990267284447,72.0000000001185,-24.2706764551878));
#2287=CARTESIAN_POINT('Origin',(-45.8180222350355,72.0000000001185,-24.3044673716223));
#2288=CARTESIAN_POINT('',(-46.1139440657332,72.0000000001185,-24.3920972054664));
#2289=CARTESIAN_POINT('Ctrl Pts',(-46.1990267284447,72.0000000001185,-24.2706764551878));
#2290=CARTESIAN_POINT('Ctrl Pts',(-46.1996511415343,72.0000000001185,-24.2777169328659));
#2291=CARTESIAN_POINT('Ctrl Pts',(-46.1997267286657,72.0000000001185,-24.2846964508856));
#2292=CARTESIAN_POINT('Ctrl Pts',(-46.1992767746016,72.0000000001185,-24.2915962692589));
#2293=CARTESIAN_POINT('Ctrl Pts',(-46.1987841558946,72.0000000001185,-24.2991503283896));
#2294=CARTESIAN_POINT('Ctrl Pts',(-46.1976645313498,72.0000000001185,-24.3066095046154));
#2295=CARTESIAN_POINT('Ctrl Pts',(-46.1959740016106,72.0000000001185,-24.3138987600619));
#2296=CARTESIAN_POINT('Ctrl Pts',(-46.1943335894606,72.0000000001185,-24.3209719176177));
#2297=CARTESIAN_POINT('Ctrl Pts',(-46.1921572340673,72.0000000001185,-24.3278846799853));
#2298=CARTESIAN_POINT('Ctrl Pts',(-46.1894825909383,72.0000000001185,-24.3345227875888));
#2299=CARTESIAN_POINT('Ctrl Pts',(-46.1868124781424,72.0000000001185,-24.3411496515097));
#2300=CARTESIAN_POINT('Ctrl Pts',(-46.183646678694,72.0000000001185,-24.347502385023));
#2301=CARTESIAN_POINT('Ctrl Pts',(-46.1799893488925,72.0000000001185,-24.3534259911471));
#2302=CARTESIAN_POINT('Ctrl Pts',(-46.1761288412112,72.0000000001185,-24.3596786749858));
#2303=CARTESIAN_POINT('Ctrl Pts',(-46.1717209745118,72.0000000001185,-24.3654524902827));
#2304=CARTESIAN_POINT('Ctrl Pts',(-46.1667254561529,72.0000000001185,-24.3705282065995));
#2305=CARTESIAN_POINT('Ctrl Pts',(-46.1609703327151,72.0000000001185,-24.3763757226808));
#2306=CARTESIAN_POINT('Ctrl Pts',(-46.1544334090942,72.0000000001185,-24.3812915447875));
#2307=CARTESIAN_POINT('Ctrl Pts',(-46.1469991548074,72.0000000001185,-24.3849311521567));
#2308=CARTESIAN_POINT('Ctrl Pts',(-46.1420365026915,72.0000000001185,-24.3873607307687));
#2309=CARTESIAN_POINT('Ctrl Pts',(-46.1366724229044,72.0000000001185,-24.3892208337763));
#2310=CARTESIAN_POINT('Ctrl Pts',(-46.1308731175879,72.0000000001185,-24.3904317453583));
#2311=CARTESIAN_POINT('Ctrl Pts',(-46.1255951382337,72.0000000001185,-24.3915338025842));
#2312=CARTESIAN_POINT('Ctrl Pts',(-46.1199559595898,72.0000000001185,-24.3920972054664));
#2313=CARTESIAN_POINT('Ctrl Pts',(-46.1139440657332,72.0000000001185,-24.3920972054664));
#2314=CARTESIAN_POINT('',(-46.0009821313678,72.0000000001185,-24.2934465176468));
#2315=CARTESIAN_POINT('Origin',(-46.1139440657332,72.0000000001185,-24.2780972054664));
#2316=CARTESIAN_POINT('',(-45.8234438857343,72.0000000001185,-24.1420578407945));
#2317=CARTESIAN_POINT('Origin',(-45.8275756531752,72.0000000001185,-24.3170090582747));
#2318=CARTESIAN_POINT('',(-45.6555222350355,72.0000000001185,-24.3044673716223));
#2319=CARTESIAN_POINT('Origin',(-45.8180222350355,72.0000000001185,-24.3044673716223));
#2320=CARTESIAN_POINT('',(-45.6555222350355,72.0000000001185,-24.8294673716223));
#2321=CARTESIAN_POINT('',(-45.6555222350355,72.0000000001185,-24.355758738427));
#2322=CARTESIAN_POINT('',(-45.8219727848215,72.0000000001185,-24.9919193434675));
#2323=CARTESIAN_POINT('Origin',(-45.8180222350355,72.0000000001185,-24.8294673716223));
#2324=CARTESIAN_POINT('',(-46.0009674935883,72.0000000001185,-24.8406790747123));
#2325=CARTESIAN_POINT('Origin',(-45.8275756531752,72.0000000001185,-24.8170090582747));
#2326=CARTESIAN_POINT('',(-46.1139191634069,72.0000000001185,-24.7420983997083));
#2327=CARTESIAN_POINT('Origin',(-46.113919892486,72.0000000001185,-24.8560983997059));
#2328=CARTESIAN_POINT('',(-46.1989969355337,72.0000000001185,-24.863592546791));
#2329=CARTESIAN_POINT('Ctrl Pts',(-46.1139191634069,72.0000000001185,-24.7420983997083));
#2330=CARTESIAN_POINT('Ctrl Pts',(-46.1201708309663,72.0000000001185,-24.7420983597261));
#2331=CARTESIAN_POINT('Ctrl Pts',(-46.1260194618754,72.0000000001185,-24.7427075324595));
#2332=CARTESIAN_POINT('Ctrl Pts',(-46.131478392728,72.0000000001185,-24.7438971951373));
#2333=CARTESIAN_POINT('Ctrl Pts',(-46.1381220049945,72.0000000001185,-24.7453450349749));
#2334=CARTESIAN_POINT('Ctrl Pts',(-46.1441895442085,72.0000000001185,-24.747651675834));
#2335=CARTESIAN_POINT('Ctrl Pts',(-46.1497338805398,72.0000000001185,-24.750690325053));
#2336=CARTESIAN_POINT('Ctrl Pts',(-46.1571211588557,72.0000000001185,-24.754739023787));
#2337=CARTESIAN_POINT('Ctrl Pts',(-46.1635840901111,72.0000000001185,-24.7600833046687));
#2338=CARTESIAN_POINT('Ctrl Pts',(-46.1692414768995,72.0000000001185,-24.7663488656766));
#2339=CARTESIAN_POINT('Ctrl Pts',(-46.1739254091809,72.0000000001185,-24.7715363249335));
#2340=CARTESIAN_POINT('Ctrl Pts',(-46.1780577818511,72.0000000001185,-24.7773522258796));
#2341=CARTESIAN_POINT('Ctrl Pts',(-46.1816692725037,72.0000000001185,-24.7835967945579));
#2342=CARTESIAN_POINT('Ctrl Pts',(-46.1851731734845,72.0000000001185,-24.7896553317166));
#2343=CARTESIAN_POINT('Ctrl Pts',(-46.1881866207213,72.0000000001185,-24.7961166557935));
#2344=CARTESIAN_POINT('Ctrl Pts',(-46.1906994381714,72.0000000001185,-24.8028315664457));
#2345=CARTESIAN_POINT('Ctrl Pts',(-46.1932700551997,72.0000000001185,-24.8097009328079));
#2346=CARTESIAN_POINT('Ctrl Pts',(-46.1953156247015,72.0000000001185,-24.816835204462));
#2347=CARTESIAN_POINT('Ctrl Pts',(-46.1967917773307,72.0000000001185,-24.8241203501753));
#2348=CARTESIAN_POINT('Ctrl Pts',(-46.19822313325,72.0000000001185,-24.831184414035));
#2349=CARTESIAN_POINT('Ctrl Pts',(-46.199117235702,72.0000000001185,-24.8383904159844));
#2350=CARTESIAN_POINT('Ctrl Pts',(-46.1994246976044,72.0000000001185,-24.8456787584727));
#2351=CARTESIAN_POINT('Ctrl Pts',(-46.1996744133853,72.0000000001185,-24.8515982370201));
#2352=CARTESIAN_POINT('Ctrl Pts',(-46.199536140829,72.0000000001185,-24.8575728392035));
#2353=CARTESIAN_POINT('Ctrl Pts',(-46.1989969355337,72.0000000001185,-24.863592546791));
#2354=CARTESIAN_POINT('Origin',(-45.8180222350355,72.0000000001185,-24.8294673716223));
#2355=CARTESIAN_POINT('Origin',(-43.9210869802428,72.0000000001186,-23.9220501056699));
#2356=CARTESIAN_POINT('',(-45.8100670648303,77.0000000001185,-23.9220501056699));
#2357=CARTESIAN_POINT('Origin',(-45.8275756531752,77.0000000001185,-24.8170090582747));
#2358=CARTESIAN_POINT('',(-46.0009674935883,77.0000000001185,-24.8406790747123));
#2359=CARTESIAN_POINT('',(-45.8219727848216,77.0000000001185,-24.9919193434675));
#2360=CARTESIAN_POINT('Origin',(-46.113919892486,77.0000000001185,-24.8560983997059));
#2361=CARTESIAN_POINT('',(-46.1139191634069,77.0000000001185,-24.7420983997083));
#2362=CARTESIAN_POINT('Origin',(-46.1139440657332,77.0000000001185,-24.2780972054664));
#2363=CARTESIAN_POINT('',(-46.0009821313678,77.0000000001185,-24.2934465176468));
#2364=CARTESIAN_POINT('',(-46.1139440657332,77.0000000001185,-24.3920972054664));
#2365=CARTESIAN_POINT('Origin',(-45.8275756531752,77.0000000001185,-24.3170090582747));
#2366=CARTESIAN_POINT('',(-45.8234438857344,77.0000000001185,-24.1420578407945));
#2367=CARTESIAN_POINT('Origin',(-45.8180222350355,65.0000000001185,-24.3044673716223));
#2368=CARTESIAN_POINT('',(-45.6555222350355,77.0000000001185,-24.3044673716223));
#2369=CARTESIAN_POINT('Origin',(-45.6555222350355,65.0000000001185,-24.8294673716223));
#2370=CARTESIAN_POINT('',(-45.6555222350355,77.0000000001185,-24.8294673716223));
#2371=CARTESIAN_POINT('Origin',(-45.8180222350355,65.0000000001185,-24.8294673716223));
#2372=CARTESIAN_POINT('Ctrl Pts',(-46.1139440657332,77.0000000001185,-24.3920972054664));
#2373=CARTESIAN_POINT('Ctrl Pts',(-46.1139440657332,69.2000000001185,-24.3920972054664));
#2374=CARTESIAN_POINT('Ctrl Pts',(-46.1215598113932,77.0000000001185,-24.3920972054664));
#2375=CARTESIAN_POINT('Ctrl Pts',(-46.1215598113932,69.2000000001185,-24.3920972054664));
#2376=CARTESIAN_POINT('Ctrl Pts',(-46.1357991257634,77.0000000001185,-24.3906006237723));
#2377=CARTESIAN_POINT('Ctrl Pts',(-46.1357991257634,69.2000000001185,-24.3906006237723));
#2378=CARTESIAN_POINT('Ctrl Pts',(-46.1541840183343,77.0000000001185,-24.3838701203192));
#2379=CARTESIAN_POINT('Ctrl Pts',(-46.1541840183343,69.2000000001185,-24.3838701203192));
#2380=CARTESIAN_POINT('Ctrl Pts',(-46.1733741725696,77.0000000001185,-24.3672275562182));
#2381=CARTESIAN_POINT('Ctrl Pts',(-46.1733741725696,69.2000000001185,-24.3672275562182));
#2382=CARTESIAN_POINT('Ctrl Pts',(-46.1900734909006,77.0000000001185,-24.3383776649225));
#2383=CARTESIAN_POINT('Ctrl Pts',(-46.1900734909006,69.2000000001185,-24.3383776649225));
#2384=CARTESIAN_POINT('Ctrl Pts',(-46.19782222519,77.0000000001185,-24.3120266169686));
#2385=CARTESIAN_POINT('Ctrl Pts',(-46.19782222519,69.2000000001185,-24.3120266169686));
#2386=CARTESIAN_POINT('Ctrl Pts',(-46.1999905386618,77.0000000001185,-24.2915357238894));
#2387=CARTESIAN_POINT('Ctrl Pts',(-46.1999905386618,69.2000000001185,-24.2915357238894));
#2388=CARTESIAN_POINT('Ctrl Pts',(-46.1996465009233,77.0000000001185,-24.2776646083406));
#2389=CARTESIAN_POINT('Ctrl Pts',(-46.1996465009233,69.2000000001185,-24.2776646083406));
#2390=CARTESIAN_POINT('Ctrl Pts',(-46.1990267284447,77.0000000001185,-24.2706764551878));
#2391=CARTESIAN_POINT('Ctrl Pts',(-46.1990267284447,69.2000000001185,-24.2706764551878));
#2392=CARTESIAN_POINT('',(-46.1990267284447,77.0000000001185,-24.2706764551878));
#2393=CARTESIAN_POINT('Origin',(-45.8180222350355,77.0000000001185,-24.3044673716223));
#2394=CARTESIAN_POINT('Ctrl Pts',(-46.1989969355337,77.0000000001185,-24.863592546791));
#2395=CARTESIAN_POINT('Ctrl Pts',(-46.1989969355337,69.2000000001185,-24.863592546791));
#2396=CARTESIAN_POINT('Ctrl Pts',(-46.1996232435329,77.0000000001185,-24.85660042144));
#2397=CARTESIAN_POINT('Ctrl Pts',(-46.1996232435329,69.2000000001185,-24.85660042144));
#2398=CARTESIAN_POINT('Ctrl Pts',(-46.1999786674974,77.0000000001185,-24.8427213250132));
#2399=CARTESIAN_POINT('Ctrl Pts',(-46.1999786674974,69.2000000001185,-24.8427213250132));
#2400=CARTESIAN_POINT('Ctrl Pts',(-46.197822383308,77.0000000001185,-24.8222183515941));
#2401=CARTESIAN_POINT('Ctrl Pts',(-46.197822383308,69.2000000001185,-24.8222183515941));
#2402=CARTESIAN_POINT('Ctrl Pts',(-46.1900808448999,77.0000000001185,-24.79585128772));
#2403=CARTESIAN_POINT('Ctrl Pts',(-46.1900808448999,69.2000000001185,-24.79585128772));
#2404=CARTESIAN_POINT('Ctrl Pts',(-46.1733797458246,77.0000000001185,-24.7669834533231));
#2405=CARTESIAN_POINT('Ctrl Pts',(-46.1733797458246,69.2000000001185,-24.7669834533231));
#2406=CARTESIAN_POINT('Ctrl Pts',(-46.1541814597105,77.0000000001185,-24.7503304594929));
#2407=CARTESIAN_POINT('Ctrl Pts',(-46.1541814597105,69.2000000001185,-24.7503304594929));
#2408=CARTESIAN_POINT('Ctrl Pts',(-46.135786871511,77.0000000001185,-24.7435957933281));
#2409=CARTESIAN_POINT('Ctrl Pts',(-46.135786871511,69.2000000001185,-24.7435957933281));
#2410=CARTESIAN_POINT('Ctrl Pts',(-46.1215394064461,77.0000000001185,-24.7420983509735));
#2411=CARTESIAN_POINT('Ctrl Pts',(-46.1215394064461,69.2000000001185,-24.7420983509735));
#2412=CARTESIAN_POINT('Ctrl Pts',(-46.1139191634069,77.0000000001185,-24.7420983997083));
#2413=CARTESIAN_POINT('Ctrl Pts',(-46.1139191634069,69.2000000001185,-24.7420983997083));
#2414=CARTESIAN_POINT('',(-46.1989969355337,77.0000000001185,-24.863592546791));
#2415=CARTESIAN_POINT('Origin',(-45.8180222350355,77.0000000001185,-24.8294673716223));
#2416=UNCERTAINTY_MEASURE_WITH_UNIT(LENGTH_MEASURE(0.000393700787401575),
#2421,'DISTANCE_ACCURACY_VALUE',
'Maximum model space distance between geometric entities at asserted c
onnectivities');
#2417=UNCERTAINTY_MEASURE_WITH_UNIT(LENGTH_MEASURE(0.000393700787401575),
#2421,'DISTANCE_ACCURACY_VALUE',
'Maximum model space distance between geometric entities at asserted c
onnectivities');
#2418=(
GEOMETRIC_REPRESENTATION_CONTEXT(3)
GLOBAL_UNCERTAINTY_ASSIGNED_CONTEXT((#2416))
GLOBAL_UNIT_ASSIGNED_CONTEXT((#2421,#2425,#2426))
REPRESENTATION_CONTEXT('','3D')
);
#2419=(
GEOMETRIC_REPRESENTATION_CONTEXT(3)
GLOBAL_UNCERTAINTY_ASSIGNED_CONTEXT((#2417))
GLOBAL_UNIT_ASSIGNED_CONTEXT((#2421,#2425,#2426))
REPRESENTATION_CONTEXT('','3D')
);
#2420=DIMENSIONAL_EXPONENTS(1.,0.,0.,0.,0.,0.,0.);
#2421=(
CONVERSION_BASED_UNIT('inch',#2424)
LENGTH_UNIT()
NAMED_UNIT(#2420)
);
#2422=(
LENGTH_UNIT()
NAMED_UNIT(*)
SI_UNIT(.MILLI.,.METRE.)
);
#2423=(
LENGTH_UNIT()
NAMED_UNIT(*)
SI_UNIT($,.METRE.)
);
#2424=LENGTH_MEASURE_WITH_UNIT(LENGTH_MEASURE(25.4),#2422);
#2425=(
NAMED_UNIT(*)
PLANE_ANGLE_UNIT()
SI_UNIT($,.RADIAN.)
);
#2426=(
NAMED_UNIT(*)
SI_UNIT($,.STERADIAN.)
SOLID_ANGLE_UNIT()
);
#2427=SHAPE_DEFINITION_REPRESENTATION(#2428,#2429);
#2428=PRODUCT_DEFINITION_SHAPE('',$,#2431);
#2429=SHAPE_REPRESENTATION('',(#1310),#2418);
#2430=PRODUCT_DEFINITION_CONTEXT('part definition',#2435,'design');
#2431=PRODUCT_DEFINITION('multiple wall design','18 in panel v1',#2432,
#2430);
#2432=PRODUCT_DEFINITION_FORMATION('',$,#2437);
#2433=PRODUCT_RELATED_PRODUCT_CATEGORY('18 in panel v1',
'18 in panel v1',(#2437));
#2434=APPLICATION_PROTOCOL_DEFINITION('international standard',
'ap242_managed_model_based_3d_engineering',2011,#2435);
#2435=APPLICATION_CONTEXT('Managed model based 3d engineering');
#2436=PRODUCT_CONTEXT('part definition',#2435,'mechanical');
#2437=PRODUCT('multiple wall design','18 in panel v1',$,(#2436));
#2438=PRESENTATION_STYLE_ASSIGNMENT((#2440));
#2439=PRESENTATION_STYLE_ASSIGNMENT((#2441));
#2440=SURFACE_STYLE_USAGE(.BOTH.,#2442);
#2441=SURFACE_STYLE_USAGE(.BOTH.,#2443);
#2442=SURFACE_SIDE_STYLE('',(#2444));
#2443=SURFACE_SIDE_STYLE('',(#2445));
#2444=SURFACE_STYLE_FILL_AREA(#2446);
#2445=SURFACE_STYLE_FILL_AREA(#2447);
#2446=FILL_AREA_STYLE('Steel - Satin',(#2448));
#2447=FILL_AREA_STYLE('Opaque(160,160,160)',(#2449));
#2448=FILL_AREA_STYLE_COLOUR('Steel - Satin',#2450);
#2449=FILL_AREA_STYLE_COLOUR('Opaque(160,160,160)',#2451);
#2450=COLOUR_RGB('Steel - Satin',0.627450980392157,0.627450980392157,0.627450980392157);
#2451=COLOUR_RGB('Opaque(160,160,160)',0.627450980392157,0.627450980392157,
0.627450980392157);
ENDSEC;
END-ISO-10303-21;
