ISO-10303-21;
HEADER;
/* Generated by software containing ST-Developer
 * from STEP Tools, Inc. (www.steptools.com) 
 */

FILE_DESCRIPTION(
/* description */ ('',
'CAx-IF Rec.Pracs.---Representation and Presentation of Product Manufa
cturing Information (PMI)---4.0---2014-10-13'),
/* implementation_level */ '2;1');

FILE_NAME(
/* name */ '24 in pannel v7.step',
/* time_stamp */ '2025-01-20T11:55:54-05:00',
/* author */ (''),
/* organization */ (''),
/* preprocessor_version */ 'ST-DEVELOPER v20',
/* originating_system */ 'Autodesk Translation Framework v13.20.0.188',

/* authorisation */ '');

FILE_SCHEMA (('AP242_MANAGED_MODEL_BASED_3D_ENGINEERING_MIM_LF { 1 0 10303 442 1 1 4 }'));
ENDSEC;

DATA;
#10=MECHANICAL_DESIGN_GEOMETRIC_PRESENTATION_REPRESENTATION('',(#17),#2453);
#11=ITEM_DEFINED_TRANSFORMATION($,$,#1433,#1584);
#12=(
REPRESENTATION_RELATIONSHIP($,$,#2467,#2466)
REPRESENTATION_RELATIONSHIP_WITH_TRANSFORMATION(#11)
SHAPE_REPRESENTATION_RELATIONSHIP()
);
#13=CONTEXT_DEPENDENT_SHAPE_REPRESENTATION(#12,#2465);
#14=NEXT_ASSEMBLY_USAGE_OCCURRENCE('24 in pannel v1:1',
'24 in pannel v1:1','24 in pannel v1:1',#2469,#2470,'24 in pannel v1:1');
#15=SHAPE_REPRESENTATION_RELATIONSHIP('SRR','None',#2467,#16);
#16=ADVANCED_BREP_SHAPE_REPRESENTATION('',(#18),#2452);
#17=STYLED_ITEM('',(#2481),#18);
#18=MANIFOLD_SOLID_BREP('Body1',#1419);
#19=PLANE('',#1437);
#20=PLANE('',#1438);
#21=PLANE('',#1479);
#22=PLANE('',#1486);
#23=PLANE('',#1493);
#24=PLANE('',#1500);
#25=PLANE('',#1503);
#26=PLANE('',#1504);
#27=PLANE('',#1534);
#28=PLANE('',#1536);
#29=PLANE('',#1538);
#30=PLANE('',#1539);
#31=PLANE('',#1542);
#32=PLANE('',#1546);
#33=PLANE('',#1547);
#34=PLANE('',#1549);
#35=PLANE('',#1551);
#36=PLANE('',#1553);
#37=PLANE('',#1556);
#38=PLANE('',#1559);
#39=PLANE('',#1561);
#40=PLANE('',#1563);
#41=PLANE('',#1565);
#42=PLANE('',#1567);
#43=PLANE('',#1569);
#44=PLANE('',#1571);
#45=PLANE('',#1573);
#46=PLANE('',#1575);
#47=PLANE('',#1578);
#48=PLANE('',#1580);
#49=PLANE('',#1581);
#50=PLANE('',#1582);
#51=PLANE('',#1583);
#52=FACE_OUTER_BOUND('',#124,.T.);
#53=FACE_OUTER_BOUND('',#125,.T.);
#54=FACE_OUTER_BOUND('',#126,.T.);
#55=FACE_OUTER_BOUND('',#127,.T.);
#56=FACE_OUTER_BOUND('',#128,.T.);
#57=FACE_OUTER_BOUND('',#129,.T.);
#58=FACE_OUTER_BOUND('',#130,.T.);
#59=FACE_OUTER_BOUND('',#131,.T.);
#60=FACE_OUTER_BOUND('',#132,.T.);
#61=FACE_OUTER_BOUND('',#133,.T.);
#62=FACE_OUTER_BOUND('',#134,.T.);
#63=FACE_OUTER_BOUND('',#135,.T.);
#64=FACE_OUTER_BOUND('',#136,.T.);
#65=FACE_OUTER_BOUND('',#137,.T.);
#66=FACE_OUTER_BOUND('',#138,.T.);
#67=FACE_OUTER_BOUND('',#139,.T.);
#68=FACE_OUTER_BOUND('',#140,.T.);
#69=FACE_OUTER_BOUND('',#141,.T.);
#70=FACE_OUTER_BOUND('',#142,.T.);
#71=FACE_OUTER_BOUND('',#143,.T.);
#72=FACE_OUTER_BOUND('',#144,.T.);
#73=FACE_OUTER_BOUND('',#145,.T.);
#74=FACE_OUTER_BOUND('',#146,.T.);
#75=FACE_OUTER_BOUND('',#147,.T.);
#76=FACE_OUTER_BOUND('',#148,.T.);
#77=FACE_OUTER_BOUND('',#149,.T.);
#78=FACE_OUTER_BOUND('',#150,.T.);
#79=FACE_OUTER_BOUND('',#151,.T.);
#80=FACE_OUTER_BOUND('',#152,.T.);
#81=FACE_OUTER_BOUND('',#153,.T.);
#82=FACE_OUTER_BOUND('',#154,.T.);
#83=FACE_OUTER_BOUND('',#155,.T.);
#84=FACE_OUTER_BOUND('',#156,.T.);
#85=FACE_OUTER_BOUND('',#157,.T.);
#86=FACE_OUTER_BOUND('',#158,.T.);
#87=FACE_OUTER_BOUND('',#159,.T.);
#88=FACE_OUTER_BOUND('',#160,.T.);
#89=FACE_OUTER_BOUND('',#161,.T.);
#90=FACE_OUTER_BOUND('',#162,.T.);
#91=FACE_OUTER_BOUND('',#163,.T.);
#92=FACE_OUTER_BOUND('',#164,.T.);
#93=FACE_OUTER_BOUND('',#165,.T.);
#94=FACE_OUTER_BOUND('',#166,.T.);
#95=FACE_OUTER_BOUND('',#167,.T.);
#96=FACE_OUTER_BOUND('',#168,.T.);
#97=FACE_OUTER_BOUND('',#169,.T.);
#98=FACE_OUTER_BOUND('',#170,.T.);
#99=FACE_OUTER_BOUND('',#171,.T.);
#100=FACE_OUTER_BOUND('',#172,.T.);
#101=FACE_OUTER_BOUND('',#173,.T.);
#102=FACE_OUTER_BOUND('',#174,.T.);
#103=FACE_OUTER_BOUND('',#175,.T.);
#104=FACE_OUTER_BOUND('',#176,.T.);
#105=FACE_OUTER_BOUND('',#177,.T.);
#106=FACE_OUTER_BOUND('',#178,.T.);
#107=FACE_OUTER_BOUND('',#179,.T.);
#108=FACE_OUTER_BOUND('',#180,.T.);
#109=FACE_OUTER_BOUND('',#181,.T.);
#110=FACE_OUTER_BOUND('',#182,.T.);
#111=FACE_OUTER_BOUND('',#183,.T.);
#112=FACE_OUTER_BOUND('',#184,.T.);
#113=FACE_OUTER_BOUND('',#185,.T.);
#114=FACE_OUTER_BOUND('',#186,.T.);
#115=FACE_OUTER_BOUND('',#187,.T.);
#116=FACE_OUTER_BOUND('',#188,.T.);
#117=FACE_OUTER_BOUND('',#189,.T.);
#118=FACE_OUTER_BOUND('',#190,.T.);
#119=FACE_OUTER_BOUND('',#191,.T.);
#120=FACE_OUTER_BOUND('',#192,.T.);
#121=FACE_OUTER_BOUND('',#193,.T.);
#122=FACE_OUTER_BOUND('',#194,.T.);
#123=FACE_OUTER_BOUND('',#195,.T.);
#124=EDGE_LOOP('',(#888,#889,#890,#891));
#125=EDGE_LOOP('',(#892,#893,#894,#895));
#126=EDGE_LOOP('',(#896,#897,#898,#899,#900,#901,#902,#903,#904,#905,#906,
#907,#908,#909,#910,#911,#912,#913,#914,#915,#916,#917,#918,#919,#920,#921,
#922,#923,#924,#925,#926,#927,#928,#929,#930,#931,#932,#933,#934,#935,#936,
#937,#938,#939,#940,#941,#942,#943,#944,#945,#946,#947,#948,#949,#950,#951,
#952,#953,#954,#955,#956,#957,#958,#959,#960,#961,#962,#963,#964,#965));
#127=EDGE_LOOP('',(#966,#967,#968,#969));
#128=EDGE_LOOP('',(#970,#971,#972,#973));
#129=EDGE_LOOP('',(#974,#975,#976,#977));
#130=EDGE_LOOP('',(#978,#979,#980,#981));
#131=EDGE_LOOP('',(#982,#983,#984,#985));
#132=EDGE_LOOP('',(#986,#987,#988,#989));
#133=EDGE_LOOP('',(#990,#991,#992,#993));
#134=EDGE_LOOP('',(#994,#995,#996,#997));
#135=EDGE_LOOP('',(#998,#999,#1000,#1001));
#136=EDGE_LOOP('',(#1002,#1003,#1004,#1005));
#137=EDGE_LOOP('',(#1006,#1007,#1008,#1009));
#138=EDGE_LOOP('',(#1010,#1011,#1012,#1013));
#139=EDGE_LOOP('',(#1014,#1015,#1016,#1017));
#140=EDGE_LOOP('',(#1018,#1019,#1020,#1021));
#141=EDGE_LOOP('',(#1022,#1023,#1024,#1025));
#142=EDGE_LOOP('',(#1026,#1027,#1028,#1029));
#143=EDGE_LOOP('',(#1030,#1031,#1032,#1033,#1034,#1035,#1036,#1037,#1038,
#1039,#1040,#1041,#1042,#1043,#1044,#1045,#1046,#1047,#1048,#1049,#1050,
#1051,#1052,#1053,#1054,#1055,#1056,#1057,#1058,#1059,#1060,#1061,#1062,
#1063,#1064,#1065,#1066,#1067,#1068,#1069,#1070,#1071,#1072,#1073,#1074,
#1075,#1076,#1077,#1078,#1079,#1080,#1081,#1082,#1083,#1084,#1085,#1086,
#1087,#1088,#1089,#1090,#1091,#1092,#1093,#1094,#1095,#1096,#1097,#1098,
#1099));
#144=EDGE_LOOP('',(#1100,#1101,#1102,#1103));
#145=EDGE_LOOP('',(#1104,#1105,#1106,#1107));
#146=EDGE_LOOP('',(#1108,#1109,#1110,#1111));
#147=EDGE_LOOP('',(#1112,#1113,#1114,#1115));
#148=EDGE_LOOP('',(#1116,#1117,#1118,#1119));
#149=EDGE_LOOP('',(#1120,#1121,#1122,#1123));
#150=EDGE_LOOP('',(#1124,#1125,#1126,#1127));
#151=EDGE_LOOP('',(#1128,#1129,#1130,#1131));
#152=EDGE_LOOP('',(#1132,#1133,#1134,#1135));
#153=EDGE_LOOP('',(#1136,#1137,#1138,#1139));
#154=EDGE_LOOP('',(#1140,#1141,#1142,#1143));
#155=EDGE_LOOP('',(#1144,#1145,#1146,#1147));
#156=EDGE_LOOP('',(#1148,#1149,#1150,#1151));
#157=EDGE_LOOP('',(#1152,#1153,#1154,#1155));
#158=EDGE_LOOP('',(#1156,#1157,#1158,#1159));
#159=EDGE_LOOP('',(#1160,#1161,#1162,#1163));
#160=EDGE_LOOP('',(#1164,#1165,#1166,#1167));
#161=EDGE_LOOP('',(#1168,#1169,#1170,#1171));
#162=EDGE_LOOP('',(#1172,#1173,#1174,#1175));
#163=EDGE_LOOP('',(#1176,#1177,#1178,#1179));
#164=EDGE_LOOP('',(#1180,#1181,#1182,#1183));
#165=EDGE_LOOP('',(#1184,#1185,#1186,#1187));
#166=EDGE_LOOP('',(#1188,#1189,#1190,#1191));
#167=EDGE_LOOP('',(#1192,#1193,#1194,#1195));
#168=EDGE_LOOP('',(#1196,#1197,#1198,#1199));
#169=EDGE_LOOP('',(#1200,#1201,#1202,#1203));
#170=EDGE_LOOP('',(#1204,#1205,#1206,#1207));
#171=EDGE_LOOP('',(#1208,#1209,#1210,#1211));
#172=EDGE_LOOP('',(#1212,#1213,#1214,#1215));
#173=EDGE_LOOP('',(#1216,#1217,#1218,#1219));
#174=EDGE_LOOP('',(#1220,#1221,#1222,#1223));
#175=EDGE_LOOP('',(#1224,#1225,#1226,#1227));
#176=EDGE_LOOP('',(#1228,#1229,#1230,#1231));
#177=EDGE_LOOP('',(#1232,#1233,#1234,#1235));
#178=EDGE_LOOP('',(#1236,#1237,#1238,#1239));
#179=EDGE_LOOP('',(#1240,#1241,#1242,#1243));
#180=EDGE_LOOP('',(#1244,#1245,#1246,#1247));
#181=EDGE_LOOP('',(#1248,#1249,#1250,#1251));
#182=EDGE_LOOP('',(#1252,#1253,#1254,#1255));
#183=EDGE_LOOP('',(#1256,#1257,#1258,#1259));
#184=EDGE_LOOP('',(#1260,#1261,#1262,#1263));
#185=EDGE_LOOP('',(#1264,#1265,#1266,#1267));
#186=EDGE_LOOP('',(#1268,#1269,#1270,#1271));
#187=EDGE_LOOP('',(#1272,#1273,#1274,#1275));
#188=EDGE_LOOP('',(#1276,#1277,#1278,#1279));
#189=EDGE_LOOP('',(#1280,#1281,#1282,#1283));
#190=EDGE_LOOP('',(#1284,#1285,#1286,#1287));
#191=EDGE_LOOP('',(#1288,#1289,#1290,#1291));
#192=EDGE_LOOP('',(#1292,#1293,#1294,#1295));
#193=EDGE_LOOP('',(#1296,#1297,#1298,#1299));
#194=EDGE_LOOP('',(#1300,#1301,#1302,#1303));
#195=EDGE_LOOP('',(#1304,#1305,#1306,#1307));
#196=CIRCLE('',#1435,0.0999999999999993);
#197=CIRCLE('',#1436,0.0999999999999993);
#198=CIRCLE('',#1439,0.649999999999999);
#199=CIRCLE('',#1440,0.249999999999998);
#200=CIRCLE('',#1441,0.15);
#201=CIRCLE('',#1442,0.140000000000002);
#202=CIRCLE('',#1443,0.140000000000002);
#203=CIRCLE('',#1444,0.150000000000001);
#204=CIRCLE('',#1445,0.250000000000001);
#205=CIRCLE('',#1446,0.65);
#206=CIRCLE('',#1447,0.163000000000003);
#207=CIRCLE('',#1448,0.412500000000002);
#208=CIRCLE('',#1449,0.114);
#209=CIRCLE('',#1450,0.114);
#210=CIRCLE('',#1451,0.174999999999999);
#211=CIRCLE('',#1452,0.162500000000001);
#212=CIRCLE('',#1453,0.162500000000016);
#213=CIRCLE('',#1454,0.174999999999988);
#214=CIRCLE('',#1455,0.114);
#215=CIRCLE('',#1456,0.114);
#216=CIRCLE('',#1457,0.412499999999999);
#217=CIRCLE('',#1458,0.9);
#218=CIRCLE('',#1459,0.15);
#219=CIRCLE('',#1460,0.099999999999997);
#220=CIRCLE('',#1461,0.25);
#221=CIRCLE('',#1462,0.390000000000002);
#222=CIRCLE('',#1463,0.390000000000002);
#223=CIRCLE('',#1464,0.25);
#224=CIRCLE('',#1465,0.100000000000001);
#225=CIRCLE('',#1466,0.150000000000002);
#226=CIRCLE('',#1467,0.899999999999999);
#227=CIRCLE('',#1468,0.349999999999999);
#228=CIRCLE('',#1469,0.10087);
#229=CIRCLE('',#1470,0.12507332672799);
#230=CIRCLE('',#1471,0.125000000000001);
#231=CIRCLE('',#1472,0.125000000000001);
#232=CIRCLE('',#1473,0.124960893938389);
#233=CIRCLE('',#1474,0.125);
#234=CIRCLE('',#1475,0.125);
#235=CIRCLE('',#1476,0.125);
#236=CIRCLE('',#1478,0.163000000000003);
#237=CIRCLE('',#1481,0.412499999999999);
#238=CIRCLE('',#1483,0.412500000000002);
#239=CIRCLE('',#1485,0.114);
#240=CIRCLE('',#1488,0.114);
#241=CIRCLE('',#1490,0.174999999999999);
#242=CIRCLE('',#1492,0.162500000000001);
#243=CIRCLE('',#1495,0.162500000000016);
#244=CIRCLE('',#1497,0.174999999999988);
#245=CIRCLE('',#1499,0.114);
#246=CIRCLE('',#1502,0.114);
#247=CIRCLE('',#1505,0.125);
#248=CIRCLE('',#1506,0.125);
#249=CIRCLE('',#1507,0.125);
#250=CIRCLE('',#1508,0.124960893938389);
#251=CIRCLE('',#1509,0.125000000000001);
#252=CIRCLE('',#1510,0.125000000000001);
#253=CIRCLE('',#1511,0.12507332672799);
#254=CIRCLE('',#1512,0.10087);
#255=CIRCLE('',#1513,0.349999999999999);
#256=CIRCLE('',#1514,0.899999999999999);
#257=CIRCLE('',#1515,0.150000000000002);
#258=CIRCLE('',#1516,0.100000000000001);
#259=CIRCLE('',#1517,0.25);
#260=CIRCLE('',#1518,0.390000000000002);
#261=CIRCLE('',#1519,0.390000000000002);
#262=CIRCLE('',#1520,0.25);
#263=CIRCLE('',#1521,0.099999999999997);
#264=CIRCLE('',#1522,0.15);
#265=CIRCLE('',#1523,0.9);
#266=CIRCLE('',#1524,0.65);
#267=CIRCLE('',#1525,0.250000000000001);
#268=CIRCLE('',#1526,0.150000000000001);
#269=CIRCLE('',#1527,0.140000000000002);
#270=CIRCLE('',#1528,0.140000000000002);
#271=CIRCLE('',#1529,0.15);
#272=CIRCLE('',#1530,0.249999999999998);
#273=CIRCLE('',#1531,0.649999999999999);
#274=LINE('',#2028,#406);
#275=LINE('',#2032,#407);
#276=LINE('',#2036,#408);
#277=LINE('',#2038,#409);
#278=LINE('',#2039,#410);
#279=LINE('',#2044,#411);
#280=LINE('',#2048,#412);
#281=LINE('',#2052,#413);
#282=LINE('',#2056,#414);
#283=LINE('',#2060,#415);
#284=LINE('',#2064,#416);
#285=LINE('',#2068,#417);
#286=LINE('',#2072,#418);
#287=LINE('',#2076,#419);
#288=LINE('',#2078,#420);
#289=LINE('',#2084,#421);
#290=LINE('',#2092,#422);
#291=LINE('',#2100,#423);
#292=LINE('',#2106,#424);
#293=LINE('',#2110,#425);
#294=LINE('',#2114,#426);
#295=LINE('',#2118,#427);
#296=LINE('',#2124,#428);
#297=LINE('',#2130,#429);
#298=LINE('',#2134,#430);
#299=LINE('',#2138,#431);
#300=LINE('',#2142,#432);
#301=LINE('',#2144,#433);
#302=LINE('',#2148,#434);
#303=LINE('',#2152,#435);
#304=LINE('',#2158,#436);
#305=LINE('',#2164,#437);
#306=LINE('',#2168,#438);
#307=LINE('',#2172,#439);
#308=LINE('',#2175,#440);
#309=LINE('',#2178,#441);
#310=LINE('',#2181,#442);
#311=LINE('',#2184,#443);
#312=LINE('',#2185,#444);
#313=LINE('',#2188,#445);
#314=LINE('',#2190,#446);
#315=LINE('',#2194,#447);
#316=LINE('',#2197,#448);
#317=LINE('',#2201,#449);
#318=LINE('',#2204,#450);
#319=LINE('',#2205,#451);
#320=LINE('',#2209,#452);
#321=LINE('',#2213,#453);
#322=LINE('',#2217,#454);
#323=LINE('',#2220,#455);
#324=LINE('',#2221,#456);
#325=LINE('',#2225,#457);
#326=LINE('',#2229,#458);
#327=LINE('',#2233,#459);
#328=LINE('',#2236,#460);
#329=LINE('',#2237,#461);
#330=LINE('',#2241,#462);
#331=LINE('',#2244,#463);
#332=LINE('',#2248,#464);
#333=LINE('',#2252,#465);
#334=LINE('',#2256,#466);
#335=LINE('',#2262,#467);
#336=LINE('',#2268,#468);
#337=LINE('',#2272,#469);
#338=LINE('',#2276,#470);
#339=LINE('',#2278,#471);
#340=LINE('',#2282,#472);
#341=LINE('',#2286,#473);
#342=LINE('',#2290,#474);
#343=LINE('',#2296,#475);
#344=LINE('',#2302,#476);
#345=LINE('',#2306,#477);
#346=LINE('',#2310,#478);
#347=LINE('',#2313,#479);
#348=LINE('',#2315,#480);
#349=LINE('',#2319,#481);
#350=LINE('',#2323,#482);
#351=LINE('',#2327,#483);
#352=LINE('',#2331,#484);
#353=LINE('',#2335,#485);
#354=LINE('',#2339,#486);
#355=LINE('',#2343,#487);
#356=LINE('',#2346,#488);
#357=LINE('',#2347,#489);
#358=LINE('',#2349,#490);
#359=LINE('',#2350,#491);
#360=LINE('',#2352,#492);
#361=LINE('',#2353,#493);
#362=LINE('',#2355,#494);
#363=LINE('',#2357,#495);
#364=LINE('',#2360,#496);
#365=LINE('',#2362,#497);
#366=LINE('',#2364,#498);
#367=LINE('',#2366,#499);
#368=LINE('',#2368,#500);
#369=LINE('',#2370,#501);
#370=LINE('',#2373,#502);
#371=LINE('',#2374,#503);
#372=LINE('',#2376,#504);
#373=LINE('',#2378,#505);
#374=LINE('',#2380,#506);
#375=LINE('',#2381,#507);
#376=LINE('',#2383,#508);
#377=LINE('',#2385,#509);
#378=LINE('',#2387,#510);
#379=LINE('',#2389,#511);
#380=LINE('',#2391,#512);
#381=LINE('',#2393,#513);
#382=LINE('',#2395,#514);
#383=LINE('',#2397,#515);
#384=LINE('',#2399,#516);
#385=LINE('',#2401,#517);
#386=LINE('',#2403,#518);
#387=LINE('',#2405,#519);
#388=LINE('',#2407,#520);
#389=LINE('',#2409,#521);
#390=LINE('',#2411,#522);
#391=LINE('',#2414,#523);
#392=LINE('',#2415,#524);
#393=LINE('',#2417,#525);
#394=LINE('',#2418,#526);
#395=LINE('',#2420,#527);
#396=LINE('',#2423,#528);
#397=LINE('',#2424,#529);
#398=LINE('',#2426,#530);
#399=LINE('',#2428,#531);
#400=LINE('',#2430,#532);
#401=LINE('',#2432,#533);
#402=LINE('',#2434,#534);
#403=LINE('',#2436,#535);
#404=LINE('',#2439,#536);
#405=LINE('',#2441,#537);
#406=VECTOR('',#1591,0.393700787401575);
#407=VECTOR('',#1594,0.393700787401575);
#408=VECTOR('',#1599,0.393700787401575);
#409=VECTOR('',#1600,0.393700787401575);
#410=VECTOR('',#1601,0.393700787401575);
#411=VECTOR('',#1606,0.393700787401575);
#412=VECTOR('',#1609,0.393700787401575);
#413=VECTOR('',#1612,0.393700787401575);
#414=VECTOR('',#1615,0.393700787401575);
#415=VECTOR('',#1618,0.393700787401575);
#416=VECTOR('',#1621,0.393700787401575);
#417=VECTOR('',#1624,0.393700787401575);
#418=VECTOR('',#1627,0.393700787401575);
#419=VECTOR('',#1630,0.393700787401575);
#420=VECTOR('',#1631,0.393700787401575);
#421=VECTOR('',#1636,0.393700787401575);
#422=VECTOR('',#1643,0.393700787401575);
#423=VECTOR('',#1650,0.393700787401575);
#424=VECTOR('',#1655,0.393700787401575);
#425=VECTOR('',#1658,0.393700787401575);
#426=VECTOR('',#1661,0.393700787401575);
#427=VECTOR('',#1664,0.393700787401575);
#428=VECTOR('',#1669,0.393700787401575);
#429=VECTOR('',#1674,0.393700787401575);
#430=VECTOR('',#1677,0.393700787401575);
#431=VECTOR('',#1680,0.393700787401575);
#432=VECTOR('',#1683,0.393700787401575);
#433=VECTOR('',#1684,0.393700787401575);
#434=VECTOR('',#1687,0.393700787401575);
#435=VECTOR('',#1690,0.393700787401575);
#436=VECTOR('',#1695,0.393700787401575);
#437=VECTOR('',#1700,0.393700787401575);
#438=VECTOR('',#1703,0.393700787401575);
#439=VECTOR('',#1706,0.393700787401575);
#440=VECTOR('',#1709,0.393700787401575);
#441=VECTOR('',#1712,0.393700787401575);
#442=VECTOR('',#1715,0.393700787401575);
#443=VECTOR('',#1718,0.393700787401575);
#444=VECTOR('',#1719,0.393700787401575);
#445=VECTOR('',#1722,0.393700787401575);
#446=VECTOR('',#1723,0.393700787401575);
#447=VECTOR('',#1728,0.393700787401575);
#448=VECTOR('',#1731,0.393700787401575);
#449=VECTOR('',#1736,0.393700787401575);
#450=VECTOR('',#1739,0.393700787401575);
#451=VECTOR('',#1740,0.393700787401575);
#452=VECTOR('',#1745,0.393700787401575);
#453=VECTOR('',#1750,0.393700787401575);
#454=VECTOR('',#1755,0.393700787401575);
#455=VECTOR('',#1758,0.393700787401575);
#456=VECTOR('',#1759,0.393700787401575);
#457=VECTOR('',#1764,0.393700787401575);
#458=VECTOR('',#1769,0.393700787401575);
#459=VECTOR('',#1774,0.393700787401575);
#460=VECTOR('',#1777,0.393700787401575);
#461=VECTOR('',#1778,0.393700787401575);
#462=VECTOR('',#1785,0.393700787401575);
#463=VECTOR('',#1788,0.393700787401575);
#464=VECTOR('',#1791,0.393700787401575);
#465=VECTOR('',#1794,0.393700787401575);
#466=VECTOR('',#1797,0.393700787401575);
#467=VECTOR('',#1802,0.393700787401575);
#468=VECTOR('',#1807,0.393700787401575);
#469=VECTOR('',#1810,0.393700787401575);
#470=VECTOR('',#1813,0.393700787401575);
#471=VECTOR('',#1814,0.393700787401575);
#472=VECTOR('',#1817,0.393700787401575);
#473=VECTOR('',#1820,0.393700787401575);
#474=VECTOR('',#1823,0.393700787401575);
#475=VECTOR('',#1828,0.393700787401575);
#476=VECTOR('',#1833,0.393700787401575);
#477=VECTOR('',#1836,0.393700787401575);
#478=VECTOR('',#1839,0.393700787401575);
#479=VECTOR('',#1842,0.393700787401575);
#480=VECTOR('',#1843,0.393700787401575);
#481=VECTOR('',#1846,0.393700787401575);
#482=VECTOR('',#1849,0.393700787401575);
#483=VECTOR('',#1852,0.393700787401575);
#484=VECTOR('',#1855,0.393700787401575);
#485=VECTOR('',#1858,0.393700787401575);
#486=VECTOR('',#1861,0.393700787401575);
#487=VECTOR('',#1864,0.393700787401575);
#488=VECTOR('',#1869,0.393700787401575);
#489=VECTOR('',#1870,0.125);
#490=VECTOR('',#1873,0.393700787401575);
#491=VECTOR('',#1874,0.393700787401575);
#492=VECTOR('',#1877,0.393700787401575);
#493=VECTOR('',#1878,0.393700787401575);
#494=VECTOR('',#1881,0.393700787401575);
#495=VECTOR('',#1884,0.393700787401575);
#496=VECTOR('',#1889,0.393700787401575);
#497=VECTOR('',#1892,0.393700787401575);
#498=VECTOR('',#1895,0.393700787401575);
#499=VECTOR('',#1898,0.393700787401575);
#500=VECTOR('',#1901,0.393700787401575);
#501=VECTOR('',#1904,0.393700787401575);
#502=VECTOR('',#1909,0.393700787401575);
#503=VECTOR('',#1910,0.393700787401575);
#504=VECTOR('',#1913,0.393700787401575);
#505=VECTOR('',#1916,0.393700787401575);
#506=VECTOR('',#1919,0.393700787401575);
#507=VECTOR('',#1920,0.393700787401575);
#508=VECTOR('',#1923,0.393700787401575);
#509=VECTOR('',#1926,0.393700787401575);
#510=VECTOR('',#1929,0.393700787401575);
#511=VECTOR('',#1932,0.393700787401575);
#512=VECTOR('',#1935,0.393700787401575);
#513=VECTOR('',#1938,0.393700787401575);
#514=VECTOR('',#1941,0.393700787401575);
#515=VECTOR('',#1944,0.393700787401575);
#516=VECTOR('',#1947,0.393700787401575);
#517=VECTOR('',#1950,0.393700787401575);
#518=VECTOR('',#1953,0.393700787401575);
#519=VECTOR('',#1956,0.393700787401575);
#520=VECTOR('',#1959,0.393700787401575);
#521=VECTOR('',#1962,0.393700787401575);
#522=VECTOR('',#1965,0.393700787401575);
#523=VECTOR('',#1970,0.393700787401575);
#524=VECTOR('',#1971,0.393700787401575);
#525=VECTOR('',#1974,0.393700787401575);
#526=VECTOR('',#1975,0.393700787401575);
#527=VECTOR('',#1978,0.393700787401575);
#528=VECTOR('',#1983,0.393700787401575);
#529=VECTOR('',#1984,0.393700787401575);
#530=VECTOR('',#1987,0.393700787401575);
#531=VECTOR('',#1990,0.393700787401575);
#532=VECTOR('',#1993,0.393700787401575);
#533=VECTOR('',#1996,0.393700787401575);
#534=VECTOR('',#1999,0.393700787401575);
#535=VECTOR('',#2002,0.393700787401575);
#536=VECTOR('',#2007,0.393700787401575);
#537=VECTOR('',#2010,0.393700787401575);
#538=VERTEX_POINT('',#2026);
#539=VERTEX_POINT('',#2027);
#540=VERTEX_POINT('',#2029);
#541=VERTEX_POINT('',#2031);
#542=VERTEX_POINT('',#2035);
#543=VERTEX_POINT('',#2037);
#544=VERTEX_POINT('',#2041);
#545=VERTEX_POINT('',#2043);
#546=VERTEX_POINT('',#2045);
#547=VERTEX_POINT('',#2047);
#548=VERTEX_POINT('',#2049);
#549=VERTEX_POINT('',#2051);
#550=VERTEX_POINT('',#2053);
#551=VERTEX_POINT('',#2055);
#552=VERTEX_POINT('',#2057);
#553=VERTEX_POINT('',#2059);
#554=VERTEX_POINT('',#2061);
#555=VERTEX_POINT('',#2063);
#556=VERTEX_POINT('',#2065);
#557=VERTEX_POINT('',#2067);
#558=VERTEX_POINT('',#2069);
#559=VERTEX_POINT('',#2071);
#560=VERTEX_POINT('',#2073);
#561=VERTEX_POINT('',#2075);
#562=VERTEX_POINT('',#2077);
#563=VERTEX_POINT('',#2079);
#564=VERTEX_POINT('',#2081);
#565=VERTEX_POINT('',#2083);
#566=VERTEX_POINT('',#2085);
#567=VERTEX_POINT('',#2087);
#568=VERTEX_POINT('',#2089);
#569=VERTEX_POINT('',#2091);
#570=VERTEX_POINT('',#2093);
#571=VERTEX_POINT('',#2095);
#572=VERTEX_POINT('',#2097);
#573=VERTEX_POINT('',#2099);
#574=VERTEX_POINT('',#2101);
#575=VERTEX_POINT('',#2103);
#576=VERTEX_POINT('',#2105);
#577=VERTEX_POINT('',#2107);
#578=VERTEX_POINT('',#2109);
#579=VERTEX_POINT('',#2111);
#580=VERTEX_POINT('',#2113);
#581=VERTEX_POINT('',#2115);
#582=VERTEX_POINT('',#2117);
#583=VERTEX_POINT('',#2119);
#584=VERTEX_POINT('',#2121);
#585=VERTEX_POINT('',#2123);
#586=VERTEX_POINT('',#2125);
#587=VERTEX_POINT('',#2127);
#588=VERTEX_POINT('',#2129);
#589=VERTEX_POINT('',#2131);
#590=VERTEX_POINT('',#2133);
#591=VERTEX_POINT('',#2135);
#592=VERTEX_POINT('',#2137);
#593=VERTEX_POINT('',#2139);
#594=VERTEX_POINT('',#2141);
#595=VERTEX_POINT('',#2143);
#596=VERTEX_POINT('',#2145);
#597=VERTEX_POINT('',#2147);
#598=VERTEX_POINT('',#2149);
#599=VERTEX_POINT('',#2151);
#600=VERTEX_POINT('',#2153);
#601=VERTEX_POINT('',#2155);
#602=VERTEX_POINT('',#2157);
#603=VERTEX_POINT('',#2159);
#604=VERTEX_POINT('',#2161);
#605=VERTEX_POINT('',#2163);
#606=VERTEX_POINT('',#2165);
#607=VERTEX_POINT('',#2167);
#608=VERTEX_POINT('',#2169);
#609=VERTEX_POINT('',#2171);
#610=VERTEX_POINT('',#2173);
#611=VERTEX_POINT('',#2177);
#612=VERTEX_POINT('',#2179);
#613=VERTEX_POINT('',#2183);
#614=VERTEX_POINT('',#2187);
#615=VERTEX_POINT('',#2189);
#616=VERTEX_POINT('',#2193);
#617=VERTEX_POINT('',#2195);
#618=VERTEX_POINT('',#2199);
#619=VERTEX_POINT('',#2203);
#620=VERTEX_POINT('',#2207);
#621=VERTEX_POINT('',#2211);
#622=VERTEX_POINT('',#2215);
#623=VERTEX_POINT('',#2219);
#624=VERTEX_POINT('',#2223);
#625=VERTEX_POINT('',#2227);
#626=VERTEX_POINT('',#2231);
#627=VERTEX_POINT('',#2235);
#628=VERTEX_POINT('',#2243);
#629=VERTEX_POINT('',#2245);
#630=VERTEX_POINT('',#2247);
#631=VERTEX_POINT('',#2249);
#632=VERTEX_POINT('',#2251);
#633=VERTEX_POINT('',#2253);
#634=VERTEX_POINT('',#2255);
#635=VERTEX_POINT('',#2257);
#636=VERTEX_POINT('',#2259);
#637=VERTEX_POINT('',#2261);
#638=VERTEX_POINT('',#2263);
#639=VERTEX_POINT('',#2265);
#640=VERTEX_POINT('',#2267);
#641=VERTEX_POINT('',#2269);
#642=VERTEX_POINT('',#2271);
#643=VERTEX_POINT('',#2273);
#644=VERTEX_POINT('',#2275);
#645=VERTEX_POINT('',#2277);
#646=VERTEX_POINT('',#2279);
#647=VERTEX_POINT('',#2281);
#648=VERTEX_POINT('',#2283);
#649=VERTEX_POINT('',#2285);
#650=VERTEX_POINT('',#2287);
#651=VERTEX_POINT('',#2289);
#652=VERTEX_POINT('',#2291);
#653=VERTEX_POINT('',#2293);
#654=VERTEX_POINT('',#2295);
#655=VERTEX_POINT('',#2297);
#656=VERTEX_POINT('',#2299);
#657=VERTEX_POINT('',#2301);
#658=VERTEX_POINT('',#2303);
#659=VERTEX_POINT('',#2305);
#660=VERTEX_POINT('',#2307);
#661=VERTEX_POINT('',#2309);
#662=VERTEX_POINT('',#2311);
#663=VERTEX_POINT('',#2314);
#664=VERTEX_POINT('',#2316);
#665=VERTEX_POINT('',#2318);
#666=VERTEX_POINT('',#2320);
#667=VERTEX_POINT('',#2322);
#668=VERTEX_POINT('',#2324);
#669=VERTEX_POINT('',#2326);
#670=VERTEX_POINT('',#2328);
#671=VERTEX_POINT('',#2330);
#672=VERTEX_POINT('',#2332);
#673=VERTEX_POINT('',#2334);
#674=VERTEX_POINT('',#2336);
#675=VERTEX_POINT('',#2338);
#676=VERTEX_POINT('',#2340);
#677=VERTEX_POINT('',#2342);
#678=EDGE_CURVE('',#538,#539,#274,.T.);
#679=EDGE_CURVE('',#540,#538,#196,.T.);
#680=EDGE_CURVE('',#540,#541,#275,.T.);
#681=EDGE_CURVE('',#539,#541,#197,.T.);
#682=EDGE_CURVE('',#539,#542,#276,.T.);
#683=EDGE_CURVE('',#542,#543,#277,.T.);
#684=EDGE_CURVE('',#543,#538,#278,.T.);
#685=EDGE_CURVE('',#544,#543,#198,.T.);
#686=EDGE_CURVE('',#545,#544,#279,.T.);
#687=EDGE_CURVE('',#546,#545,#199,.T.);
#688=EDGE_CURVE('',#547,#546,#280,.T.);
#689=EDGE_CURVE('',#548,#547,#200,.T.);
#690=EDGE_CURVE('',#549,#548,#281,.T.);
#691=EDGE_CURVE('',#550,#549,#201,.T.);
#692=EDGE_CURVE('',#551,#550,#282,.T.);
#693=EDGE_CURVE('',#552,#551,#202,.T.);
#694=EDGE_CURVE('',#553,#552,#283,.T.);
#695=EDGE_CURVE('',#554,#553,#203,.T.);
#696=EDGE_CURVE('',#555,#554,#284,.T.);
#697=EDGE_CURVE('',#556,#555,#204,.T.);
#698=EDGE_CURVE('',#557,#556,#285,.T.);
#699=EDGE_CURVE('',#558,#557,#205,.T.);
#700=EDGE_CURVE('',#559,#558,#286,.T.);
#701=EDGE_CURVE('',#560,#559,#206,.T.);
#702=EDGE_CURVE('',#560,#561,#287,.T.);
#703=EDGE_CURVE('',#562,#561,#288,.T.);
#704=EDGE_CURVE('',#563,#562,#207,.T.);
#705=EDGE_CURVE('',#564,#563,#208,.T.);
#706=EDGE_CURVE('',#565,#564,#289,.T.);
#707=EDGE_CURVE('',#566,#565,#209,.T.);
#708=EDGE_CURVE('',#567,#566,#210,.T.);
#709=EDGE_CURVE('',#568,#567,#211,.T.);
#710=EDGE_CURVE('',#569,#568,#290,.T.);
#711=EDGE_CURVE('',#570,#569,#212,.T.);
#712=EDGE_CURVE('',#571,#570,#213,.T.);
#713=EDGE_CURVE('',#572,#571,#214,.T.);
#714=EDGE_CURVE('',#573,#572,#291,.T.);
#715=EDGE_CURVE('',#574,#573,#215,.T.);
#716=EDGE_CURVE('',#575,#574,#216,.T.);
#717=EDGE_CURVE('',#576,#575,#292,.T.);
#718=EDGE_CURVE('',#577,#576,#217,.T.);
#719=EDGE_CURVE('',#578,#577,#293,.T.);
#720=EDGE_CURVE('',#579,#578,#218,.T.);
#721=EDGE_CURVE('',#580,#579,#294,.T.);
#722=EDGE_CURVE('',#581,#580,#219,.T.);
#723=EDGE_CURVE('',#582,#581,#295,.T.);
#724=EDGE_CURVE('',#583,#582,#220,.T.);
#725=EDGE_CURVE('',#584,#583,#221,.T.);
#726=EDGE_CURVE('',#585,#584,#296,.T.);
#727=EDGE_CURVE('',#586,#585,#222,.T.);
#728=EDGE_CURVE('',#587,#586,#223,.T.);
#729=EDGE_CURVE('',#588,#587,#297,.T.);
#730=EDGE_CURVE('',#589,#588,#224,.T.);
#731=EDGE_CURVE('',#590,#589,#298,.T.);
#732=EDGE_CURVE('',#591,#590,#225,.T.);
#733=EDGE_CURVE('',#592,#591,#299,.T.);
#734=EDGE_CURVE('',#593,#592,#226,.T.);
#735=EDGE_CURVE('',#593,#594,#300,.T.);
#736=EDGE_CURVE('',#594,#595,#301,.T.);
#737=EDGE_CURVE('',#595,#596,#227,.T.);
#738=EDGE_CURVE('',#596,#597,#302,.T.);
#739=EDGE_CURVE('',#597,#598,#228,.T.);
#740=EDGE_CURVE('',#598,#599,#303,.T.);
#741=EDGE_CURVE('',#599,#600,#229,.T.);
#742=EDGE_CURVE('',#600,#601,#230,.T.);
#743=EDGE_CURVE('',#601,#602,#304,.T.);
#744=EDGE_CURVE('',#602,#603,#231,.T.);
#745=EDGE_CURVE('',#603,#604,#232,.T.);
#746=EDGE_CURVE('',#604,#605,#305,.T.);
#747=EDGE_CURVE('',#606,#605,#233,.T.);
#748=EDGE_CURVE('',#607,#606,#306,.T.);
#749=EDGE_CURVE('',#608,#607,#234,.T.);
#750=EDGE_CURVE('',#609,#608,#307,.T.);
#751=EDGE_CURVE('',#610,#609,#235,.T.);
#752=EDGE_CURVE('',#540,#610,#308,.T.);
#753=EDGE_CURVE('',#559,#611,#309,.T.);
#754=EDGE_CURVE('',#612,#611,#236,.T.);
#755=EDGE_CURVE('',#560,#612,#310,.T.);
#756=EDGE_CURVE('',#613,#612,#311,.T.);
#757=EDGE_CURVE('',#561,#613,#312,.T.);
#758=EDGE_CURVE('',#614,#575,#313,.T.);
#759=EDGE_CURVE('',#615,#574,#314,.T.);
#760=EDGE_CURVE('',#615,#614,#237,.T.);
#761=EDGE_CURVE('',#616,#562,#315,.T.);
#762=EDGE_CURVE('',#616,#617,#238,.T.);
#763=EDGE_CURVE('',#563,#617,#316,.T.);
#764=EDGE_CURVE('',#617,#618,#239,.T.);
#765=EDGE_CURVE('',#618,#564,#317,.T.);
#766=EDGE_CURVE('',#619,#618,#318,.T.);
#767=EDGE_CURVE('',#565,#619,#319,.T.);
#768=EDGE_CURVE('',#619,#620,#240,.T.);
#769=EDGE_CURVE('',#620,#566,#320,.T.);
#770=EDGE_CURVE('',#621,#620,#241,.T.);
#771=EDGE_CURVE('',#567,#621,#321,.T.);
#772=EDGE_CURVE('',#622,#621,#242,.T.);
#773=EDGE_CURVE('',#622,#568,#322,.T.);
#774=EDGE_CURVE('',#622,#623,#323,.T.);
#775=EDGE_CURVE('',#623,#569,#324,.T.);
#776=EDGE_CURVE('',#624,#623,#243,.T.);
#777=EDGE_CURVE('',#624,#570,#325,.T.);
#778=EDGE_CURVE('',#625,#624,#244,.T.);
#779=EDGE_CURVE('',#571,#625,#326,.T.);
#780=EDGE_CURVE('',#625,#626,#245,.T.);
#781=EDGE_CURVE('',#626,#572,#327,.T.);
#782=EDGE_CURVE('',#627,#626,#328,.T.);
#783=EDGE_CURVE('',#573,#627,#329,.T.);
#784=EDGE_CURVE('',#627,#615,#246,.T.);
#785=EDGE_CURVE('',#616,#613,#330,.T.);
#786=EDGE_CURVE('',#541,#628,#331,.T.);
#787=EDGE_CURVE('',#629,#628,#247,.T.);
#788=EDGE_CURVE('',#629,#630,#332,.T.);
#789=EDGE_CURVE('',#631,#630,#248,.T.);
#790=EDGE_CURVE('',#631,#632,#333,.T.);
#791=EDGE_CURVE('',#632,#633,#249,.F.);
#792=EDGE_CURVE('',#633,#634,#334,.T.);
#793=EDGE_CURVE('',#634,#635,#250,.T.);
#794=EDGE_CURVE('',#636,#635,#251,.T.);
#795=EDGE_CURVE('',#637,#636,#335,.T.);
#796=EDGE_CURVE('',#638,#637,#252,.T.);
#797=EDGE_CURVE('',#638,#639,#253,.T.);
#798=EDGE_CURVE('',#640,#639,#336,.T.);
#799=EDGE_CURVE('',#640,#641,#254,.T.);
#800=EDGE_CURVE('',#641,#642,#337,.T.);
#801=EDGE_CURVE('',#643,#642,#255,.T.);
#802=EDGE_CURVE('',#644,#643,#338,.T.);
#803=EDGE_CURVE('',#645,#644,#339,.T.);
#804=EDGE_CURVE('',#646,#645,#256,.T.);
#805=EDGE_CURVE('',#647,#646,#340,.T.);
#806=EDGE_CURVE('',#647,#648,#257,.T.);
#807=EDGE_CURVE('',#649,#648,#341,.T.);
#808=EDGE_CURVE('',#649,#650,#258,.T.);
#809=EDGE_CURVE('',#650,#651,#342,.T.);
#810=EDGE_CURVE('',#652,#651,#259,.T.);
#811=EDGE_CURVE('',#653,#652,#260,.T.);
#812=EDGE_CURVE('',#654,#653,#343,.T.);
#813=EDGE_CURVE('',#655,#654,#261,.T.);
#814=EDGE_CURVE('',#656,#655,#262,.T.);
#815=EDGE_CURVE('',#657,#656,#344,.T.);
#816=EDGE_CURVE('',#657,#658,#263,.T.);
#817=EDGE_CURVE('',#658,#659,#345,.T.);
#818=EDGE_CURVE('',#659,#660,#264,.T.);
#819=EDGE_CURVE('',#660,#661,#346,.T.);
#820=EDGE_CURVE('',#662,#661,#265,.T.);
#821=EDGE_CURVE('',#662,#614,#347,.T.);
#822=EDGE_CURVE('',#611,#663,#348,.T.);
#823=EDGE_CURVE('',#663,#664,#266,.T.);
#824=EDGE_CURVE('',#664,#665,#349,.T.);
#825=EDGE_CURVE('',#666,#665,#267,.T.);
#826=EDGE_CURVE('',#667,#666,#350,.T.);
#827=EDGE_CURVE('',#667,#668,#268,.T.);
#828=EDGE_CURVE('',#668,#669,#351,.T.);
#829=EDGE_CURVE('',#669,#670,#269,.T.);
#830=EDGE_CURVE('',#670,#671,#352,.T.);
#831=EDGE_CURVE('',#671,#672,#270,.T.);
#832=EDGE_CURVE('',#673,#672,#353,.T.);
#833=EDGE_CURVE('',#673,#674,#271,.T.);
#834=EDGE_CURVE('',#675,#674,#354,.T.);
#835=EDGE_CURVE('',#676,#675,#272,.T.);
#836=EDGE_CURVE('',#676,#677,#355,.T.);
#837=EDGE_CURVE('',#677,#542,#273,.T.);
#838=EDGE_CURVE('',#633,#605,#356,.T.);
#839=EDGE_CURVE('',#632,#606,#357,.T.);
#840=EDGE_CURVE('',#640,#598,#358,.T.);
#841=EDGE_CURVE('',#641,#597,#359,.T.);
#842=EDGE_CURVE('',#630,#608,#360,.T.);
#843=EDGE_CURVE('',#609,#629,#361,.T.);
#844=EDGE_CURVE('',#628,#610,#362,.T.);
#845=EDGE_CURVE('',#607,#631,#363,.T.);
#846=EDGE_CURVE('',#639,#599,#364,.T.);
#847=EDGE_CURVE('',#634,#604,#365,.T.);
#848=EDGE_CURVE('',#635,#603,#366,.T.);
#849=EDGE_CURVE('',#636,#602,#367,.T.);
#850=EDGE_CURVE('',#637,#601,#368,.T.);
#851=EDGE_CURVE('',#638,#600,#369,.T.);
#852=EDGE_CURVE('',#643,#595,#370,.T.);
#853=EDGE_CURVE('',#642,#596,#371,.T.);
#854=EDGE_CURVE('',#594,#644,#372,.T.);
#855=EDGE_CURVE('',#662,#576,#373,.T.);
#856=EDGE_CURVE('',#646,#592,#374,.T.);
#857=EDGE_CURVE('',#645,#593,#375,.T.);
#858=EDGE_CURVE('',#647,#591,#376,.T.);
#859=EDGE_CURVE('',#648,#590,#377,.T.);
#860=EDGE_CURVE('',#649,#589,#378,.T.);
#861=EDGE_CURVE('',#650,#588,#379,.T.);
#862=EDGE_CURVE('',#651,#587,#380,.T.);
#863=EDGE_CURVE('',#652,#586,#381,.T.);
#864=EDGE_CURVE('',#653,#585,#382,.T.);
#865=EDGE_CURVE('',#654,#584,#383,.T.);
#866=EDGE_CURVE('',#655,#583,#384,.T.);
#867=EDGE_CURVE('',#656,#582,#385,.T.);
#868=EDGE_CURVE('',#657,#581,#386,.T.);
#869=EDGE_CURVE('',#658,#580,#387,.T.);
#870=EDGE_CURVE('',#659,#579,#388,.T.);
#871=EDGE_CURVE('',#660,#578,#389,.T.);
#872=EDGE_CURVE('',#661,#577,#390,.T.);
#873=EDGE_CURVE('',#667,#554,#391,.T.);
#874=EDGE_CURVE('',#666,#555,#392,.T.);
#875=EDGE_CURVE('',#664,#557,#393,.T.);
#876=EDGE_CURVE('',#663,#558,#394,.T.);
#877=EDGE_CURVE('',#665,#556,#395,.T.);
#878=EDGE_CURVE('',#675,#546,#396,.T.);
#879=EDGE_CURVE('',#674,#547,#397,.T.);
#880=EDGE_CURVE('',#668,#553,#398,.T.);
#881=EDGE_CURVE('',#669,#552,#399,.T.);
#882=EDGE_CURVE('',#670,#551,#400,.T.);
#883=EDGE_CURVE('',#671,#550,#401,.T.);
#884=EDGE_CURVE('',#672,#549,#402,.T.);
#885=EDGE_CURVE('',#673,#548,#403,.T.);
#886=EDGE_CURVE('',#676,#545,#404,.T.);
#887=EDGE_CURVE('',#677,#544,#405,.T.);
#888=ORIENTED_EDGE('',*,*,#678,.F.);
#889=ORIENTED_EDGE('',*,*,#679,.F.);
#890=ORIENTED_EDGE('',*,*,#680,.T.);
#891=ORIENTED_EDGE('',*,*,#681,.F.);
#892=ORIENTED_EDGE('',*,*,#678,.T.);
#893=ORIENTED_EDGE('',*,*,#682,.T.);
#894=ORIENTED_EDGE('',*,*,#683,.T.);
#895=ORIENTED_EDGE('',*,*,#684,.T.);
#896=ORIENTED_EDGE('',*,*,#684,.F.);
#897=ORIENTED_EDGE('',*,*,#685,.F.);
#898=ORIENTED_EDGE('',*,*,#686,.F.);
#899=ORIENTED_EDGE('',*,*,#687,.F.);
#900=ORIENTED_EDGE('',*,*,#688,.F.);
#901=ORIENTED_EDGE('',*,*,#689,.F.);
#902=ORIENTED_EDGE('',*,*,#690,.F.);
#903=ORIENTED_EDGE('',*,*,#691,.F.);
#904=ORIENTED_EDGE('',*,*,#692,.F.);
#905=ORIENTED_EDGE('',*,*,#693,.F.);
#906=ORIENTED_EDGE('',*,*,#694,.F.);
#907=ORIENTED_EDGE('',*,*,#695,.F.);
#908=ORIENTED_EDGE('',*,*,#696,.F.);
#909=ORIENTED_EDGE('',*,*,#697,.F.);
#910=ORIENTED_EDGE('',*,*,#698,.F.);
#911=ORIENTED_EDGE('',*,*,#699,.F.);
#912=ORIENTED_EDGE('',*,*,#700,.F.);
#913=ORIENTED_EDGE('',*,*,#701,.F.);
#914=ORIENTED_EDGE('',*,*,#702,.T.);
#915=ORIENTED_EDGE('',*,*,#703,.F.);
#916=ORIENTED_EDGE('',*,*,#704,.F.);
#917=ORIENTED_EDGE('',*,*,#705,.F.);
#918=ORIENTED_EDGE('',*,*,#706,.F.);
#919=ORIENTED_EDGE('',*,*,#707,.F.);
#920=ORIENTED_EDGE('',*,*,#708,.F.);
#921=ORIENTED_EDGE('',*,*,#709,.F.);
#922=ORIENTED_EDGE('',*,*,#710,.F.);
#923=ORIENTED_EDGE('',*,*,#711,.F.);
#924=ORIENTED_EDGE('',*,*,#712,.F.);
#925=ORIENTED_EDGE('',*,*,#713,.F.);
#926=ORIENTED_EDGE('',*,*,#714,.F.);
#927=ORIENTED_EDGE('',*,*,#715,.F.);
#928=ORIENTED_EDGE('',*,*,#716,.F.);
#929=ORIENTED_EDGE('',*,*,#717,.F.);
#930=ORIENTED_EDGE('',*,*,#718,.F.);
#931=ORIENTED_EDGE('',*,*,#719,.F.);
#932=ORIENTED_EDGE('',*,*,#720,.F.);
#933=ORIENTED_EDGE('',*,*,#721,.F.);
#934=ORIENTED_EDGE('',*,*,#722,.F.);
#935=ORIENTED_EDGE('',*,*,#723,.F.);
#936=ORIENTED_EDGE('',*,*,#724,.F.);
#937=ORIENTED_EDGE('',*,*,#725,.F.);
#938=ORIENTED_EDGE('',*,*,#726,.F.);
#939=ORIENTED_EDGE('',*,*,#727,.F.);
#940=ORIENTED_EDGE('',*,*,#728,.F.);
#941=ORIENTED_EDGE('',*,*,#729,.F.);
#942=ORIENTED_EDGE('',*,*,#730,.F.);
#943=ORIENTED_EDGE('',*,*,#731,.F.);
#944=ORIENTED_EDGE('',*,*,#732,.F.);
#945=ORIENTED_EDGE('',*,*,#733,.F.);
#946=ORIENTED_EDGE('',*,*,#734,.F.);
#947=ORIENTED_EDGE('',*,*,#735,.T.);
#948=ORIENTED_EDGE('',*,*,#736,.T.);
#949=ORIENTED_EDGE('',*,*,#737,.T.);
#950=ORIENTED_EDGE('',*,*,#738,.T.);
#951=ORIENTED_EDGE('',*,*,#739,.T.);
#952=ORIENTED_EDGE('',*,*,#740,.T.);
#953=ORIENTED_EDGE('',*,*,#741,.T.);
#954=ORIENTED_EDGE('',*,*,#742,.T.);
#955=ORIENTED_EDGE('',*,*,#743,.T.);
#956=ORIENTED_EDGE('',*,*,#744,.T.);
#957=ORIENTED_EDGE('',*,*,#745,.T.);
#958=ORIENTED_EDGE('',*,*,#746,.T.);
#959=ORIENTED_EDGE('',*,*,#747,.F.);
#960=ORIENTED_EDGE('',*,*,#748,.F.);
#961=ORIENTED_EDGE('',*,*,#749,.F.);
#962=ORIENTED_EDGE('',*,*,#750,.F.);
#963=ORIENTED_EDGE('',*,*,#751,.F.);
#964=ORIENTED_EDGE('',*,*,#752,.F.);
#965=ORIENTED_EDGE('',*,*,#679,.T.);
#966=ORIENTED_EDGE('',*,*,#701,.T.);
#967=ORIENTED_EDGE('',*,*,#753,.T.);
#968=ORIENTED_EDGE('',*,*,#754,.F.);
#969=ORIENTED_EDGE('',*,*,#755,.F.);
#970=ORIENTED_EDGE('',*,*,#755,.T.);
#971=ORIENTED_EDGE('',*,*,#756,.F.);
#972=ORIENTED_EDGE('',*,*,#757,.F.);
#973=ORIENTED_EDGE('',*,*,#702,.F.);
#974=ORIENTED_EDGE('',*,*,#758,.T.);
#975=ORIENTED_EDGE('',*,*,#716,.T.);
#976=ORIENTED_EDGE('',*,*,#759,.F.);
#977=ORIENTED_EDGE('',*,*,#760,.T.);
#978=ORIENTED_EDGE('',*,*,#704,.T.);
#979=ORIENTED_EDGE('',*,*,#761,.F.);
#980=ORIENTED_EDGE('',*,*,#762,.T.);
#981=ORIENTED_EDGE('',*,*,#763,.F.);
#982=ORIENTED_EDGE('',*,*,#705,.T.);
#983=ORIENTED_EDGE('',*,*,#763,.T.);
#984=ORIENTED_EDGE('',*,*,#764,.T.);
#985=ORIENTED_EDGE('',*,*,#765,.T.);
#986=ORIENTED_EDGE('',*,*,#706,.T.);
#987=ORIENTED_EDGE('',*,*,#765,.F.);
#988=ORIENTED_EDGE('',*,*,#766,.F.);
#989=ORIENTED_EDGE('',*,*,#767,.F.);
#990=ORIENTED_EDGE('',*,*,#707,.T.);
#991=ORIENTED_EDGE('',*,*,#767,.T.);
#992=ORIENTED_EDGE('',*,*,#768,.T.);
#993=ORIENTED_EDGE('',*,*,#769,.T.);
#994=ORIENTED_EDGE('',*,*,#708,.T.);
#995=ORIENTED_EDGE('',*,*,#769,.F.);
#996=ORIENTED_EDGE('',*,*,#770,.F.);
#997=ORIENTED_EDGE('',*,*,#771,.F.);
#998=ORIENTED_EDGE('',*,*,#709,.T.);
#999=ORIENTED_EDGE('',*,*,#771,.T.);
#1000=ORIENTED_EDGE('',*,*,#772,.F.);
#1001=ORIENTED_EDGE('',*,*,#773,.T.);
#1002=ORIENTED_EDGE('',*,*,#710,.T.);
#1003=ORIENTED_EDGE('',*,*,#773,.F.);
#1004=ORIENTED_EDGE('',*,*,#774,.T.);
#1005=ORIENTED_EDGE('',*,*,#775,.T.);
#1006=ORIENTED_EDGE('',*,*,#711,.T.);
#1007=ORIENTED_EDGE('',*,*,#775,.F.);
#1008=ORIENTED_EDGE('',*,*,#776,.F.);
#1009=ORIENTED_EDGE('',*,*,#777,.T.);
#1010=ORIENTED_EDGE('',*,*,#712,.T.);
#1011=ORIENTED_EDGE('',*,*,#777,.F.);
#1012=ORIENTED_EDGE('',*,*,#778,.F.);
#1013=ORIENTED_EDGE('',*,*,#779,.F.);
#1014=ORIENTED_EDGE('',*,*,#713,.T.);
#1015=ORIENTED_EDGE('',*,*,#779,.T.);
#1016=ORIENTED_EDGE('',*,*,#780,.T.);
#1017=ORIENTED_EDGE('',*,*,#781,.T.);
#1018=ORIENTED_EDGE('',*,*,#714,.T.);
#1019=ORIENTED_EDGE('',*,*,#781,.F.);
#1020=ORIENTED_EDGE('',*,*,#782,.F.);
#1021=ORIENTED_EDGE('',*,*,#783,.F.);
#1022=ORIENTED_EDGE('',*,*,#715,.T.);
#1023=ORIENTED_EDGE('',*,*,#783,.T.);
#1024=ORIENTED_EDGE('',*,*,#784,.T.);
#1025=ORIENTED_EDGE('',*,*,#759,.T.);
#1026=ORIENTED_EDGE('',*,*,#757,.T.);
#1027=ORIENTED_EDGE('',*,*,#785,.F.);
#1028=ORIENTED_EDGE('',*,*,#761,.T.);
#1029=ORIENTED_EDGE('',*,*,#703,.T.);
#1030=ORIENTED_EDGE('',*,*,#681,.T.);
#1031=ORIENTED_EDGE('',*,*,#786,.T.);
#1032=ORIENTED_EDGE('',*,*,#787,.F.);
#1033=ORIENTED_EDGE('',*,*,#788,.T.);
#1034=ORIENTED_EDGE('',*,*,#789,.F.);
#1035=ORIENTED_EDGE('',*,*,#790,.T.);
#1036=ORIENTED_EDGE('',*,*,#791,.T.);
#1037=ORIENTED_EDGE('',*,*,#792,.T.);
#1038=ORIENTED_EDGE('',*,*,#793,.T.);
#1039=ORIENTED_EDGE('',*,*,#794,.F.);
#1040=ORIENTED_EDGE('',*,*,#795,.F.);
#1041=ORIENTED_EDGE('',*,*,#796,.F.);
#1042=ORIENTED_EDGE('',*,*,#797,.T.);
#1043=ORIENTED_EDGE('',*,*,#798,.F.);
#1044=ORIENTED_EDGE('',*,*,#799,.T.);
#1045=ORIENTED_EDGE('',*,*,#800,.T.);
#1046=ORIENTED_EDGE('',*,*,#801,.F.);
#1047=ORIENTED_EDGE('',*,*,#802,.F.);
#1048=ORIENTED_EDGE('',*,*,#803,.F.);
#1049=ORIENTED_EDGE('',*,*,#804,.F.);
#1050=ORIENTED_EDGE('',*,*,#805,.F.);
#1051=ORIENTED_EDGE('',*,*,#806,.T.);
#1052=ORIENTED_EDGE('',*,*,#807,.F.);
#1053=ORIENTED_EDGE('',*,*,#808,.T.);
#1054=ORIENTED_EDGE('',*,*,#809,.T.);
#1055=ORIENTED_EDGE('',*,*,#810,.F.);
#1056=ORIENTED_EDGE('',*,*,#811,.F.);
#1057=ORIENTED_EDGE('',*,*,#812,.F.);
#1058=ORIENTED_EDGE('',*,*,#813,.F.);
#1059=ORIENTED_EDGE('',*,*,#814,.F.);
#1060=ORIENTED_EDGE('',*,*,#815,.F.);
#1061=ORIENTED_EDGE('',*,*,#816,.T.);
#1062=ORIENTED_EDGE('',*,*,#817,.T.);
#1063=ORIENTED_EDGE('',*,*,#818,.T.);
#1064=ORIENTED_EDGE('',*,*,#819,.T.);
#1065=ORIENTED_EDGE('',*,*,#820,.F.);
#1066=ORIENTED_EDGE('',*,*,#821,.T.);
#1067=ORIENTED_EDGE('',*,*,#760,.F.);
#1068=ORIENTED_EDGE('',*,*,#784,.F.);
#1069=ORIENTED_EDGE('',*,*,#782,.T.);
#1070=ORIENTED_EDGE('',*,*,#780,.F.);
#1071=ORIENTED_EDGE('',*,*,#778,.T.);
#1072=ORIENTED_EDGE('',*,*,#776,.T.);
#1073=ORIENTED_EDGE('',*,*,#774,.F.);
#1074=ORIENTED_EDGE('',*,*,#772,.T.);
#1075=ORIENTED_EDGE('',*,*,#770,.T.);
#1076=ORIENTED_EDGE('',*,*,#768,.F.);
#1077=ORIENTED_EDGE('',*,*,#766,.T.);
#1078=ORIENTED_EDGE('',*,*,#764,.F.);
#1079=ORIENTED_EDGE('',*,*,#762,.F.);
#1080=ORIENTED_EDGE('',*,*,#785,.T.);
#1081=ORIENTED_EDGE('',*,*,#756,.T.);
#1082=ORIENTED_EDGE('',*,*,#754,.T.);
#1083=ORIENTED_EDGE('',*,*,#822,.T.);
#1084=ORIENTED_EDGE('',*,*,#823,.T.);
#1085=ORIENTED_EDGE('',*,*,#824,.T.);
#1086=ORIENTED_EDGE('',*,*,#825,.F.);
#1087=ORIENTED_EDGE('',*,*,#826,.F.);
#1088=ORIENTED_EDGE('',*,*,#827,.T.);
#1089=ORIENTED_EDGE('',*,*,#828,.T.);
#1090=ORIENTED_EDGE('',*,*,#829,.T.);
#1091=ORIENTED_EDGE('',*,*,#830,.T.);
#1092=ORIENTED_EDGE('',*,*,#831,.T.);
#1093=ORIENTED_EDGE('',*,*,#832,.F.);
#1094=ORIENTED_EDGE('',*,*,#833,.T.);
#1095=ORIENTED_EDGE('',*,*,#834,.F.);
#1096=ORIENTED_EDGE('',*,*,#835,.F.);
#1097=ORIENTED_EDGE('',*,*,#836,.T.);
#1098=ORIENTED_EDGE('',*,*,#837,.T.);
#1099=ORIENTED_EDGE('',*,*,#682,.F.);
#1100=ORIENTED_EDGE('',*,*,#838,.F.);
#1101=ORIENTED_EDGE('',*,*,#791,.F.);
#1102=ORIENTED_EDGE('',*,*,#839,.T.);
#1103=ORIENTED_EDGE('',*,*,#747,.T.);
#1104=ORIENTED_EDGE('',*,*,#799,.F.);
#1105=ORIENTED_EDGE('',*,*,#840,.T.);
#1106=ORIENTED_EDGE('',*,*,#739,.F.);
#1107=ORIENTED_EDGE('',*,*,#841,.F.);
#1108=ORIENTED_EDGE('',*,*,#842,.F.);
#1109=ORIENTED_EDGE('',*,*,#788,.F.);
#1110=ORIENTED_EDGE('',*,*,#843,.F.);
#1111=ORIENTED_EDGE('',*,*,#750,.T.);
#1112=ORIENTED_EDGE('',*,*,#787,.T.);
#1113=ORIENTED_EDGE('',*,*,#844,.T.);
#1114=ORIENTED_EDGE('',*,*,#751,.T.);
#1115=ORIENTED_EDGE('',*,*,#843,.T.);
#1116=ORIENTED_EDGE('',*,*,#839,.F.);
#1117=ORIENTED_EDGE('',*,*,#790,.F.);
#1118=ORIENTED_EDGE('',*,*,#845,.F.);
#1119=ORIENTED_EDGE('',*,*,#748,.T.);
#1120=ORIENTED_EDGE('',*,*,#789,.T.);
#1121=ORIENTED_EDGE('',*,*,#842,.T.);
#1122=ORIENTED_EDGE('',*,*,#749,.T.);
#1123=ORIENTED_EDGE('',*,*,#845,.T.);
#1124=ORIENTED_EDGE('',*,*,#798,.T.);
#1125=ORIENTED_EDGE('',*,*,#846,.T.);
#1126=ORIENTED_EDGE('',*,*,#740,.F.);
#1127=ORIENTED_EDGE('',*,*,#840,.F.);
#1128=ORIENTED_EDGE('',*,*,#838,.T.);
#1129=ORIENTED_EDGE('',*,*,#746,.F.);
#1130=ORIENTED_EDGE('',*,*,#847,.F.);
#1131=ORIENTED_EDGE('',*,*,#792,.F.);
#1132=ORIENTED_EDGE('',*,*,#793,.F.);
#1133=ORIENTED_EDGE('',*,*,#847,.T.);
#1134=ORIENTED_EDGE('',*,*,#745,.F.);
#1135=ORIENTED_EDGE('',*,*,#848,.F.);
#1136=ORIENTED_EDGE('',*,*,#794,.T.);
#1137=ORIENTED_EDGE('',*,*,#848,.T.);
#1138=ORIENTED_EDGE('',*,*,#744,.F.);
#1139=ORIENTED_EDGE('',*,*,#849,.F.);
#1140=ORIENTED_EDGE('',*,*,#795,.T.);
#1141=ORIENTED_EDGE('',*,*,#849,.T.);
#1142=ORIENTED_EDGE('',*,*,#743,.F.);
#1143=ORIENTED_EDGE('',*,*,#850,.F.);
#1144=ORIENTED_EDGE('',*,*,#796,.T.);
#1145=ORIENTED_EDGE('',*,*,#850,.T.);
#1146=ORIENTED_EDGE('',*,*,#742,.F.);
#1147=ORIENTED_EDGE('',*,*,#851,.F.);
#1148=ORIENTED_EDGE('',*,*,#797,.F.);
#1149=ORIENTED_EDGE('',*,*,#851,.T.);
#1150=ORIENTED_EDGE('',*,*,#741,.F.);
#1151=ORIENTED_EDGE('',*,*,#846,.F.);
#1152=ORIENTED_EDGE('',*,*,#737,.F.);
#1153=ORIENTED_EDGE('',*,*,#852,.F.);
#1154=ORIENTED_EDGE('',*,*,#801,.T.);
#1155=ORIENTED_EDGE('',*,*,#853,.T.);
#1156=ORIENTED_EDGE('',*,*,#854,.T.);
#1157=ORIENTED_EDGE('',*,*,#802,.T.);
#1158=ORIENTED_EDGE('',*,*,#852,.T.);
#1159=ORIENTED_EDGE('',*,*,#736,.F.);
#1160=ORIENTED_EDGE('',*,*,#821,.F.);
#1161=ORIENTED_EDGE('',*,*,#855,.T.);
#1162=ORIENTED_EDGE('',*,*,#717,.T.);
#1163=ORIENTED_EDGE('',*,*,#758,.F.);
#1164=ORIENTED_EDGE('',*,*,#734,.T.);
#1165=ORIENTED_EDGE('',*,*,#856,.F.);
#1166=ORIENTED_EDGE('',*,*,#804,.T.);
#1167=ORIENTED_EDGE('',*,*,#857,.T.);
#1168=ORIENTED_EDGE('',*,*,#733,.T.);
#1169=ORIENTED_EDGE('',*,*,#858,.F.);
#1170=ORIENTED_EDGE('',*,*,#805,.T.);
#1171=ORIENTED_EDGE('',*,*,#856,.T.);
#1172=ORIENTED_EDGE('',*,*,#732,.T.);
#1173=ORIENTED_EDGE('',*,*,#859,.F.);
#1174=ORIENTED_EDGE('',*,*,#806,.F.);
#1175=ORIENTED_EDGE('',*,*,#858,.T.);
#1176=ORIENTED_EDGE('',*,*,#731,.T.);
#1177=ORIENTED_EDGE('',*,*,#860,.F.);
#1178=ORIENTED_EDGE('',*,*,#807,.T.);
#1179=ORIENTED_EDGE('',*,*,#859,.T.);
#1180=ORIENTED_EDGE('',*,*,#730,.T.);
#1181=ORIENTED_EDGE('',*,*,#861,.F.);
#1182=ORIENTED_EDGE('',*,*,#808,.F.);
#1183=ORIENTED_EDGE('',*,*,#860,.T.);
#1184=ORIENTED_EDGE('',*,*,#729,.T.);
#1185=ORIENTED_EDGE('',*,*,#862,.F.);
#1186=ORIENTED_EDGE('',*,*,#809,.F.);
#1187=ORIENTED_EDGE('',*,*,#861,.T.);
#1188=ORIENTED_EDGE('',*,*,#728,.T.);
#1189=ORIENTED_EDGE('',*,*,#863,.F.);
#1190=ORIENTED_EDGE('',*,*,#810,.T.);
#1191=ORIENTED_EDGE('',*,*,#862,.T.);
#1192=ORIENTED_EDGE('',*,*,#727,.T.);
#1193=ORIENTED_EDGE('',*,*,#864,.F.);
#1194=ORIENTED_EDGE('',*,*,#811,.T.);
#1195=ORIENTED_EDGE('',*,*,#863,.T.);
#1196=ORIENTED_EDGE('',*,*,#726,.T.);
#1197=ORIENTED_EDGE('',*,*,#865,.F.);
#1198=ORIENTED_EDGE('',*,*,#812,.T.);
#1199=ORIENTED_EDGE('',*,*,#864,.T.);
#1200=ORIENTED_EDGE('',*,*,#725,.T.);
#1201=ORIENTED_EDGE('',*,*,#866,.F.);
#1202=ORIENTED_EDGE('',*,*,#813,.T.);
#1203=ORIENTED_EDGE('',*,*,#865,.T.);
#1204=ORIENTED_EDGE('',*,*,#724,.T.);
#1205=ORIENTED_EDGE('',*,*,#867,.F.);
#1206=ORIENTED_EDGE('',*,*,#814,.T.);
#1207=ORIENTED_EDGE('',*,*,#866,.T.);
#1208=ORIENTED_EDGE('',*,*,#723,.T.);
#1209=ORIENTED_EDGE('',*,*,#868,.F.);
#1210=ORIENTED_EDGE('',*,*,#815,.T.);
#1211=ORIENTED_EDGE('',*,*,#867,.T.);
#1212=ORIENTED_EDGE('',*,*,#722,.T.);
#1213=ORIENTED_EDGE('',*,*,#869,.F.);
#1214=ORIENTED_EDGE('',*,*,#816,.F.);
#1215=ORIENTED_EDGE('',*,*,#868,.T.);
#1216=ORIENTED_EDGE('',*,*,#721,.T.);
#1217=ORIENTED_EDGE('',*,*,#870,.F.);
#1218=ORIENTED_EDGE('',*,*,#817,.F.);
#1219=ORIENTED_EDGE('',*,*,#869,.T.);
#1220=ORIENTED_EDGE('',*,*,#720,.T.);
#1221=ORIENTED_EDGE('',*,*,#871,.F.);
#1222=ORIENTED_EDGE('',*,*,#818,.F.);
#1223=ORIENTED_EDGE('',*,*,#870,.T.);
#1224=ORIENTED_EDGE('',*,*,#719,.T.);
#1225=ORIENTED_EDGE('',*,*,#872,.F.);
#1226=ORIENTED_EDGE('',*,*,#819,.F.);
#1227=ORIENTED_EDGE('',*,*,#871,.T.);
#1228=ORIENTED_EDGE('',*,*,#718,.T.);
#1229=ORIENTED_EDGE('',*,*,#855,.F.);
#1230=ORIENTED_EDGE('',*,*,#820,.T.);
#1231=ORIENTED_EDGE('',*,*,#872,.T.);
#1232=ORIENTED_EDGE('',*,*,#696,.T.);
#1233=ORIENTED_EDGE('',*,*,#873,.F.);
#1234=ORIENTED_EDGE('',*,*,#826,.T.);
#1235=ORIENTED_EDGE('',*,*,#874,.T.);
#1236=ORIENTED_EDGE('',*,*,#699,.T.);
#1237=ORIENTED_EDGE('',*,*,#875,.F.);
#1238=ORIENTED_EDGE('',*,*,#823,.F.);
#1239=ORIENTED_EDGE('',*,*,#876,.T.);
#1240=ORIENTED_EDGE('',*,*,#698,.T.);
#1241=ORIENTED_EDGE('',*,*,#877,.F.);
#1242=ORIENTED_EDGE('',*,*,#824,.F.);
#1243=ORIENTED_EDGE('',*,*,#875,.T.);
#1244=ORIENTED_EDGE('',*,*,#697,.T.);
#1245=ORIENTED_EDGE('',*,*,#874,.F.);
#1246=ORIENTED_EDGE('',*,*,#825,.T.);
#1247=ORIENTED_EDGE('',*,*,#877,.T.);
#1248=ORIENTED_EDGE('',*,*,#688,.T.);
#1249=ORIENTED_EDGE('',*,*,#878,.F.);
#1250=ORIENTED_EDGE('',*,*,#834,.T.);
#1251=ORIENTED_EDGE('',*,*,#879,.T.);
#1252=ORIENTED_EDGE('',*,*,#695,.T.);
#1253=ORIENTED_EDGE('',*,*,#880,.F.);
#1254=ORIENTED_EDGE('',*,*,#827,.F.);
#1255=ORIENTED_EDGE('',*,*,#873,.T.);
#1256=ORIENTED_EDGE('',*,*,#694,.T.);
#1257=ORIENTED_EDGE('',*,*,#881,.F.);
#1258=ORIENTED_EDGE('',*,*,#828,.F.);
#1259=ORIENTED_EDGE('',*,*,#880,.T.);
#1260=ORIENTED_EDGE('',*,*,#693,.T.);
#1261=ORIENTED_EDGE('',*,*,#882,.F.);
#1262=ORIENTED_EDGE('',*,*,#829,.F.);
#1263=ORIENTED_EDGE('',*,*,#881,.T.);
#1264=ORIENTED_EDGE('',*,*,#692,.T.);
#1265=ORIENTED_EDGE('',*,*,#883,.F.);
#1266=ORIENTED_EDGE('',*,*,#830,.F.);
#1267=ORIENTED_EDGE('',*,*,#882,.T.);
#1268=ORIENTED_EDGE('',*,*,#691,.T.);
#1269=ORIENTED_EDGE('',*,*,#884,.F.);
#1270=ORIENTED_EDGE('',*,*,#831,.F.);
#1271=ORIENTED_EDGE('',*,*,#883,.T.);
#1272=ORIENTED_EDGE('',*,*,#690,.T.);
#1273=ORIENTED_EDGE('',*,*,#885,.F.);
#1274=ORIENTED_EDGE('',*,*,#832,.T.);
#1275=ORIENTED_EDGE('',*,*,#884,.T.);
#1276=ORIENTED_EDGE('',*,*,#689,.T.);
#1277=ORIENTED_EDGE('',*,*,#879,.F.);
#1278=ORIENTED_EDGE('',*,*,#833,.F.);
#1279=ORIENTED_EDGE('',*,*,#885,.T.);
#1280=ORIENTED_EDGE('',*,*,#687,.T.);
#1281=ORIENTED_EDGE('',*,*,#886,.F.);
#1282=ORIENTED_EDGE('',*,*,#835,.T.);
#1283=ORIENTED_EDGE('',*,*,#878,.T.);
#1284=ORIENTED_EDGE('',*,*,#686,.T.);
#1285=ORIENTED_EDGE('',*,*,#887,.F.);
#1286=ORIENTED_EDGE('',*,*,#836,.F.);
#1287=ORIENTED_EDGE('',*,*,#886,.T.);
#1288=ORIENTED_EDGE('',*,*,#685,.T.);
#1289=ORIENTED_EDGE('',*,*,#683,.F.);
#1290=ORIENTED_EDGE('',*,*,#837,.F.);
#1291=ORIENTED_EDGE('',*,*,#887,.T.);
#1292=ORIENTED_EDGE('',*,*,#735,.F.);
#1293=ORIENTED_EDGE('',*,*,#857,.F.);
#1294=ORIENTED_EDGE('',*,*,#803,.T.);
#1295=ORIENTED_EDGE('',*,*,#854,.F.);
#1296=ORIENTED_EDGE('',*,*,#700,.T.);
#1297=ORIENTED_EDGE('',*,*,#876,.F.);
#1298=ORIENTED_EDGE('',*,*,#822,.F.);
#1299=ORIENTED_EDGE('',*,*,#753,.F.);
#1300=ORIENTED_EDGE('',*,*,#738,.F.);
#1301=ORIENTED_EDGE('',*,*,#853,.F.);
#1302=ORIENTED_EDGE('',*,*,#800,.F.);
#1303=ORIENTED_EDGE('',*,*,#841,.T.);
#1304=ORIENTED_EDGE('',*,*,#786,.F.);
#1305=ORIENTED_EDGE('',*,*,#680,.F.);
#1306=ORIENTED_EDGE('',*,*,#752,.T.);
#1307=ORIENTED_EDGE('',*,*,#844,.F.);
#1308=CYLINDRICAL_SURFACE('',#1434,0.0999999999999993);
#1309=CYLINDRICAL_SURFACE('',#1477,0.163000000000003);
#1310=CYLINDRICAL_SURFACE('',#1480,0.412499999999999);
#1311=CYLINDRICAL_SURFACE('',#1482,0.412500000000002);
#1312=CYLINDRICAL_SURFACE('',#1484,0.114);
#1313=CYLINDRICAL_SURFACE('',#1487,0.114);
#1314=CYLINDRICAL_SURFACE('',#1489,0.174999999999999);
#1315=CYLINDRICAL_SURFACE('',#1491,0.162500000000001);
#1316=CYLINDRICAL_SURFACE('',#1494,0.162500000000016);
#1317=CYLINDRICAL_SURFACE('',#1496,0.174999999999988);
#1318=CYLINDRICAL_SURFACE('',#1498,0.114);
#1319=CYLINDRICAL_SURFACE('',#1501,0.114);
#1320=CYLINDRICAL_SURFACE('',#1532,0.125);
#1321=CYLINDRICAL_SURFACE('',#1533,0.10087);
#1322=CYLINDRICAL_SURFACE('',#1535,0.125);
#1323=CYLINDRICAL_SURFACE('',#1537,0.125);
#1324=CYLINDRICAL_SURFACE('',#1540,0.124960893938389);
#1325=CYLINDRICAL_SURFACE('',#1541,0.125000000000001);
#1326=CYLINDRICAL_SURFACE('',#1543,0.125000000000001);
#1327=CYLINDRICAL_SURFACE('',#1544,0.12507332672799);
#1328=CYLINDRICAL_SURFACE('',#1545,0.349999999999999);
#1329=CYLINDRICAL_SURFACE('',#1548,0.899999999999999);
#1330=CYLINDRICAL_SURFACE('',#1550,0.150000000000002);
#1331=CYLINDRICAL_SURFACE('',#1552,0.100000000000001);
#1332=CYLINDRICAL_SURFACE('',#1554,0.25);
#1333=CYLINDRICAL_SURFACE('',#1555,0.390000000000002);
#1334=CYLINDRICAL_SURFACE('',#1557,0.390000000000002);
#1335=CYLINDRICAL_SURFACE('',#1558,0.25);
#1336=CYLINDRICAL_SURFACE('',#1560,0.099999999999997);
#1337=CYLINDRICAL_SURFACE('',#1562,0.15);
#1338=CYLINDRICAL_SURFACE('',#1564,0.9);
#1339=CYLINDRICAL_SURFACE('',#1566,0.65);
#1340=CYLINDRICAL_SURFACE('',#1568,0.250000000000001);
#1341=CYLINDRICAL_SURFACE('',#1570,0.150000000000001);
#1342=CYLINDRICAL_SURFACE('',#1572,0.140000000000002);
#1343=CYLINDRICAL_SURFACE('',#1574,0.140000000000002);
#1344=CYLINDRICAL_SURFACE('',#1576,0.15);
#1345=CYLINDRICAL_SURFACE('',#1577,0.249999999999998);
#1346=CYLINDRICAL_SURFACE('',#1579,0.649999999999999);
#1347=ADVANCED_FACE('',(#52),#1308,.F.);
#1348=ADVANCED_FACE('',(#53),#19,.T.);
#1349=ADVANCED_FACE('',(#54),#20,.T.);
#1350=ADVANCED_FACE('',(#55),#1309,.F.);
#1351=ADVANCED_FACE('',(#56),#21,.F.);
#1352=ADVANCED_FACE('',(#57),#1310,.T.);
#1353=ADVANCED_FACE('',(#58),#1311,.T.);
#1354=ADVANCED_FACE('',(#59),#1312,.T.);
#1355=ADVANCED_FACE('',(#60),#22,.F.);
#1356=ADVANCED_FACE('',(#61),#1313,.T.);
#1357=ADVANCED_FACE('',(#62),#1314,.F.);
#1358=ADVANCED_FACE('',(#63),#1315,.F.);
#1359=ADVANCED_FACE('',(#64),#23,.T.);
#1360=ADVANCED_FACE('',(#65),#1316,.F.);
#1361=ADVANCED_FACE('',(#66),#1317,.F.);
#1362=ADVANCED_FACE('',(#67),#1318,.T.);
#1363=ADVANCED_FACE('',(#68),#24,.F.);
#1364=ADVANCED_FACE('',(#69),#1319,.T.);
#1365=ADVANCED_FACE('',(#70),#25,.T.);
#1366=ADVANCED_FACE('',(#71),#26,.T.);
#1367=ADVANCED_FACE('',(#72),#1320,.F.);
#1368=ADVANCED_FACE('',(#73),#1321,.F.);
#1369=ADVANCED_FACE('',(#74),#27,.T.);
#1370=ADVANCED_FACE('',(#75),#1322,.T.);
#1371=ADVANCED_FACE('',(#76),#28,.T.);
#1372=ADVANCED_FACE('',(#77),#1323,.T.);
#1373=ADVANCED_FACE('',(#78),#29,.T.);
#1374=ADVANCED_FACE('',(#79),#30,.T.);
#1375=ADVANCED_FACE('',(#80),#1324,.F.);
#1376=ADVANCED_FACE('',(#81),#1325,.T.);
#1377=ADVANCED_FACE('',(#82),#31,.T.);
#1378=ADVANCED_FACE('',(#83),#1326,.T.);
#1379=ADVANCED_FACE('',(#84),#1327,.F.);
#1380=ADVANCED_FACE('',(#85),#1328,.T.);
#1381=ADVANCED_FACE('',(#86),#32,.T.);
#1382=ADVANCED_FACE('',(#87),#33,.T.);
#1383=ADVANCED_FACE('',(#88),#1329,.T.);
#1384=ADVANCED_FACE('',(#89),#34,.T.);
#1385=ADVANCED_FACE('',(#90),#1330,.F.);
#1386=ADVANCED_FACE('',(#91),#35,.T.);
#1387=ADVANCED_FACE('',(#92),#1331,.F.);
#1388=ADVANCED_FACE('',(#93),#36,.T.);
#1389=ADVANCED_FACE('',(#94),#1332,.T.);
#1390=ADVANCED_FACE('',(#95),#1333,.T.);
#1391=ADVANCED_FACE('',(#96),#37,.T.);
#1392=ADVANCED_FACE('',(#97),#1334,.T.);
#1393=ADVANCED_FACE('',(#98),#1335,.T.);
#1394=ADVANCED_FACE('',(#99),#38,.T.);
#1395=ADVANCED_FACE('',(#100),#1336,.F.);
#1396=ADVANCED_FACE('',(#101),#39,.T.);
#1397=ADVANCED_FACE('',(#102),#1337,.F.);
#1398=ADVANCED_FACE('',(#103),#40,.T.);
#1399=ADVANCED_FACE('',(#104),#1338,.T.);
#1400=ADVANCED_FACE('',(#105),#41,.T.);
#1401=ADVANCED_FACE('',(#106),#1339,.F.);
#1402=ADVANCED_FACE('',(#107),#42,.T.);
#1403=ADVANCED_FACE('',(#108),#1340,.T.);
#1404=ADVANCED_FACE('',(#109),#43,.T.);
#1405=ADVANCED_FACE('',(#110),#1341,.T.);
#1406=ADVANCED_FACE('',(#111),#44,.T.);
#1407=ADVANCED_FACE('',(#112),#1342,.F.);
#1408=ADVANCED_FACE('',(#113),#45,.T.);
#1409=ADVANCED_FACE('',(#114),#1343,.F.);
#1410=ADVANCED_FACE('',(#115),#46,.T.);
#1411=ADVANCED_FACE('',(#116),#1344,.T.);
#1412=ADVANCED_FACE('',(#117),#1345,.T.);
#1413=ADVANCED_FACE('',(#118),#47,.T.);
#1414=ADVANCED_FACE('',(#119),#1346,.F.);
#1415=ADVANCED_FACE('',(#120),#48,.T.);
#1416=ADVANCED_FACE('',(#121),#49,.T.);
#1417=ADVANCED_FACE('',(#122),#50,.T.);
#1418=ADVANCED_FACE('',(#123),#51,.T.);
#1419=CLOSED_SHELL('',(#1347,#1348,#1349,#1350,#1351,#1352,#1353,#1354,
#1355,#1356,#1357,#1358,#1359,#1360,#1361,#1362,#1363,#1364,#1365,#1366,
#1367,#1368,#1369,#1370,#1371,#1372,#1373,#1374,#1375,#1376,#1377,#1378,
#1379,#1380,#1381,#1382,#1383,#1384,#1385,#1386,#1387,#1388,#1389,#1390,
#1391,#1392,#1393,#1394,#1395,#1396,#1397,#1398,#1399,#1400,#1401,#1402,
#1403,#1404,#1405,#1406,#1407,#1408,#1409,#1410,#1411,#1412,#1413,#1414,
#1415,#1416,#1417,#1418));
#1420=DERIVED_UNIT_ELEMENT(#1422,1.);
#1421=DERIVED_UNIT_ELEMENT(#2457,-3.);
#1422=(
MASS_UNIT()
NAMED_UNIT(*)
SI_UNIT(.KILO.,.GRAM.)
);
#1423=DERIVED_UNIT((#1420,#1421));
#1424=MEASURE_REPRESENTATION_ITEM('density measure',
POSITIVE_RATIO_MEASURE(1400.),#1423);
#1425=PROPERTY_DEFINITION_REPRESENTATION(#1430,#1427);
#1426=PROPERTY_DEFINITION_REPRESENTATION(#1431,#1428);
#1427=REPRESENTATION('material name',(#1429),#2452);
#1428=REPRESENTATION('density',(#1424),#2452);
#1429=DESCRIPTIVE_REPRESENTATION_ITEM('PVC-Piping','PVC-Piping');
#1430=PROPERTY_DEFINITION('material property','material name',#2470);
#1431=PROPERTY_DEFINITION('material property','density of part',#2470);
#1432=AXIS2_PLACEMENT_3D('',#2023,#1585,#1586);
#1433=AXIS2_PLACEMENT_3D('',#2024,#1587,#1588);
#1434=AXIS2_PLACEMENT_3D('',#2025,#1589,#1590);
#1435=AXIS2_PLACEMENT_3D('',#2030,#1592,#1593);
#1436=AXIS2_PLACEMENT_3D('',#2033,#1595,#1596);
#1437=AXIS2_PLACEMENT_3D('',#2034,#1597,#1598);
#1438=AXIS2_PLACEMENT_3D('',#2040,#1602,#1603);
#1439=AXIS2_PLACEMENT_3D('',#2042,#1604,#1605);
#1440=AXIS2_PLACEMENT_3D('',#2046,#1607,#1608);
#1441=AXIS2_PLACEMENT_3D('',#2050,#1610,#1611);
#1442=AXIS2_PLACEMENT_3D('',#2054,#1613,#1614);
#1443=AXIS2_PLACEMENT_3D('',#2058,#1616,#1617);
#1444=AXIS2_PLACEMENT_3D('',#2062,#1619,#1620);
#1445=AXIS2_PLACEMENT_3D('',#2066,#1622,#1623);
#1446=AXIS2_PLACEMENT_3D('',#2070,#1625,#1626);
#1447=AXIS2_PLACEMENT_3D('',#2074,#1628,#1629);
#1448=AXIS2_PLACEMENT_3D('',#2080,#1632,#1633);
#1449=AXIS2_PLACEMENT_3D('',#2082,#1634,#1635);
#1450=AXIS2_PLACEMENT_3D('',#2086,#1637,#1638);
#1451=AXIS2_PLACEMENT_3D('',#2088,#1639,#1640);
#1452=AXIS2_PLACEMENT_3D('',#2090,#1641,#1642);
#1453=AXIS2_PLACEMENT_3D('',#2094,#1644,#1645);
#1454=AXIS2_PLACEMENT_3D('',#2096,#1646,#1647);
#1455=AXIS2_PLACEMENT_3D('',#2098,#1648,#1649);
#1456=AXIS2_PLACEMENT_3D('',#2102,#1651,#1652);
#1457=AXIS2_PLACEMENT_3D('',#2104,#1653,#1654);
#1458=AXIS2_PLACEMENT_3D('',#2108,#1656,#1657);
#1459=AXIS2_PLACEMENT_3D('',#2112,#1659,#1660);
#1460=AXIS2_PLACEMENT_3D('',#2116,#1662,#1663);
#1461=AXIS2_PLACEMENT_3D('',#2120,#1665,#1666);
#1462=AXIS2_PLACEMENT_3D('',#2122,#1667,#1668);
#1463=AXIS2_PLACEMENT_3D('',#2126,#1670,#1671);
#1464=AXIS2_PLACEMENT_3D('',#2128,#1672,#1673);
#1465=AXIS2_PLACEMENT_3D('',#2132,#1675,#1676);
#1466=AXIS2_PLACEMENT_3D('',#2136,#1678,#1679);
#1467=AXIS2_PLACEMENT_3D('',#2140,#1681,#1682);
#1468=AXIS2_PLACEMENT_3D('',#2146,#1685,#1686);
#1469=AXIS2_PLACEMENT_3D('',#2150,#1688,#1689);
#1470=AXIS2_PLACEMENT_3D('',#2154,#1691,#1692);
#1471=AXIS2_PLACEMENT_3D('',#2156,#1693,#1694);
#1472=AXIS2_PLACEMENT_3D('',#2160,#1696,#1697);
#1473=AXIS2_PLACEMENT_3D('',#2162,#1698,#1699);
#1474=AXIS2_PLACEMENT_3D('',#2166,#1701,#1702);
#1475=AXIS2_PLACEMENT_3D('',#2170,#1704,#1705);
#1476=AXIS2_PLACEMENT_3D('',#2174,#1707,#1708);
#1477=AXIS2_PLACEMENT_3D('',#2176,#1710,#1711);
#1478=AXIS2_PLACEMENT_3D('',#2180,#1713,#1714);
#1479=AXIS2_PLACEMENT_3D('',#2182,#1716,#1717);
#1480=AXIS2_PLACEMENT_3D('',#2186,#1720,#1721);
#1481=AXIS2_PLACEMENT_3D('',#2191,#1724,#1725);
#1482=AXIS2_PLACEMENT_3D('',#2192,#1726,#1727);
#1483=AXIS2_PLACEMENT_3D('',#2196,#1729,#1730);
#1484=AXIS2_PLACEMENT_3D('',#2198,#1732,#1733);
#1485=AXIS2_PLACEMENT_3D('',#2200,#1734,#1735);
#1486=AXIS2_PLACEMENT_3D('',#2202,#1737,#1738);
#1487=AXIS2_PLACEMENT_3D('',#2206,#1741,#1742);
#1488=AXIS2_PLACEMENT_3D('',#2208,#1743,#1744);
#1489=AXIS2_PLACEMENT_3D('',#2210,#1746,#1747);
#1490=AXIS2_PLACEMENT_3D('',#2212,#1748,#1749);
#1491=AXIS2_PLACEMENT_3D('',#2214,#1751,#1752);
#1492=AXIS2_PLACEMENT_3D('',#2216,#1753,#1754);
#1493=AXIS2_PLACEMENT_3D('',#2218,#1756,#1757);
#1494=AXIS2_PLACEMENT_3D('',#2222,#1760,#1761);
#1495=AXIS2_PLACEMENT_3D('',#2224,#1762,#1763);
#1496=AXIS2_PLACEMENT_3D('',#2226,#1765,#1766);
#1497=AXIS2_PLACEMENT_3D('',#2228,#1767,#1768);
#1498=AXIS2_PLACEMENT_3D('',#2230,#1770,#1771);
#1499=AXIS2_PLACEMENT_3D('',#2232,#1772,#1773);
#1500=AXIS2_PLACEMENT_3D('',#2234,#1775,#1776);
#1501=AXIS2_PLACEMENT_3D('',#2238,#1779,#1780);
#1502=AXIS2_PLACEMENT_3D('',#2239,#1781,#1782);
#1503=AXIS2_PLACEMENT_3D('',#2240,#1783,#1784);
#1504=AXIS2_PLACEMENT_3D('',#2242,#1786,#1787);
#1505=AXIS2_PLACEMENT_3D('',#2246,#1789,#1790);
#1506=AXIS2_PLACEMENT_3D('',#2250,#1792,#1793);
#1507=AXIS2_PLACEMENT_3D('',#2254,#1795,#1796);
#1508=AXIS2_PLACEMENT_3D('',#2258,#1798,#1799);
#1509=AXIS2_PLACEMENT_3D('',#2260,#1800,#1801);
#1510=AXIS2_PLACEMENT_3D('',#2264,#1803,#1804);
#1511=AXIS2_PLACEMENT_3D('',#2266,#1805,#1806);
#1512=AXIS2_PLACEMENT_3D('',#2270,#1808,#1809);
#1513=AXIS2_PLACEMENT_3D('',#2274,#1811,#1812);
#1514=AXIS2_PLACEMENT_3D('',#2280,#1815,#1816);
#1515=AXIS2_PLACEMENT_3D('',#2284,#1818,#1819);
#1516=AXIS2_PLACEMENT_3D('',#2288,#1821,#1822);
#1517=AXIS2_PLACEMENT_3D('',#2292,#1824,#1825);
#1518=AXIS2_PLACEMENT_3D('',#2294,#1826,#1827);
#1519=AXIS2_PLACEMENT_3D('',#2298,#1829,#1830);
#1520=AXIS2_PLACEMENT_3D('',#2300,#1831,#1832);
#1521=AXIS2_PLACEMENT_3D('',#2304,#1834,#1835);
#1522=AXIS2_PLACEMENT_3D('',#2308,#1837,#1838);
#1523=AXIS2_PLACEMENT_3D('',#2312,#1840,#1841);
#1524=AXIS2_PLACEMENT_3D('',#2317,#1844,#1845);
#1525=AXIS2_PLACEMENT_3D('',#2321,#1847,#1848);
#1526=AXIS2_PLACEMENT_3D('',#2325,#1850,#1851);
#1527=AXIS2_PLACEMENT_3D('',#2329,#1853,#1854);
#1528=AXIS2_PLACEMENT_3D('',#2333,#1856,#1857);
#1529=AXIS2_PLACEMENT_3D('',#2337,#1859,#1860);
#1530=AXIS2_PLACEMENT_3D('',#2341,#1862,#1863);
#1531=AXIS2_PLACEMENT_3D('',#2344,#1865,#1866);
#1532=AXIS2_PLACEMENT_3D('',#2345,#1867,#1868);
#1533=AXIS2_PLACEMENT_3D('',#2348,#1871,#1872);
#1534=AXIS2_PLACEMENT_3D('',#2351,#1875,#1876);
#1535=AXIS2_PLACEMENT_3D('',#2354,#1879,#1880);
#1536=AXIS2_PLACEMENT_3D('',#2356,#1882,#1883);
#1537=AXIS2_PLACEMENT_3D('',#2358,#1885,#1886);
#1538=AXIS2_PLACEMENT_3D('',#2359,#1887,#1888);
#1539=AXIS2_PLACEMENT_3D('',#2361,#1890,#1891);
#1540=AXIS2_PLACEMENT_3D('',#2363,#1893,#1894);
#1541=AXIS2_PLACEMENT_3D('',#2365,#1896,#1897);
#1542=AXIS2_PLACEMENT_3D('',#2367,#1899,#1900);
#1543=AXIS2_PLACEMENT_3D('',#2369,#1902,#1903);
#1544=AXIS2_PLACEMENT_3D('',#2371,#1905,#1906);
#1545=AXIS2_PLACEMENT_3D('',#2372,#1907,#1908);
#1546=AXIS2_PLACEMENT_3D('',#2375,#1911,#1912);
#1547=AXIS2_PLACEMENT_3D('',#2377,#1914,#1915);
#1548=AXIS2_PLACEMENT_3D('',#2379,#1917,#1918);
#1549=AXIS2_PLACEMENT_3D('',#2382,#1921,#1922);
#1550=AXIS2_PLACEMENT_3D('',#2384,#1924,#1925);
#1551=AXIS2_PLACEMENT_3D('',#2386,#1927,#1928);
#1552=AXIS2_PLACEMENT_3D('',#2388,#1930,#1931);
#1553=AXIS2_PLACEMENT_3D('',#2390,#1933,#1934);
#1554=AXIS2_PLACEMENT_3D('',#2392,#1936,#1937);
#1555=AXIS2_PLACEMENT_3D('',#2394,#1939,#1940);
#1556=AXIS2_PLACEMENT_3D('',#2396,#1942,#1943);
#1557=AXIS2_PLACEMENT_3D('',#2398,#1945,#1946);
#1558=AXIS2_PLACEMENT_3D('',#2400,#1948,#1949);
#1559=AXIS2_PLACEMENT_3D('',#2402,#1951,#1952);
#1560=AXIS2_PLACEMENT_3D('',#2404,#1954,#1955);
#1561=AXIS2_PLACEMENT_3D('',#2406,#1957,#1958);
#1562=AXIS2_PLACEMENT_3D('',#2408,#1960,#1961);
#1563=AXIS2_PLACEMENT_3D('',#2410,#1963,#1964);
#1564=AXIS2_PLACEMENT_3D('',#2412,#1966,#1967);
#1565=AXIS2_PLACEMENT_3D('',#2413,#1968,#1969);
#1566=AXIS2_PLACEMENT_3D('',#2416,#1972,#1973);
#1567=AXIS2_PLACEMENT_3D('',#2419,#1976,#1977);
#1568=AXIS2_PLACEMENT_3D('',#2421,#1979,#1980);
#1569=AXIS2_PLACEMENT_3D('',#2422,#1981,#1982);
#1570=AXIS2_PLACEMENT_3D('',#2425,#1985,#1986);
#1571=AXIS2_PLACEMENT_3D('',#2427,#1988,#1989);
#1572=AXIS2_PLACEMENT_3D('',#2429,#1991,#1992);
#1573=AXIS2_PLACEMENT_3D('',#2431,#1994,#1995);
#1574=AXIS2_PLACEMENT_3D('',#2433,#1997,#1998);
#1575=AXIS2_PLACEMENT_3D('',#2435,#2000,#2001);
#1576=AXIS2_PLACEMENT_3D('',#2437,#2003,#2004);
#1577=AXIS2_PLACEMENT_3D('',#2438,#2005,#2006);
#1578=AXIS2_PLACEMENT_3D('',#2440,#2008,#2009);
#1579=AXIS2_PLACEMENT_3D('',#2442,#2011,#2012);
#1580=AXIS2_PLACEMENT_3D('',#2443,#2013,#2014);
#1581=AXIS2_PLACEMENT_3D('',#2444,#2015,#2016);
#1582=AXIS2_PLACEMENT_3D('',#2445,#2017,#2018);
#1583=AXIS2_PLACEMENT_3D('',#2446,#2019,#2020);
#1584=AXIS2_PLACEMENT_3D('',#2447,#2021,#2022);
#1585=DIRECTION('axis',(0.,0.,1.));
#1586=DIRECTION('refdir',(1.,0.,0.));
#1587=DIRECTION('axis',(0.,0.,1.));
#1588=DIRECTION('refdir',(1.,0.,0.));
#1589=DIRECTION('center_axis',(0.,1.,0.));
#1590=DIRECTION('ref_axis',(-0.0734051358873235,0.,0.997302203960948));
#1591=DIRECTION('',(0.,-1.,0.));
#1592=DIRECTION('center_axis',(0.,-1.,0.));
#1593=DIRECTION('ref_axis',(-0.0734051358873235,0.,0.997302203960948));
#1594=DIRECTION('',(0.,-1.,0.));
#1595=DIRECTION('center_axis',(0.,1.,0.));
#1596=DIRECTION('ref_axis',(-0.0734051358873235,0.,0.997302203960948));
#1597=DIRECTION('center_axis',(5.53473720232963E-10,0.,-1.));
#1598=DIRECTION('ref_axis',(-1.,0.,-5.53473720232963E-10));
#1599=DIRECTION('',(-1.,0.,-5.53473720232963E-10));
#1600=DIRECTION('',(0.,1.,0.));
#1601=DIRECTION('',(1.,0.,5.53473720232963E-10));
#1602=DIRECTION('center_axis',(0.,1.,0.));
#1603=DIRECTION('ref_axis',(0.,0.,1.));
#1604=DIRECTION('center_axis',(0.,1.,0.));
#1605=DIRECTION('ref_axis',(-0.966075991630947,0.,0.258257968694642));
#1606=DIRECTION('',(0.258257968694631,0.,0.96607599163095));
#1607=DIRECTION('center_axis',(0.,-1.,0.));
#1608=DIRECTION('ref_axis',(0.966075991630949,0.,-0.258257968694635));
#1609=DIRECTION('',(1.,0.,1.30523021346502E-15));
#1610=DIRECTION('center_axis',(0.,-1.,0.));
#1611=DIRECTION('ref_axis',(-2.3311769545935E-15,0.,-1.));
#1612=DIRECTION('',(0.549177886660837,0.,-0.835705479701274));
#1613=DIRECTION('center_axis',(0.,1.,0.));
#1614=DIRECTION('ref_axis',(4.99537918841459E-15,0.,1.));
#1615=DIRECTION('',(1.,0.,5.13260637384498E-16));
#1616=DIRECTION('center_axis',(0.,1.,0.));
#1617=DIRECTION('ref_axis',(-0.835705479701269,0.,0.549177886660844));
#1618=DIRECTION('',(0.549177886660836,0.,0.835705479701275));
#1619=DIRECTION('center_axis',(0.,-1.,0.));
#1620=DIRECTION('ref_axis',(0.835705479701273,0.,-0.549177886660839));
#1621=DIRECTION('',(1.,0.,1.30523021346502E-15));
#1622=DIRECTION('center_axis',(0.,-1.,0.));
#1623=DIRECTION('ref_axis',(0.,0.,-1.));
#1624=DIRECTION('',(0.258257968694643,0.,-0.966075991630947));
#1625=DIRECTION('center_axis',(0.,1.,0.));
#1626=DIRECTION('ref_axis',(-2.151855650394E-15,0.,1.));
#1627=DIRECTION('',(1.,0.,3.10823593945801E-15));
#1628=DIRECTION('center_axis',(0.,1.,0.));
#1629=DIRECTION('ref_axis',(-1.,0.,0.));
#1630=DIRECTION('',(-3.42531424547348E-14,0.,-1.));
#1631=DIRECTION('',(0.158399861330214,0.,0.987375047249306));
#1632=DIRECTION('center_axis',(0.,-1.,0.));
#1633=DIRECTION('ref_axis',(0.995463547273787,0.,-0.0951437126093401));
#1634=DIRECTION('center_axis',(0.,-1.,0.));
#1635=DIRECTION('ref_axis',(-0.737973500304375,0.,0.674829691736003));
#1636=DIRECTION('',(-0.999999999979549,0.,6.39543027623242E-6));
#1637=DIRECTION('center_axis',(0.,-1.,0.));
#1638=DIRECTION('ref_axis',(0.657551937065068,0.,0.753409218195515));
#1639=DIRECTION('center_axis',(0.,1.,0.));
#1640=DIRECTION('ref_axis',(1.,0.,0.));
#1641=DIRECTION('center_axis',(0.,1.,0.));
#1642=DIRECTION('ref_axis',(1.,0.,0.));
#1643=DIRECTION('',(2.66420223382115E-15,0.,-1.));
#1644=DIRECTION('center_axis',(0.,1.,0.));
#1645=DIRECTION('ref_axis',(-0.995298144517128,0.,0.0968586780870031));
#1646=DIRECTION('center_axis',(0.,1.,0.));
#1647=DIRECTION('ref_axis',(-0.999999999856726,0.,-1.692774281103E-5));
#1648=DIRECTION('center_axis',(0.,-1.,0.));
#1649=DIRECTION('ref_axis',(0.657782984995063,0.,-0.753207504377768));
#1650=DIRECTION('',(1.,0.,-3.21233870491579E-14));
#1651=DIRECTION('center_axis',(0.,-1.,0.));
#1652=DIRECTION('ref_axis',(-0.737679559557795,0.,-0.675150996008017));
#1653=DIRECTION('center_axis',(0.,-1.,0.));
#1654=DIRECTION('ref_axis',(-0.995298095093264,0.,0.0968591859542473));
#1655=DIRECTION('',(-1.,0.,-3.10823593945801E-15));
#1656=DIRECTION('center_axis',(0.,-1.,0.));
#1657=DIRECTION('ref_axis',(-1.554117969729E-15,0.,1.));
#1658=DIRECTION('',(-0.258257968694631,0.,0.96607599163095));
#1659=DIRECTION('center_axis',(0.,1.,0.));
#1660=DIRECTION('ref_axis',(-4.66235390918701E-15,0.,-1.));
#1661=DIRECTION('',(-1.,0.,-1.03266006958421E-15));
#1662=DIRECTION('center_axis',(0.,1.,0.));
#1663=DIRECTION('ref_axis',(0.835705479701285,0.,-0.549177886660821));
#1664=DIRECTION('',(-0.549177886660836,0.,-0.835705479701275));
#1665=DIRECTION('center_axis',(0.,-1.,0.));
#1666=DIRECTION('ref_axis',(-0.835705479701275,0.,0.549177886660836));
#1667=DIRECTION('center_axis',(0.,-1.,0.));
#1668=DIRECTION('ref_axis',(-0.82913034420956,0.,0.55905533922049));
#1669=DIRECTION('',(-1.,0.,-5.13260637384497E-16));
#1670=DIRECTION('center_axis',(0.,-1.,0.));
#1671=DIRECTION('ref_axis',(1.34490978149625E-15,0.,1.));
#1672=DIRECTION('center_axis',(0.,-1.,0.));
#1673=DIRECTION('ref_axis',(0.827474921486456,0.,0.561502675248287));
#1674=DIRECTION('',(-0.549177886660954,0.,0.835705479701197));
#1675=DIRECTION('center_axis',(0.,1.,0.));
#1676=DIRECTION('ref_axis',(-5.24514814783532E-15,0.,-1.));
#1677=DIRECTION('',(-1.,0.,4.30275028993419E-16));
#1678=DIRECTION('center_axis',(0.,1.,0.));
#1679=DIRECTION('ref_axis',(0.966075991630944,0.,-0.258257968694651));
#1680=DIRECTION('',(-0.258257968694624,0.,-0.966075991630952));
#1681=DIRECTION('center_axis',(0.,-1.,0.));
#1682=DIRECTION('ref_axis',(-0.966075991630947,0.,0.25825796869464));
#1683=DIRECTION('',(1.,0.,5.53473720232963E-10));
#1684=DIRECTION('',(5.54013059550479E-10,0.,-1.));
#1685=DIRECTION('center_axis',(0.,1.,0.));
#1686=DIRECTION('ref_axis',(-0.0734051358873251,0.,0.997302203960947));
#1687=DIRECTION('',(0.,0.,-1.));
#1688=DIRECTION('center_axis',(0.,-1.,0.));
#1689=DIRECTION('ref_axis',(-0.00540324857442401,0.,-0.999985402345876));
#1690=DIRECTION('',(1.,0.,-3.13610409806369E-15));
#1691=DIRECTION('center_axis',(0.,-1.,0.));
#1692=DIRECTION('ref_axis',(0.999999992979562,0.,0.000118494199482856));
#1693=DIRECTION('center_axis',(0.,1.,0.));
#1694=DIRECTION('ref_axis',(-1.,0.,0.));
#1695=DIRECTION('',(0.,0.,-1.));
#1696=DIRECTION('center_axis',(0.,1.,0.));
#1697=DIRECTION('ref_axis',(1.,0.,0.));
#1698=DIRECTION('center_axis',(0.,-1.,0.));
#1699=DIRECTION('ref_axis',(0.0284243182591742,0.,0.999595947436513));
#1700=DIRECTION('',(-0.999999999979549,0.,6.39543030457162E-6));
#1701=DIRECTION('center_axis',(0.,1.,0.));
#1702=DIRECTION('ref_axis',(-0.201206011996669,0.,0.979548947595982));
#1703=DIRECTION('',(0.,0.,1.));
#1704=DIRECTION('center_axis',(0.,-1.,0.));
#1705=DIRECTION('ref_axis',(0.707106781186548,0.,-0.707106781186548));
#1706=DIRECTION('',(1.,0.,0.));
#1707=DIRECTION('center_axis',(0.,-1.,0.));
#1708=DIRECTION('ref_axis',(-0.707106781186543,0.,-0.707106781186552));
#1709=DIRECTION('',(0.,0.,-1.));
#1710=DIRECTION('center_axis',(0.,-1.,0.));
#1711=DIRECTION('ref_axis',(-1.,0.,0.));
#1712=DIRECTION('',(0.,-1.,0.));
#1713=DIRECTION('center_axis',(0.,1.,0.));
#1714=DIRECTION('ref_axis',(-1.,0.,0.));
#1715=DIRECTION('',(0.,-1.,0.));
#1716=DIRECTION('center_axis',(-1.,0.,3.42531424547348E-14));
#1717=DIRECTION('ref_axis',(-3.42531424547348E-14,0.,-1.));
#1718=DIRECTION('',(3.42531424547348E-14,0.,1.));
#1719=DIRECTION('',(0.,-1.,0.));
#1720=DIRECTION('center_axis',(0.,1.,0.));
#1721=DIRECTION('ref_axis',(-0.995298095093264,0.,0.0968591859542473));
#1722=DIRECTION('',(0.,1.,0.));
#1723=DIRECTION('',(0.,1.,0.));
#1724=DIRECTION('center_axis',(0.,1.,0.));
#1725=DIRECTION('ref_axis',(-0.995298095093264,0.,0.0968591859542473));
#1726=DIRECTION('center_axis',(0.,1.,0.));
#1727=DIRECTION('ref_axis',(0.995463547273787,0.,-0.0951437126093401));
#1728=DIRECTION('',(0.,1.,0.));
#1729=DIRECTION('center_axis',(0.,1.,0.));
#1730=DIRECTION('ref_axis',(0.995463547273787,0.,-0.0951437126093401));
#1731=DIRECTION('',(0.,-1.,0.));
#1732=DIRECTION('center_axis',(0.,-1.,0.));
#1733=DIRECTION('ref_axis',(-0.737973500304375,0.,0.674829691736003));
#1734=DIRECTION('center_axis',(0.,1.,0.));
#1735=DIRECTION('ref_axis',(-0.737973500304375,0.,0.674829691736003));
#1736=DIRECTION('',(0.,1.,0.));
#1737=DIRECTION('center_axis',(-6.39543027623242E-6,0.,-0.999999999979549));
#1738=DIRECTION('ref_axis',(0.999999999979549,0.,-6.39543027623242E-6));
#1739=DIRECTION('',(-0.999999999979549,0.,6.39543027623242E-6));
#1740=DIRECTION('',(0.,-1.,0.));
#1741=DIRECTION('center_axis',(0.,1.,0.));
#1742=DIRECTION('ref_axis',(0.657551937065068,0.,0.753409218195515));
#1743=DIRECTION('center_axis',(0.,1.,0.));
#1744=DIRECTION('ref_axis',(0.657551937065068,0.,0.753409218195515));
#1745=DIRECTION('',(0.,1.,0.));
#1746=DIRECTION('center_axis',(0.,-1.,0.));
#1747=DIRECTION('ref_axis',(1.,0.,0.));
#1748=DIRECTION('center_axis',(0.,1.,0.));
#1749=DIRECTION('ref_axis',(1.,0.,0.));
#1750=DIRECTION('',(0.,-1.,0.));
#1751=DIRECTION('center_axis',(0.,1.,0.));
#1752=DIRECTION('ref_axis',(1.,0.,0.));
#1753=DIRECTION('center_axis',(0.,1.,0.));
#1754=DIRECTION('ref_axis',(1.,0.,0.));
#1755=DIRECTION('',(0.,1.,0.));
#1756=DIRECTION('center_axis',(-1.,0.,-2.66420223382115E-15));
#1757=DIRECTION('ref_axis',(-2.66420223382115E-15,0.,1.));
#1758=DIRECTION('',(-2.66420223382115E-15,0.,1.));
#1759=DIRECTION('',(0.,1.,0.));
#1760=DIRECTION('center_axis',(0.,1.,0.));
#1761=DIRECTION('ref_axis',(-0.995298144517128,0.,0.0968586780870031));
#1762=DIRECTION('center_axis',(0.,1.,0.));
#1763=DIRECTION('ref_axis',(-0.995298144517128,0.,0.0968586780870031));
#1764=DIRECTION('',(0.,1.,0.));
#1765=DIRECTION('center_axis',(0.,-1.,0.));
#1766=DIRECTION('ref_axis',(-0.999999999856726,0.,-1.692774281103E-5));
#1767=DIRECTION('center_axis',(0.,1.,0.));
#1768=DIRECTION('ref_axis',(-0.999999999856726,0.,-1.692774281103E-5));
#1769=DIRECTION('',(0.,-1.,0.));
#1770=DIRECTION('center_axis',(0.,1.,0.));
#1771=DIRECTION('ref_axis',(0.657782984995063,0.,-0.753207504377768));
#1772=DIRECTION('center_axis',(0.,1.,0.));
#1773=DIRECTION('ref_axis',(0.657782984995063,0.,-0.753207504377768));
#1774=DIRECTION('',(0.,1.,0.));
#1775=DIRECTION('center_axis',(3.21233870491579E-14,0.,1.));
#1776=DIRECTION('ref_axis',(-1.,0.,3.21233870491579E-14));
#1777=DIRECTION('',(1.,0.,-3.21233870491579E-14));
#1778=DIRECTION('',(0.,-1.,0.));
#1779=DIRECTION('center_axis',(0.,1.,0.));
#1780=DIRECTION('ref_axis',(-0.737679559557795,0.,-0.675150996008017));
#1781=DIRECTION('center_axis',(0.,1.,0.));
#1782=DIRECTION('ref_axis',(-0.737679559557795,0.,-0.675150996008017));
#1783=DIRECTION('center_axis',(0.987375047249306,0.,-0.158399861330214));
#1784=DIRECTION('ref_axis',(-0.158399861330214,0.,-0.987375047249306));
#1785=DIRECTION('',(0.158399861330214,0.,0.987375047249306));
#1786=DIRECTION('center_axis',(0.,-1.,0.));
#1787=DIRECTION('ref_axis',(0.,0.,-1.));
#1788=DIRECTION('',(0.,0.,-1.));
#1789=DIRECTION('center_axis',(0.,1.,0.));
#1790=DIRECTION('ref_axis',(-0.707106781186543,0.,-0.707106781186552));
#1791=DIRECTION('',(1.,0.,0.));
#1792=DIRECTION('center_axis',(0.,1.,0.));
#1793=DIRECTION('ref_axis',(0.707106781186548,0.,-0.707106781186548));
#1794=DIRECTION('',(0.,0.,1.));
#1795=DIRECTION('center_axis',(0.,-1.,0.));
#1796=DIRECTION('ref_axis',(-0.201206011996669,0.,0.979548947595982));
#1797=DIRECTION('',(0.999999999979549,0.,-6.39543030457162E-6));
#1798=DIRECTION('center_axis',(0.,1.,0.));
#1799=DIRECTION('ref_axis',(0.0284243182591742,0.,0.999595947436513));
#1800=DIRECTION('center_axis',(0.,1.,0.));
#1801=DIRECTION('ref_axis',(1.,0.,0.));
#1802=DIRECTION('',(0.,0.,-1.));
#1803=DIRECTION('center_axis',(0.,1.,0.));
#1804=DIRECTION('ref_axis',(-1.,0.,0.));
#1805=DIRECTION('center_axis',(0.,1.,0.));
#1806=DIRECTION('ref_axis',(0.999999992979562,0.,0.000118494199482856));
#1807=DIRECTION('',(1.,0.,-3.13610409806369E-15));
#1808=DIRECTION('center_axis',(0.,1.,0.));
#1809=DIRECTION('ref_axis',(-0.00540324857442401,0.,-0.999985402345876));
#1810=DIRECTION('',(0.,0.,1.));
#1811=DIRECTION('center_axis',(0.,1.,0.));
#1812=DIRECTION('ref_axis',(-0.0734051358873251,0.,0.997302203960947));
#1813=DIRECTION('',(5.54013059550479E-10,0.,-1.));
#1814=DIRECTION('',(1.,0.,5.53473720232963E-10));
#1815=DIRECTION('center_axis',(0.,1.,0.));
#1816=DIRECTION('ref_axis',(-0.966075991630947,0.,0.25825796869464));
#1817=DIRECTION('',(0.258257968694624,0.,0.966075991630952));
#1818=DIRECTION('center_axis',(0.,1.,0.));
#1819=DIRECTION('ref_axis',(0.966075991630944,0.,-0.258257968694651));
#1820=DIRECTION('',(1.,0.,-4.30275028993419E-16));
#1821=DIRECTION('center_axis',(0.,1.,0.));
#1822=DIRECTION('ref_axis',(-5.24514814783532E-15,0.,-1.));
#1823=DIRECTION('',(-0.549177886660954,0.,0.835705479701197));
#1824=DIRECTION('center_axis',(0.,1.,0.));
#1825=DIRECTION('ref_axis',(0.827474921486456,0.,0.561502675248287));
#1826=DIRECTION('center_axis',(0.,1.,0.));
#1827=DIRECTION('ref_axis',(1.34490978149625E-15,0.,1.));
#1828=DIRECTION('',(1.,0.,5.13260637384497E-16));
#1829=DIRECTION('center_axis',(0.,1.,0.));
#1830=DIRECTION('ref_axis',(-0.82913034420956,0.,0.55905533922049));
#1831=DIRECTION('center_axis',(0.,1.,0.));
#1832=DIRECTION('ref_axis',(-0.835705479701275,0.,0.549177886660836));
#1833=DIRECTION('',(0.549177886660836,0.,0.835705479701275));
#1834=DIRECTION('center_axis',(0.,1.,0.));
#1835=DIRECTION('ref_axis',(0.835705479701285,0.,-0.549177886660821));
#1836=DIRECTION('',(-1.,0.,-1.03266006958421E-15));
#1837=DIRECTION('center_axis',(0.,1.,0.));
#1838=DIRECTION('ref_axis',(-4.66235390918701E-15,0.,-1.));
#1839=DIRECTION('',(-0.258257968694631,0.,0.96607599163095));
#1840=DIRECTION('center_axis',(0.,1.,0.));
#1841=DIRECTION('ref_axis',(-1.554117969729E-15,0.,1.));
#1842=DIRECTION('',(-1.,0.,1.49473686449384E-15));
#1843=DIRECTION('',(1.,0.,-3.07912016599443E-15));
#1844=DIRECTION('center_axis',(0.,1.,0.));
#1845=DIRECTION('ref_axis',(-2.151855650394E-15,0.,1.));
#1846=DIRECTION('',(0.258257968694643,0.,-0.966075991630947));
#1847=DIRECTION('center_axis',(0.,1.,0.));
#1848=DIRECTION('ref_axis',(0.,0.,-1.));
#1849=DIRECTION('',(-1.,0.,-1.30523021346502E-15));
#1850=DIRECTION('center_axis',(0.,-1.,0.));
#1851=DIRECTION('ref_axis',(0.835705479701273,0.,-0.549177886660839));
#1852=DIRECTION('',(0.549177886660836,0.,0.835705479701275));
#1853=DIRECTION('center_axis',(0.,1.,0.));
#1854=DIRECTION('ref_axis',(-0.835705479701269,0.,0.549177886660844));
#1855=DIRECTION('',(1.,0.,5.13260637384498E-16));
#1856=DIRECTION('center_axis',(0.,1.,0.));
#1857=DIRECTION('ref_axis',(4.99537918841459E-15,0.,1.));
#1858=DIRECTION('',(-0.549177886660837,0.,0.835705479701274));
#1859=DIRECTION('center_axis',(0.,-1.,0.));
#1860=DIRECTION('ref_axis',(-2.3311769545935E-15,0.,-1.));
#1861=DIRECTION('',(-1.,0.,-1.30523021346502E-15));
#1862=DIRECTION('center_axis',(0.,1.,0.));
#1863=DIRECTION('ref_axis',(0.966075991630949,0.,-0.258257968694635));
#1864=DIRECTION('',(0.258257968694631,0.,0.96607599163095));
#1865=DIRECTION('center_axis',(0.,1.,0.));
#1866=DIRECTION('ref_axis',(-0.966075991630947,0.,0.258257968694642));
#1867=DIRECTION('center_axis',(0.,-1.,0.));
#1868=DIRECTION('ref_axis',(-0.201206011996669,0.,0.979548947595982));
#1869=DIRECTION('',(0.,1.,0.));
#1870=DIRECTION('',(0.,1.,0.));
#1871=DIRECTION('center_axis',(0.,1.,0.));
#1872=DIRECTION('ref_axis',(-0.00540324857442401,0.,-0.999985402345876));
#1873=DIRECTION('',(0.,1.,0.));
#1874=DIRECTION('',(0.,1.,0.));
#1875=DIRECTION('center_axis',(0.,0.,-1.));
#1876=DIRECTION('ref_axis',(1.,0.,0.));
#1877=DIRECTION('',(0.,1.,0.));
#1878=DIRECTION('',(0.,-1.,0.));
#1879=DIRECTION('center_axis',(0.,-1.,0.));
#1880=DIRECTION('ref_axis',(-0.707106781186543,0.,-0.707106781186552));
#1881=DIRECTION('',(0.,1.,0.));
#1882=DIRECTION('center_axis',(1.,0.,0.));
#1883=DIRECTION('ref_axis',(0.,0.,1.));
#1884=DIRECTION('',(0.,-1.,0.));
#1885=DIRECTION('center_axis',(0.,-1.,0.));
#1886=DIRECTION('ref_axis',(0.707106781186548,0.,-0.707106781186548));
#1887=DIRECTION('center_axis',(3.13610409806369E-15,0.,1.));
#1888=DIRECTION('ref_axis',(1.,0.,-3.13610409806369E-15));
#1889=DIRECTION('',(0.,1.,0.));
#1890=DIRECTION('center_axis',(-6.39543030457162E-6,0.,-0.999999999979549));
#1891=DIRECTION('ref_axis',(-0.999999999979549,0.,6.39543030457162E-6));
#1892=DIRECTION('',(0.,1.,0.));
#1893=DIRECTION('center_axis',(0.,1.,0.));
#1894=DIRECTION('ref_axis',(0.0284243182591742,0.,0.999595947436513));
#1895=DIRECTION('',(0.,1.,0.));
#1896=DIRECTION('center_axis',(0.,1.,0.));
#1897=DIRECTION('ref_axis',(1.,0.,0.));
#1898=DIRECTION('',(0.,1.,0.));
#1899=DIRECTION('center_axis',(1.,0.,0.));
#1900=DIRECTION('ref_axis',(0.,0.,-1.));
#1901=DIRECTION('',(0.,1.,0.));
#1902=DIRECTION('center_axis',(0.,1.,0.));
#1903=DIRECTION('ref_axis',(-1.,0.,0.));
#1904=DIRECTION('',(0.,1.,0.));
#1905=DIRECTION('center_axis',(0.,1.,0.));
#1906=DIRECTION('ref_axis',(0.999999992979562,0.,0.000118494199482856));
#1907=DIRECTION('center_axis',(0.,1.,0.));
#1908=DIRECTION('ref_axis',(-0.0734051358873251,0.,0.997302203960947));
#1909=DIRECTION('',(0.,1.,0.));
#1910=DIRECTION('',(0.,1.,0.));
#1911=DIRECTION('center_axis',(1.,0.,5.54013059550479E-10));
#1912=DIRECTION('ref_axis',(5.54013059550479E-10,0.,-1.));
#1913=DIRECTION('',(0.,-1.,0.));
#1914=DIRECTION('center_axis',(-3.10823593945801E-15,0.,1.));
#1915=DIRECTION('ref_axis',(0.,1.,0.));
#1916=DIRECTION('',(0.,1.,0.));
#1917=DIRECTION('center_axis',(0.,1.,0.));
#1918=DIRECTION('ref_axis',(-0.966075991630947,0.,0.25825796869464));
#1919=DIRECTION('',(0.,1.,0.));
#1920=DIRECTION('',(0.,1.,0.));
#1921=DIRECTION('center_axis',(-0.966075991630952,0.,0.258257968694624));
#1922=DIRECTION('ref_axis',(0.258257968694624,0.,0.966075991630952));
#1923=DIRECTION('',(0.,1.,0.));
#1924=DIRECTION('center_axis',(0.,1.,0.));
#1925=DIRECTION('ref_axis',(0.966075991630944,0.,-0.258257968694651));
#1926=DIRECTION('',(0.,1.,0.));
#1927=DIRECTION('center_axis',(4.30275028993419E-16,0.,1.));
#1928=DIRECTION('ref_axis',(1.,0.,-4.30275028993419E-16));
#1929=DIRECTION('',(0.,1.,0.));
#1930=DIRECTION('center_axis',(0.,1.,0.));
#1931=DIRECTION('ref_axis',(-5.24514814783532E-15,0.,-1.));
#1932=DIRECTION('',(0.,1.,0.));
#1933=DIRECTION('center_axis',(0.835705479701197,0.,0.549177886660954));
#1934=DIRECTION('ref_axis',(0.549177886660954,0.,-0.835705479701197));
#1935=DIRECTION('',(0.,1.,0.));
#1936=DIRECTION('center_axis',(0.,1.,0.));
#1937=DIRECTION('ref_axis',(0.827474921486456,0.,0.561502675248287));
#1938=DIRECTION('',(0.,1.,0.));
#1939=DIRECTION('center_axis',(0.,1.,0.));
#1940=DIRECTION('ref_axis',(1.34490978149625E-15,0.,1.));
#1941=DIRECTION('',(0.,1.,0.));
#1942=DIRECTION('center_axis',(-5.13260637384497E-16,0.,1.));
#1943=DIRECTION('ref_axis',(1.,0.,5.13260637384497E-16));
#1944=DIRECTION('',(0.,1.,0.));
#1945=DIRECTION('center_axis',(0.,1.,0.));
#1946=DIRECTION('ref_axis',(-0.82913034420956,0.,0.55905533922049));
#1947=DIRECTION('',(0.,1.,0.));
#1948=DIRECTION('center_axis',(0.,1.,0.));
#1949=DIRECTION('ref_axis',(-0.835705479701275,0.,0.549177886660836));
#1950=DIRECTION('',(0.,1.,0.));
#1951=DIRECTION('center_axis',(-0.835705479701275,0.,0.549177886660836));
#1952=DIRECTION('ref_axis',(0.549177886660836,0.,0.835705479701275));
#1953=DIRECTION('',(0.,1.,0.));
#1954=DIRECTION('center_axis',(0.,1.,0.));
#1955=DIRECTION('ref_axis',(0.835705479701285,0.,-0.549177886660821));
#1956=DIRECTION('',(0.,1.,0.));
#1957=DIRECTION('center_axis',(-1.03266006958421E-15,0.,1.));
#1958=DIRECTION('ref_axis',(1.,0.,1.03266006958421E-15));
#1959=DIRECTION('',(0.,1.,0.));
#1960=DIRECTION('center_axis',(0.,1.,0.));
#1961=DIRECTION('ref_axis',(-4.66235390918701E-15,0.,-1.));
#1962=DIRECTION('',(0.,1.,0.));
#1963=DIRECTION('center_axis',(0.96607599163095,0.,0.258257968694631));
#1964=DIRECTION('ref_axis',(0.258257968694631,0.,-0.96607599163095));
#1965=DIRECTION('',(0.,1.,0.));
#1966=DIRECTION('center_axis',(0.,1.,0.));
#1967=DIRECTION('ref_axis',(-1.554117969729E-15,0.,1.));
#1968=DIRECTION('center_axis',(1.30523021346502E-15,0.,-1.));
#1969=DIRECTION('ref_axis',(-1.,0.,-1.30523021346502E-15));
#1970=DIRECTION('',(0.,1.,0.));
#1971=DIRECTION('',(0.,1.,0.));
#1972=DIRECTION('center_axis',(0.,1.,0.));
#1973=DIRECTION('ref_axis',(-2.151855650394E-15,0.,1.));
#1974=DIRECTION('',(0.,1.,0.));
#1975=DIRECTION('',(0.,1.,0.));
#1976=DIRECTION('center_axis',(-0.966075991630947,0.,-0.258257968694643));
#1977=DIRECTION('ref_axis',(-0.258257968694643,0.,0.966075991630947));
#1978=DIRECTION('',(0.,1.,0.));
#1979=DIRECTION('center_axis',(0.,1.,0.));
#1980=DIRECTION('ref_axis',(0.,0.,-1.));
#1981=DIRECTION('center_axis',(1.30523021346502E-15,0.,-1.));
#1982=DIRECTION('ref_axis',(-1.,0.,-1.30523021346502E-15));
#1983=DIRECTION('',(0.,1.,0.));
#1984=DIRECTION('',(0.,1.,0.));
#1985=DIRECTION('center_axis',(0.,1.,0.));
#1986=DIRECTION('ref_axis',(0.835705479701273,0.,-0.549177886660839));
#1987=DIRECTION('',(0.,1.,0.));
#1988=DIRECTION('center_axis',(0.835705479701275,0.,-0.549177886660836));
#1989=DIRECTION('ref_axis',(-0.549177886660836,0.,-0.835705479701275));
#1990=DIRECTION('',(0.,1.,0.));
#1991=DIRECTION('center_axis',(0.,1.,0.));
#1992=DIRECTION('ref_axis',(-0.835705479701269,0.,0.549177886660844));
#1993=DIRECTION('',(0.,1.,0.));
#1994=DIRECTION('center_axis',(5.13260637384498E-16,0.,-1.));
#1995=DIRECTION('ref_axis',(-1.,0.,-5.13260637384498E-16));
#1996=DIRECTION('',(0.,1.,0.));
#1997=DIRECTION('center_axis',(0.,1.,0.));
#1998=DIRECTION('ref_axis',(4.99537918841459E-15,0.,1.));
#1999=DIRECTION('',(0.,1.,0.));
#2000=DIRECTION('center_axis',(-0.835705479701274,0.,-0.549177886660837));
#2001=DIRECTION('ref_axis',(-0.549177886660837,0.,0.835705479701274));
#2002=DIRECTION('',(0.,1.,0.));
#2003=DIRECTION('center_axis',(0.,1.,0.));
#2004=DIRECTION('ref_axis',(-2.3311769545935E-15,0.,-1.));
#2005=DIRECTION('center_axis',(0.,1.,0.));
#2006=DIRECTION('ref_axis',(0.966075991630949,0.,-0.258257968694635));
#2007=DIRECTION('',(0.,1.,0.));
#2008=DIRECTION('center_axis',(0.96607599163095,0.,-0.258257968694631));
#2009=DIRECTION('ref_axis',(-0.258257968694631,0.,-0.96607599163095));
#2010=DIRECTION('',(0.,1.,0.));
#2011=DIRECTION('center_axis',(0.,1.,0.));
#2012=DIRECTION('ref_axis',(-0.966075991630947,0.,0.258257968694642));
#2013=DIRECTION('center_axis',(-5.53473720232963E-10,0.,1.));
#2014=DIRECTION('ref_axis',(1.,0.,5.53473720232963E-10));
#2015=DIRECTION('center_axis',(3.10823593945801E-15,0.,-1.));
#2016=DIRECTION('ref_axis',(0.,-1.,0.));
#2017=DIRECTION('center_axis',(1.,0.,0.));
#2018=DIRECTION('ref_axis',(0.,0.,-1.));
#2019=DIRECTION('center_axis',(-1.,0.,0.));
#2020=DIRECTION('ref_axis',(0.,0.,-1.));
#2021=DIRECTION('',(0.,0.,1.));
#2022=DIRECTION('',(1.,0.,0.));
#2023=CARTESIAN_POINT('',(0.,0.,0.));
#2024=CARTESIAN_POINT('',(0.,0.,0.));
#2025=CARTESIAN_POINT('Origin',(34.1222240206171,72.0000000001186,-20.3225707387532));
#2026=CARTESIAN_POINT('',(34.1222240205617,84.0000000001185,-20.2225707367076));
#2027=CARTESIAN_POINT('',(34.1222240205617,72.0000000001186,-20.2225707367076));
#2028=CARTESIAN_POINT('',(34.1222240205617,72.0000000001186,-20.2225707367076));
#2029=CARTESIAN_POINT('',(34.2217757646105,84.0000000001185,-20.3131129235788));
#2030=CARTESIAN_POINT('Origin',(34.1222240206171,84.0000000001185,-20.3225707387532));
#2031=CARTESIAN_POINT('',(34.2217757646105,72.0000000001186,-20.3131129235788));
#2032=CARTESIAN_POINT('',(34.2217757646105,72.0000000001186,-20.3131129235788));
#2033=CARTESIAN_POINT('Origin',(34.1222240206171,72.0000000001186,-20.3225707387532));
#2034=CARTESIAN_POINT('Origin',(34.0965322231944,72.0000000001186,-20.2225707367218));
#2035=CARTESIAN_POINT('',(31.078208556117,72.0000000001186,-20.2225707387649));
#2036=CARTESIAN_POINT('',(34.8115322231944,72.0000000001186,-20.2225707367218));
#2037=CARTESIAN_POINT('',(31.078208556117,84.0000000001185,-20.2225707387649));
#2038=CARTESIAN_POINT('',(31.078208556117,72.0000000001186,-20.2225707387533));
#2039=CARTESIAN_POINT('',(33.3722740126775,84.0000000001185,-20.2225707375184));
#2040=CARTESIAN_POINT('Origin',(31.8300158021606,84.0000000001185,-20.212570738315));
#2041=CARTESIAN_POINT('',(30.4502591614186,84.0000000001185,-20.7047030591017));
#2042=CARTESIAN_POINT('Origin',(31.0782085559787,84.0000000001185,-20.8725707387532));
#2043=CARTESIAN_POINT('',(28.2917694002719,84.0000000001185,-28.7790526985917));
#2044=CARTESIAN_POINT('',(29.7264270458449,84.0000000001186,-23.4123710252119));
#2045=CARTESIAN_POINT('',(28.0502504023642,84.0000000001185,-28.9644882064181));
#2046=CARTESIAN_POINT('Origin',(28.0502504023642,84.0000000001185,-28.7144882064181));
#2047=CARTESIAN_POINT('',(23.7637845871332,84.0000000001185,-28.9644882064181));
#2048=CARTESIAN_POINT('',(22.4781406133488,84.0000000001186,-28.9644882064181));
#2049=CARTESIAN_POINT('',(23.638428765178,84.0000000001185,-28.8968648894172));
#2050=CARTESIAN_POINT('Origin',(23.7637845871332,84.0000000001185,-28.8144882064181));
#2051=CARTESIAN_POINT('',(23.4053495768364,84.0000000001185,-28.5421791680278));
#2052=CARTESIAN_POINT('',(22.4995130241465,84.0000000001186,-27.1637322400215));
#2053=CARTESIAN_POINT('',(23.2883508096782,84.0000000001185,-28.4790640721603));
#2054=CARTESIAN_POINT('Origin',(23.2883508096782,84.0000000001185,-28.6190640721603));
#2055=CARTESIAN_POINT('',(22.6070662580888,84.0000000001185,-28.4790640721603));
#2056=CARTESIAN_POINT('',(23.056499777871,84.0000000001186,-28.4790640721603));
#2057=CARTESIAN_POINT('',(22.4900674909306,84.0000000001185,-28.5421791680278));
#2058=CARTESIAN_POINT('Origin',(22.6070662580888,84.0000000001185,-28.6190640721603));
#2059=CARTESIAN_POINT('',(22.256988302589,84.0000000001185,-28.8968648894172));
#2060=CARTESIAN_POINT('',(23.4753292548057,84.0000000001186,-27.0428677882178));
#2061=CARTESIAN_POINT('',(22.1316324806338,84.0000000001185,-28.9644882064181));
#2062=CARTESIAN_POINT('Origin',(22.1316324806338,84.0000000001185,-28.8144882064181));
#2063=CARTESIAN_POINT('',(17.8451666654029,84.0000000001185,-28.9644882064181));
#2064=CARTESIAN_POINT('',(22.4781406133488,84.0000000001186,-28.9644882064181));
#2065=CARTESIAN_POINT('',(17.6036476674951,84.0000000001185,-28.7790526985917));
#2066=CARTESIAN_POINT('Origin',(17.8451666654029,84.0000000001185,-28.7144882064181));
#2067=CARTESIAN_POINT('',(15.4451579063485,84.0000000001185,-20.7047030591017));
#2068=CARTESIAN_POINT('',(17.2400271618741,84.0000000001186,-27.4188428188318));
#2069=CARTESIAN_POINT('',(14.8172085117883,84.0000000001185,-20.2225707387533));
#2070=CARTESIAN_POINT('Origin',(14.8172085117883,84.0000000001185,-20.8725707387533));
#2071=CARTESIAN_POINT('',(11.5259994283703,84.0000000001185,-20.2225707387533));
#2072=CARTESIAN_POINT('',(18.0975822741122,84.0000000001185,-20.2225707387532));
#2073=CARTESIAN_POINT('',(11.3650692203003,84.0000000001185,-20.3596773393908));
#2074=CARTESIAN_POINT('Origin',(11.5259994283703,84.0000000001185,-20.3855707387533));
#2075=CARTESIAN_POINT('',(11.3650692203003,84.0000000001186,-20.9375702441095));
#2076=CARTESIAN_POINT('',(11.3650692203003,84.0000000001185,-20.2207268677831));
#2077=CARTESIAN_POINT('',(11.3631979335507,84.0000000001185,-20.949234786157));
#2078=CARTESIAN_POINT('',(11.2397843426632,84.0000000001186,-21.718525233197));
#2079=CARTESIAN_POINT('',(10.5417141511356,84.0000000001185,-20.9467896642013));
#2080=CARTESIAN_POINT('Origin',(10.9525692203003,84.0000000001185,-20.9099880047057));
#2081=CARTESIAN_POINT('',(10.6552602811474,84.0000000001185,-20.8226190237612));
#2082=CARTESIAN_POINT('Origin',(10.6552595520684,84.0000000001185,-20.9366190237589));
#2083=CARTESIAN_POINT('',(10.6566722919289,84.0000000001185,-20.8226190327916));
#2084=CARTESIAN_POINT('',(16.7195587450875,84.0000000001185,-20.8226578075592));
#2085=CARTESIAN_POINT('',(10.7696239617475,84.0000000001185,-20.9211997077957));
#2086=CARTESIAN_POINT('Origin',(10.6566715628499,84.0000000001185,-20.9366190327893));
#2087=CARTESIAN_POINT('',(10.9486186705143,84.0000000001185,-21.0724399765508));
#2088=CARTESIAN_POINT('Origin',(10.9430158021606,84.0000000001185,-20.8975296913581));
#2089=CARTESIAN_POINT('',(11.1150692203003,84.0000000001185,-20.9099880047057));
#2090=CARTESIAN_POINT('Origin',(10.9525692203003,84.0000000001185,-20.9099880047057));
#2091=CARTESIAN_POINT('',(11.1150692203003,84.0000000001185,-20.3849880047057));
#2092=CARTESIAN_POINT('',(11.1150692203003,84.0000000001186,-22.6842483169826));
#2093=CARTESIAN_POINT('',(10.9471475696015,84.0000000001185,-20.2225784738779));
#2094=CARTESIAN_POINT('Origin',(10.9525692203003,84.0000000001185,-20.3849880047057));
#2095=CARTESIAN_POINT('',(10.769609323968,84.0000000001185,-20.3739671507302));
#2096=CARTESIAN_POINT('Origin',(10.9430158021606,84.0000000001185,-20.3975296913581));
#2097=CARTESIAN_POINT('',(10.6566473896026,84.0000000001185,-20.4726178385641));
#2098=CARTESIAN_POINT('Origin',(10.6566473896026,84.0000000001185,-20.3586178385498));
#2099=CARTESIAN_POINT('',(10.6552363019463,84.0000000001185,-20.4726178385635));
#2100=CARTESIAN_POINT('',(16.7587956111873,84.0000000001185,-20.47261783855));
#2101=CARTESIAN_POINT('',(10.5416820215699,84.0000000001185,-20.3485468203194));
#2102=CARTESIAN_POINT('Origin',(10.6552363019463,84.0000000001185,-20.3586178385498));
#2103=CARTESIAN_POINT('',(10.9608305001251,84.0000000001185,-19.9725707387532));
#2104=CARTESIAN_POINT('Origin',(10.9525692203003,84.0000000001185,-20.3849880047057));
#2105=CARTESIAN_POINT('',(14.8172085117883,84.0000000001185,-19.9725707387533));
#2106=CARTESIAN_POINT('',(18.0975822741122,84.0000000001185,-19.9725707387532));
#2107=CARTESIAN_POINT('',(15.6866769042562,84.0000000001185,-20.6401385669281));
#2108=CARTESIAN_POINT('Origin',(14.8172085117883,84.0000000001185,-20.8725707387533));
#2109=CARTESIAN_POINT('',(17.8154235408516,84.0000000001185,-28.6032269017223));
#2110=CARTESIAN_POINT('',(16.4023012792084,84.0000000001186,-23.3171035069131));
#2111=CARTESIAN_POINT('',(17.9603349395962,84.0000000001185,-28.7144882064181));
#2112=CARTESIAN_POINT('Origin',(17.9603349395962,84.0000000001185,-28.5644882064181));
#2113=CARTESIAN_POINT('',(22.0237422910181,84.0000000001185,-28.7144882064181));
#2114=CARTESIAN_POINT('',(20.39249184283,84.0000000001186,-28.7144882064181));
#2115=CARTESIAN_POINT('',(22.1073128389883,84.0000000001185,-28.6694059950842));
#2116=CARTESIAN_POINT('Origin',(22.0237422910181,84.0000000001185,-28.6144882064181));
#2117=CARTESIAN_POINT('',(22.2816477842934,84.0000000001185,-28.4041136870112));
#2118=CARTESIAN_POINT('',(23.1794887438719,84.0000000001186,-27.0378339659134));
#2119=CARTESIAN_POINT('',(22.283705423847,84.0000000001185,-28.4010324898643));
#2120=CARTESIAN_POINT('Origin',(22.4905741542187,84.0000000001185,-28.5414081586764));
#2121=CARTESIAN_POINT('',(22.6070662580888,84.0000000001185,-28.2290640721603));
#2122=CARTESIAN_POINT('Origin',(22.6070662580888,84.0000000001185,-28.6190640721603));
#2123=CARTESIAN_POINT('',(23.2883508096782,84.0000000001185,-28.2290640721603));
#2124=CARTESIAN_POINT('',(22.7158575020763,84.0000000001186,-28.2290640721603));
#2125=CARTESIAN_POINT('',(23.61171164392,84.0000000001185,-28.4010324898643));
#2126=CARTESIAN_POINT('Origin',(23.2883508096782,84.0000000001185,-28.6190640721603));
#2127=CARTESIAN_POINT('',(23.6137692834737,84.0000000001185,-28.4041136870112));
#2128=CARTESIAN_POINT('Origin',(23.4048429135484,84.0000000001185,-28.5414081586764));
#2129=CARTESIAN_POINT('',(23.7881042287788,84.0000000001185,-28.6694059950842));
#2130=CARTESIAN_POINT('',(22.5916464682569,84.0000000001186,-26.8487094029861));
#2131=CARTESIAN_POINT('',(23.8716747767489,84.0000000001185,-28.7144882064181));
#2132=CARTESIAN_POINT('Origin',(23.8716747767489,84.0000000001185,-28.6144882064181));
#2133=CARTESIAN_POINT('',(27.9350821281708,84.0000000001185,-28.7144882064181));
#2134=CARTESIAN_POINT('',(23.3481617614063,84.0000000001186,-28.7144882064181));
#2135=CARTESIAN_POINT('',(28.0799935269154,84.0000000001185,-28.6032269017223));
#2136=CARTESIAN_POINT('Origin',(27.9350821281708,84.0000000001185,-28.5644882064181));
#2137=CARTESIAN_POINT('',(30.2087401635108,84.0000000001185,-20.6401385669281));
#2138=CARTESIAN_POINT('',(28.4205347296396,84.0000000001186,-27.3293507004353));
#2139=CARTESIAN_POINT('',(31.0782085559787,84.0000000001185,-19.9725707387532));
#2140=CARTESIAN_POINT('Origin',(31.0782085559787,84.0000000001185,-20.8725707387532));
#2141=CARTESIAN_POINT('',(34.096532223056,84.0000000001185,-19.9725707370832));
#2142=CARTESIAN_POINT('',(31.4776121790005,84.0000000001186,-19.9725707385582));
#2143=CARTESIAN_POINT('',(34.0965322230565,84.0000000001185,-19.9735149673669));
#2144=CARTESIAN_POINT('',(34.096532223056,84.0000000001185,-19.9725707367218));
#2145=CARTESIAN_POINT('',(34.4720962111841,84.0000000001185,-20.3131129235788));
#2146=CARTESIAN_POINT('Origin',(34.1222240206171,84.0000000001185,-20.3225707387532));
#2147=CARTESIAN_POINT('',(34.4720962111841,84.0000000001185,-20.4215126194608));
#2148=CARTESIAN_POINT('',(34.4720962111841,84.0000000001185,-20.4215126194608));
#2149=CARTESIAN_POINT('',(34.5724209078828,84.0000000001185,-20.5226178321913));
#2150=CARTESIAN_POINT('Origin',(34.572965933515,84.0000000001185,-20.4217492983152));
#2151=CARTESIAN_POINT('',(34.6929424763107,84.0000000001185,-20.5226178385498));
#2152=CARTESIAN_POINT('',(34.4699418792291,84.0000000001185,-20.5226178385498));
#2153=CARTESIAN_POINT('',(34.8180158021606,84.0000000001185,-20.3975296913581));
#2154=CARTESIAN_POINT('Origin',(34.6929424763107,84.0000000001185,-20.3975445118218));
#2155=CARTESIAN_POINT('',(35.0680158021606,84.0000000001185,-20.3975296913581));
#2156=CARTESIAN_POINT('Origin',(34.9430158021606,84.0000000001185,-20.3975296913581));
#2157=CARTESIAN_POINT('',(35.0680158021606,84.0000000001185,-20.8975296913581));
#2158=CARTESIAN_POINT('',(35.0680158021606,84.0000000001185,-20.3975296913581));
#2159=CARTESIAN_POINT('',(34.8180158021606,84.0000000001185,-20.8975296913581));
#2160=CARTESIAN_POINT('Origin',(34.9430158021606,84.0000000001185,-20.8975296913581));
#2161=CARTESIAN_POINT('',(34.6966068364415,84.0000000001185,-20.7726192881892));
#2162=CARTESIAN_POINT('Origin',(34.6930549082222,84.0000000001185,-20.8975296913581));
#2163=CARTESIAN_POINT('',(34.5719421660986,84.0000000001186,-20.772618490905));
#2164=CARTESIAN_POINT('',(34.4699388320451,84.0000000001185,-20.7726178385498));
#2165=CARTESIAN_POINT('',(34.4720962111841,84.0000000001185,-20.8950614327834));
#2166=CARTESIAN_POINT('Origin',(34.5970962111841,84.0000000001185,-20.8950614327834));
#2167=CARTESIAN_POINT('',(34.4720962111841,84.0000000001185,-21.0316093034414));
#2168=CARTESIAN_POINT('',(34.4720962111841,84.0000000001185,-21.1566093034414));
#2169=CARTESIAN_POINT('',(34.3470962111841,84.0000000001185,-21.1566093034414));
#2170=CARTESIAN_POINT('Origin',(34.3470962111841,84.0000000001185,-21.0316093034414));
#2171=CARTESIAN_POINT('',(34.3467757646105,84.0000000001185,-21.1566093034414));
#2172=CARTESIAN_POINT('',(34.2217757646105,84.0000000001185,-21.1566093034414));
#2173=CARTESIAN_POINT('',(34.2217757646105,84.0000000001185,-21.0316093034414));
#2174=CARTESIAN_POINT('Origin',(34.3467757646105,84.0000000001185,-21.0316093034414));
#2175=CARTESIAN_POINT('',(34.2217757646105,84.0000000001185,-20.3131129235788));
#2176=CARTESIAN_POINT('Origin',(11.5259994283703,84.0000000001185,-20.3855707387533));
#2177=CARTESIAN_POINT('',(11.5259994283703,72.0000000001186,-20.2225707387533));
#2178=CARTESIAN_POINT('',(11.5259994283703,84.0000000001185,-20.2225707387533));
#2179=CARTESIAN_POINT('',(11.3650692203003,72.0000000001186,-20.3596773393908));
#2180=CARTESIAN_POINT('Origin',(11.5259994283703,72.0000000001186,-20.3855707387533));
#2181=CARTESIAN_POINT('',(11.3650692203003,84.0000000001186,-20.3596773393908));
#2182=CARTESIAN_POINT('Origin',(11.3650692203003,84.0000000001186,-20.2288829972519));
#2183=CARTESIAN_POINT('',(11.3650692203003,72.0000000001186,-20.9375702441095));
#2184=CARTESIAN_POINT('',(11.3650692203003,72.0000000001186,-20.0957268677831));
#2185=CARTESIAN_POINT('',(11.3650692203003,78.0000000001186,-20.93757024411));
#2186=CARTESIAN_POINT('Origin',(10.9525692203003,72.0000000001186,-20.3849880047057));
#2187=CARTESIAN_POINT('',(10.9608305001251,72.0000000001186,-19.9725707387532));
#2188=CARTESIAN_POINT('',(10.960830500125,72.0000000001186,-19.9725707387532));
#2189=CARTESIAN_POINT('',(10.5416820215699,72.0000000001186,-20.3485468203194));
#2190=CARTESIAN_POINT('',(10.5416820215699,72.0000000001186,-20.3485468203194));
#2191=CARTESIAN_POINT('Origin',(10.9525692203003,72.0000000001186,-20.3849880047057));
#2192=CARTESIAN_POINT('Origin',(10.9525692203003,72.0000000001186,-20.9099880047057));
#2193=CARTESIAN_POINT('',(11.3631979335507,72.0000000001186,-20.949234786157));
#2194=CARTESIAN_POINT('',(11.3631979335507,84.0000000001185,-20.949234786157));
#2195=CARTESIAN_POINT('',(10.5417141511356,72.0000000001186,-20.9467896642013));
#2196=CARTESIAN_POINT('Origin',(10.9525692203003,72.0000000001186,-20.9099880047057));
#2197=CARTESIAN_POINT('',(10.5417141511356,72.0000000001186,-20.9467896642013));
#2198=CARTESIAN_POINT('Origin',(10.6552595520684,72.0000000001186,-20.9366190237589));
#2199=CARTESIAN_POINT('',(10.6552602811474,72.0000000001186,-20.8226190237612));
#2200=CARTESIAN_POINT('Origin',(10.6552595520684,72.0000000001186,-20.9366190237589));
#2201=CARTESIAN_POINT('',(10.6552602811474,72.0000000001186,-20.8226190237612));
#2202=CARTESIAN_POINT('Origin',(10.6144454915305,84.0000000001185,-20.8226187627331));
#2203=CARTESIAN_POINT('',(10.6566722919289,72.0000000001186,-20.8226190327917));
#2204=CARTESIAN_POINT('',(21.2422278962223,72.0000000001186,-20.8226867319745));
#2205=CARTESIAN_POINT('',(10.6566722919289,84.0000000001185,-20.8226190327916));
#2206=CARTESIAN_POINT('Origin',(10.6566715628499,84.0000000001185,-20.9366190327893));
#2207=CARTESIAN_POINT('',(10.7696239617475,72.0000000001186,-20.9211997077957));
#2208=CARTESIAN_POINT('Origin',(10.6566715628499,72.0000000001186,-20.9366190327893));
#2209=CARTESIAN_POINT('',(10.7696239617475,84.0000000001185,-20.9211997077957));
#2210=CARTESIAN_POINT('Origin',(10.9430158021606,84.0000000001185,-20.8975296913581));
#2211=CARTESIAN_POINT('',(10.9486186705143,72.0000000001186,-21.0724399765508));
#2212=CARTESIAN_POINT('Origin',(10.9430158021606,72.0000000001186,-20.8975296913581));
#2213=CARTESIAN_POINT('',(10.9486186705142,84.0000000001186,-21.0724399765508));
#2214=CARTESIAN_POINT('Origin',(10.9525692203003,72.0000000001186,-20.9099880047057));
#2215=CARTESIAN_POINT('',(11.1150692203003,72.0000000001186,-20.9099880047057));
#2216=CARTESIAN_POINT('Origin',(10.9525692203003,72.0000000001186,-20.9099880047057));
#2217=CARTESIAN_POINT('',(11.1150692203003,84.0000000001185,-20.9099880047057));
#2218=CARTESIAN_POINT('Origin',(11.1150692203003,72.0000000001186,-20.9099880047057));
#2219=CARTESIAN_POINT('',(11.1150692203003,72.0000000001186,-20.3849880047057));
#2220=CARTESIAN_POINT('',(11.1150692203003,72.0000000001186,-20.9099880047057));
#2221=CARTESIAN_POINT('',(11.1150692203003,84.0000000001185,-20.3849880047057));
#2222=CARTESIAN_POINT('Origin',(10.9525692203003,72.0000000001186,-20.3849880047057));
#2223=CARTESIAN_POINT('',(10.9471475696015,72.0000000001186,-20.2225784738779));
#2224=CARTESIAN_POINT('Origin',(10.9525692203003,72.0000000001186,-20.3849880047057));
#2225=CARTESIAN_POINT('',(10.9471475696015,84.0000000001186,-20.2225784738779));
#2226=CARTESIAN_POINT('Origin',(10.9430158021606,84.0000000001185,-20.3975296913581));
#2227=CARTESIAN_POINT('',(10.769609323968,72.0000000001186,-20.3739671507302));
#2228=CARTESIAN_POINT('Origin',(10.9430158021606,72.0000000001186,-20.3975296913581));
#2229=CARTESIAN_POINT('',(10.769609323968,84.0000000001185,-20.3739671507302));
#2230=CARTESIAN_POINT('Origin',(10.6566473896026,84.0000000001185,-20.3586178385498));
#2231=CARTESIAN_POINT('',(10.6566473896026,72.0000000001186,-20.4726178385498));
#2232=CARTESIAN_POINT('Origin',(10.6566473896026,72.0000000001186,-20.3586178385498));
#2233=CARTESIAN_POINT('',(10.6566473896026,84.0000000001185,-20.4726178385498));
#2234=CARTESIAN_POINT('Origin',(10.6929424763107,84.0000000001185,-20.4726178385498));
#2235=CARTESIAN_POINT('',(10.6552363019463,72.0000000001186,-20.4726178385498));
#2236=CARTESIAN_POINT('',(21.2814791392357,72.0000000001186,-20.4726178385501));
#2237=CARTESIAN_POINT('',(10.6552363019463,72.0000000001186,-20.4726178385498));
#2238=CARTESIAN_POINT('Origin',(10.6552363019463,72.0000000001186,-20.3586178385498));
#2239=CARTESIAN_POINT('Origin',(10.6552363019463,72.0000000001186,-20.3586178385498));
#2240=CARTESIAN_POINT('Origin',(11.3776477126792,72.0000000001186,-20.8591630447435));
#2241=CARTESIAN_POINT('',(11.3631979335507,72.0000000001186,-20.949234786157));
#2242=CARTESIAN_POINT('Origin',(31.8300158021606,72.0000000001186,-19.962570738315));
#2243=CARTESIAN_POINT('',(34.2217757646105,72.0000000001186,-21.0316093034414));
#2244=CARTESIAN_POINT('',(34.2217757646105,72.0000000001186,-20.3131129235788));
#2245=CARTESIAN_POINT('',(34.3467757646105,72.0000000001186,-21.1566093034414));
#2246=CARTESIAN_POINT('Origin',(34.3467757646105,72.0000000001186,-21.0316093034414));
#2247=CARTESIAN_POINT('',(34.3470962111841,72.0000000001186,-21.1566093034414));
#2248=CARTESIAN_POINT('',(34.2217757646105,72.0000000001186,-21.1566093034414));
#2249=CARTESIAN_POINT('',(34.4720962111841,72.0000000001186,-21.0316093034414));
#2250=CARTESIAN_POINT('Origin',(34.3470962111841,72.0000000001186,-21.0316093034414));
#2251=CARTESIAN_POINT('',(34.4720962111841,72.0000000001186,-20.8950614327834));
#2252=CARTESIAN_POINT('',(34.4720962111841,72.0000000001186,-21.1566093034414));
#2253=CARTESIAN_POINT('',(34.5719421660986,72.0000000001186,-20.772618490905));
#2254=CARTESIAN_POINT('Origin',(34.5970962111841,72.0000000001186,-20.8950614327834));
#2255=CARTESIAN_POINT('',(34.6966068364415,72.0000000001186,-20.7726192881892));
#2256=CARTESIAN_POINT('',(34.4699388320451,72.0000000001186,-20.7726178385498));
#2257=CARTESIAN_POINT('',(34.8180158021606,72.0000000001186,-20.8975296913581));
#2258=CARTESIAN_POINT('Origin',(34.6930549082222,72.0000000001186,-20.8975296913581));
#2259=CARTESIAN_POINT('',(35.0680158021606,72.0000000001186,-20.8975296913581));
#2260=CARTESIAN_POINT('Origin',(34.9430158021606,72.0000000001186,-20.8975296913581));
#2261=CARTESIAN_POINT('',(35.0680158021606,72.0000000001186,-20.3975296913581));
#2262=CARTESIAN_POINT('',(35.0680158021606,72.0000000001186,-20.3975296913581));
#2263=CARTESIAN_POINT('',(34.8180158021606,72.0000000001186,-20.3975296913581));
#2264=CARTESIAN_POINT('Origin',(34.9430158021606,72.0000000001186,-20.3975296913581));
#2265=CARTESIAN_POINT('',(34.6929424763107,72.0000000001186,-20.5226178385498));
#2266=CARTESIAN_POINT('Origin',(34.6929424763107,72.0000000001186,-20.3975445118218));
#2267=CARTESIAN_POINT('',(34.5724209078828,72.0000000001186,-20.5226178321913));
#2268=CARTESIAN_POINT('',(34.4699418792291,72.0000000001186,-20.5226178385498));
#2269=CARTESIAN_POINT('',(34.4720962111841,72.0000000001186,-20.4215126194608));
#2270=CARTESIAN_POINT('Origin',(34.572965933515,72.0000000001186,-20.4217492983152));
#2271=CARTESIAN_POINT('',(34.4720962111841,72.0000000001186,-20.3131129235788));
#2272=CARTESIAN_POINT('',(34.4720962111841,72.0000000001186,-20.4315126194608));
#2273=CARTESIAN_POINT('',(34.0965322230565,72.0000000001186,-19.9735149673669));
#2274=CARTESIAN_POINT('Origin',(34.1222240206171,72.0000000001186,-20.3225707387532));
#2275=CARTESIAN_POINT('',(34.096532223056,72.0000000001186,-19.9725707370745));
#2276=CARTESIAN_POINT('',(34.096532223056,72.0000000001186,-19.9725707367218));
#2277=CARTESIAN_POINT('',(31.0782085559787,72.0000000001186,-19.9725707387532));
#2278=CARTESIAN_POINT('',(31.0782085559787,72.0000000001186,-19.9725707387532));
#2279=CARTESIAN_POINT('',(30.2087401635108,72.0000000001186,-20.6401385669281));
#2280=CARTESIAN_POINT('Origin',(31.0782085559787,72.0000000001186,-20.8725707387532));
#2281=CARTESIAN_POINT('',(28.0799935269154,72.0000000001186,-28.6032269017223));
#2282=CARTESIAN_POINT('',(30.1808041258808,72.0000000001186,-20.7446400287498));
#2283=CARTESIAN_POINT('',(27.9350821281708,72.0000000001186,-28.7144882064181));
#2284=CARTESIAN_POINT('Origin',(27.9350821281708,72.0000000001186,-28.5644882064181));
#2285=CARTESIAN_POINT('',(23.8716747767489,72.0000000001186,-28.7144882064181));
#2286=CARTESIAN_POINT('',(23.8716747767489,72.0000000001186,-28.7144882064181));
#2287=CARTESIAN_POINT('',(23.7881042287788,72.0000000001186,-28.6694059950842));
#2288=CARTESIAN_POINT('Origin',(23.8716747767489,72.0000000001186,-28.6144882064181));
#2289=CARTESIAN_POINT('',(23.6137692834737,72.0000000001186,-28.4041136870112));
#2290=CARTESIAN_POINT('',(23.6142759467617,72.0000000001186,-28.4048846963626));
#2291=CARTESIAN_POINT('',(23.61171164392,72.0000000001186,-28.4010324898643));
#2292=CARTESIAN_POINT('Origin',(23.4048429135484,72.0000000001186,-28.5414081586764));
#2293=CARTESIAN_POINT('',(23.2883508096782,72.0000000001186,-28.2290640721603));
#2294=CARTESIAN_POINT('Origin',(23.2883508096782,72.0000000001186,-28.6190640721603));
#2295=CARTESIAN_POINT('',(22.6070662580888,72.0000000001186,-28.2290640721603));
#2296=CARTESIAN_POINT('',(22.6070662580888,72.0000000001186,-28.2290640721603));
#2297=CARTESIAN_POINT('',(22.2837054238471,72.0000000001186,-28.4010324898643));
#2298=CARTESIAN_POINT('Origin',(22.6070662580888,72.0000000001186,-28.6190640721603));
#2299=CARTESIAN_POINT('',(22.2816477842934,72.0000000001186,-28.4041136870112));
#2300=CARTESIAN_POINT('Origin',(22.4905741542187,72.0000000001186,-28.5414081586764));
#2301=CARTESIAN_POINT('',(22.1073128389883,72.0000000001186,-28.6694059950842));
#2302=CARTESIAN_POINT('',(22.1073128389883,72.0000000001186,-28.6694059950842));
#2303=CARTESIAN_POINT('',(22.0237422910181,72.0000000001186,-28.7144882064181));
#2304=CARTESIAN_POINT('Origin',(22.0237422910181,72.0000000001186,-28.6144882064181));
#2305=CARTESIAN_POINT('',(17.9603349395962,72.0000000001186,-28.7144882064181));
#2306=CARTESIAN_POINT('',(22.0237422910181,72.0000000001186,-28.7144882064181));
#2307=CARTESIAN_POINT('',(17.8154235408516,72.0000000001186,-28.6032269017223));
#2308=CARTESIAN_POINT('Origin',(17.9603349395962,72.0000000001186,-28.5644882064181));
#2309=CARTESIAN_POINT('',(15.6866769042562,72.0000000001186,-20.6401385669281));
#2310=CARTESIAN_POINT('',(15.7146129418863,72.0000000001186,-20.7446400287498));
#2311=CARTESIAN_POINT('',(14.8172085117883,72.0000000001186,-19.9725707387533));
#2312=CARTESIAN_POINT('Origin',(14.8172085117883,72.0000000001186,-20.8725707387533));
#2313=CARTESIAN_POINT('',(12.4345097153044,72.0000000001186,-19.9725707387532));
#2314=CARTESIAN_POINT('',(14.8172085117883,72.0000000001186,-20.2225707387533));
#2315=CARTESIAN_POINT('',(12.4345097153044,72.0000000001186,-20.2225707387533));
#2316=CARTESIAN_POINT('',(15.4451579063485,72.0000000001186,-20.7047030591017));
#2317=CARTESIAN_POINT('Origin',(14.8172085117883,72.0000000001186,-20.8725707387533));
#2318=CARTESIAN_POINT('',(17.6036476674951,72.0000000001186,-28.7790526985917));
#2319=CARTESIAN_POINT('',(15.4730939439785,72.0000000001186,-20.8092045209235));
#2320=CARTESIAN_POINT('',(17.8451666654029,72.0000000001186,-28.9644882064181));
#2321=CARTESIAN_POINT('Origin',(17.8451666654029,72.0000000001186,-28.7144882064181));
#2322=CARTESIAN_POINT('',(22.1316324806338,72.0000000001186,-28.9644882064181));
#2323=CARTESIAN_POINT('',(22.1316324806338,72.0000000001186,-28.9644882064181));
#2324=CARTESIAN_POINT('',(22.256988302589,72.0000000001186,-28.8968648894172));
#2325=CARTESIAN_POINT('Origin',(22.1316324806338,72.0000000001186,-28.8144882064181));
#2326=CARTESIAN_POINT('',(22.4900674909306,72.0000000001186,-28.5421791680278));
#2327=CARTESIAN_POINT('',(22.2514774286599,72.0000000001186,-28.9052510019181));
#2328=CARTESIAN_POINT('',(22.6070662580888,72.0000000001186,-28.4790640721603));
#2329=CARTESIAN_POINT('Origin',(22.6070662580888,72.0000000001186,-28.6190640721603));
#2330=CARTESIAN_POINT('',(23.2883508096782,72.0000000001186,-28.4790640721603));
#2331=CARTESIAN_POINT('',(22.6070662580888,72.0000000001186,-28.4790640721603));
#2332=CARTESIAN_POINT('',(23.4053495768364,72.0000000001186,-28.5421791680278));
#2333=CARTESIAN_POINT('Origin',(23.2883508096782,72.0000000001186,-28.6190640721603));
#2334=CARTESIAN_POINT('',(23.638428765178,72.0000000001186,-28.8968648894172));
#2335=CARTESIAN_POINT('',(23.6439396391072,72.0000000001186,-28.9052510019181));
#2336=CARTESIAN_POINT('',(23.7637845871332,72.0000000001186,-28.9644882064181));
#2337=CARTESIAN_POINT('Origin',(23.7637845871332,72.0000000001186,-28.8144882064181));
#2338=CARTESIAN_POINT('',(28.0502504023642,72.0000000001186,-28.9644882064181));
#2339=CARTESIAN_POINT('',(22.1316324806338,72.0000000001186,-28.9644882064181));
#2340=CARTESIAN_POINT('',(28.2917694002719,72.0000000001186,-28.7790526985917));
#2341=CARTESIAN_POINT('Origin',(28.0502504023642,72.0000000001186,-28.7144882064181));
#2342=CARTESIAN_POINT('',(30.4502591614186,72.0000000001186,-20.7047030591017));
#2343=CARTESIAN_POINT('',(30.4223231237885,72.0000000001186,-20.8092045209235));
#2344=CARTESIAN_POINT('Origin',(31.0782085559787,72.0000000001186,-20.8725707387532));
#2345=CARTESIAN_POINT('Origin',(34.5970962111841,72.0000000001186,-20.8950614327834));
#2346=CARTESIAN_POINT('',(34.5719421660986,72.0000000001186,-20.772618490905));
#2347=CARTESIAN_POINT('',(34.4720962111841,72.0000000001186,-20.8950614327834));
#2348=CARTESIAN_POINT('Origin',(34.572965933515,72.0000000001186,-20.4217492983152));
#2349=CARTESIAN_POINT('',(34.5724209078313,72.0000000001186,-20.5226178258498));
#2350=CARTESIAN_POINT('',(34.4720962111841,72.0000000001186,-20.4215126194608));
#2351=CARTESIAN_POINT('Origin',(34.2217757646105,84.0000000001185,-21.1566093034414));
#2352=CARTESIAN_POINT('',(34.3470962111841,84.0000000001185,-21.1566093034414));
#2353=CARTESIAN_POINT('',(34.3467757646105,84.0000000001185,-21.1566093034414));
#2354=CARTESIAN_POINT('Origin',(34.3467757646105,84.0000000001185,-21.0316093034414));
#2355=CARTESIAN_POINT('',(34.2217757646105,84.0000000001185,-21.0316093034414));
#2356=CARTESIAN_POINT('Origin',(34.4720962111841,84.0000000001185,-21.1566093034414));
#2357=CARTESIAN_POINT('',(34.4720962111841,84.0000000001185,-21.0316093034414));
#2358=CARTESIAN_POINT('Origin',(34.3470962111841,84.0000000001185,-21.0316093034414));
#2359=CARTESIAN_POINT('Origin',(34.4699418792291,72.0000000001186,-20.5226178385498));
#2360=CARTESIAN_POINT('',(34.6929424763107,72.0000000001186,-20.5226178385498));
#2361=CARTESIAN_POINT('Origin',(34.6966068364415,72.0000000001186,-20.7726192881892));
#2362=CARTESIAN_POINT('',(34.6966068364415,72.0000000001186,-20.7726192881892));
#2363=CARTESIAN_POINT('Origin',(34.6930549082222,72.0000000001186,-20.8975296913581));
#2364=CARTESIAN_POINT('',(34.8180158021606,72.0000000001186,-20.8975296913581));
#2365=CARTESIAN_POINT('Origin',(34.9430158021606,72.0000000001186,-20.8975296913581));
#2366=CARTESIAN_POINT('',(35.0680158021606,72.0000000001186,-20.8975296913581));
#2367=CARTESIAN_POINT('Origin',(35.0680158021606,72.0000000001186,-20.3975296913581));
#2368=CARTESIAN_POINT('',(35.0680158021606,72.0000000001186,-20.3975296913581));
#2369=CARTESIAN_POINT('Origin',(34.9430158021606,72.0000000001186,-20.3975296913581));
#2370=CARTESIAN_POINT('',(34.8180158021606,72.0000000001186,-20.3975296913581));
#2371=CARTESIAN_POINT('Origin',(34.6929424763107,72.0000000001186,-20.3975445118218));
#2372=CARTESIAN_POINT('Origin',(34.1222240206171,72.0000000001186,-20.3225707387532));
#2373=CARTESIAN_POINT('',(34.0965322230565,72.0000000001186,-19.9735149673669));
#2374=CARTESIAN_POINT('',(34.4720962111841,72.0000000001186,-20.3131129235788));
#2375=CARTESIAN_POINT('Origin',(34.096532223056,72.0000000001186,-19.9725707367218));
#2376=CARTESIAN_POINT('',(34.096532223056,72.0000000001186,-19.9725707371087));
#2377=CARTESIAN_POINT('Origin',(13.3705158021606,72.0000000001186,-19.9725707387533));
#2378=CARTESIAN_POINT('',(14.8172085117883,84.0000000001185,-19.9725707387533));
#2379=CARTESIAN_POINT('Origin',(31.0782085559787,72.0000000001186,-20.8725707387532));
#2380=CARTESIAN_POINT('',(30.2087401635108,84.0000000001185,-20.6401385669281));
#2381=CARTESIAN_POINT('',(31.0782085559787,72.0000000001186,-19.9725707387532));
#2382=CARTESIAN_POINT('Origin',(28.0799935269156,72.0000000001186,-28.6032269017223));
#2383=CARTESIAN_POINT('',(28.0799935269154,84.0000000001185,-28.6032269017223));
#2384=CARTESIAN_POINT('Origin',(27.9350821281708,72.0000000001186,-28.5644882064181));
#2385=CARTESIAN_POINT('',(27.9350821281708,84.0000000001185,-28.7144882064181));
#2386=CARTESIAN_POINT('Origin',(23.8716747767489,72.0000000001186,-28.7144882064181));
#2387=CARTESIAN_POINT('',(23.8716747767489,84.0000000001185,-28.7144882064181));
#2388=CARTESIAN_POINT('Origin',(23.8716747767489,72.0000000001186,-28.6144882064181));
#2389=CARTESIAN_POINT('',(23.7881042287788,84.0000000001185,-28.6694059950842));
#2390=CARTESIAN_POINT('Origin',(23.6137692834737,72.0000000001186,-28.4041136870112));
#2391=CARTESIAN_POINT('',(23.6137692834737,84.0000000001185,-28.4041136870112));
#2392=CARTESIAN_POINT('Origin',(23.4048429135484,72.0000000001186,-28.5414081586764));
#2393=CARTESIAN_POINT('',(23.61171164392,84.0000000001185,-28.4010324898643));
#2394=CARTESIAN_POINT('Origin',(23.2883508096782,72.0000000001186,-28.6190640721603));
#2395=CARTESIAN_POINT('',(23.2883508096782,84.0000000001185,-28.2290640721603));
#2396=CARTESIAN_POINT('Origin',(22.6070662580888,72.0000000001186,-28.2290640721603));
#2397=CARTESIAN_POINT('',(22.6070662580888,84.0000000001185,-28.2290640721603));
#2398=CARTESIAN_POINT('Origin',(22.6070662580888,72.0000000001186,-28.6190640721603));
#2399=CARTESIAN_POINT('',(22.283705423847,84.0000000001185,-28.4010324898643));
#2400=CARTESIAN_POINT('Origin',(22.4905741542187,72.0000000001186,-28.5414081586764));
#2401=CARTESIAN_POINT('',(22.2816477842934,84.0000000001185,-28.4041136870112));
#2402=CARTESIAN_POINT('Origin',(22.1073128389883,72.0000000001186,-28.6694059950842));
#2403=CARTESIAN_POINT('',(22.1073128389883,84.0000000001185,-28.6694059950842));
#2404=CARTESIAN_POINT('Origin',(22.0237422910181,72.0000000001186,-28.6144882064181));
#2405=CARTESIAN_POINT('',(22.0237422910181,84.0000000001185,-28.7144882064181));
#2406=CARTESIAN_POINT('Origin',(17.9603349395962,72.0000000001186,-28.7144882064181));
#2407=CARTESIAN_POINT('',(17.9603349395962,84.0000000001185,-28.7144882064181));
#2408=CARTESIAN_POINT('Origin',(17.9603349395962,72.0000000001186,-28.5644882064181));
#2409=CARTESIAN_POINT('',(17.8154235408516,84.0000000001185,-28.6032269017223));
#2410=CARTESIAN_POINT('Origin',(15.6866769042562,72.0000000001186,-20.6401385669281));
#2411=CARTESIAN_POINT('',(15.6866769042562,84.0000000001185,-20.6401385669281));
#2412=CARTESIAN_POINT('Origin',(14.8172085117883,72.0000000001186,-20.8725707387533));
#2413=CARTESIAN_POINT('Origin',(22.1316324806338,72.0000000001186,-28.9644882064181));
#2414=CARTESIAN_POINT('',(22.1316324806338,84.0000000001185,-28.9644882064181));
#2415=CARTESIAN_POINT('',(17.8451666654029,84.0000000001185,-28.9644882064181));
#2416=CARTESIAN_POINT('Origin',(14.8172085117883,72.0000000001186,-20.8725707387533));
#2417=CARTESIAN_POINT('',(15.4451579063485,84.0000000001185,-20.7047030591017));
#2418=CARTESIAN_POINT('',(14.8172085117883,84.0000000001185,-20.2225707387533));
#2419=CARTESIAN_POINT('Origin',(17.6036476674951,72.0000000001186,-28.7790526985917));
#2420=CARTESIAN_POINT('',(17.6036476674951,84.0000000001185,-28.7790526985917));
#2421=CARTESIAN_POINT('Origin',(17.8451666654029,72.0000000001186,-28.7144882064181));
#2422=CARTESIAN_POINT('Origin',(22.1316324806338,72.0000000001186,-28.9644882064181));
#2423=CARTESIAN_POINT('',(28.0502504023642,84.0000000001185,-28.9644882064181));
#2424=CARTESIAN_POINT('',(23.7637845871332,84.0000000001185,-28.9644882064181));
#2425=CARTESIAN_POINT('Origin',(22.1316324806338,72.0000000001186,-28.8144882064181));
#2426=CARTESIAN_POINT('',(22.256988302589,84.0000000001185,-28.8968648894172));
#2427=CARTESIAN_POINT('Origin',(22.4900674909306,72.0000000001186,-28.5421791680278));
#2428=CARTESIAN_POINT('',(22.4900674909306,84.0000000001185,-28.5421791680278));
#2429=CARTESIAN_POINT('Origin',(22.6070662580888,72.0000000001186,-28.6190640721603));
#2430=CARTESIAN_POINT('',(22.6070662580888,84.0000000001185,-28.4790640721603));
#2431=CARTESIAN_POINT('Origin',(23.2883508096782,72.0000000001186,-28.4790640721603));
#2432=CARTESIAN_POINT('',(23.2883508096782,84.0000000001185,-28.4790640721603));
#2433=CARTESIAN_POINT('Origin',(23.2883508096782,72.0000000001186,-28.6190640721603));
#2434=CARTESIAN_POINT('',(23.4053495768364,84.0000000001185,-28.5421791680278));
#2435=CARTESIAN_POINT('Origin',(23.638428765178,72.0000000001186,-28.8968648894172));
#2436=CARTESIAN_POINT('',(23.638428765178,84.0000000001185,-28.8968648894172));
#2437=CARTESIAN_POINT('Origin',(23.7637845871332,72.0000000001186,-28.8144882064181));
#2438=CARTESIAN_POINT('Origin',(28.0502504023642,72.0000000001186,-28.7144882064181));
#2439=CARTESIAN_POINT('',(28.2917694002719,84.0000000001185,-28.7790526985917));
#2440=CARTESIAN_POINT('Origin',(30.4502591614186,72.0000000001186,-20.7047030591017));
#2441=CARTESIAN_POINT('',(30.4502591614186,84.0000000001185,-20.7047030591017));
#2442=CARTESIAN_POINT('Origin',(31.0782085559787,72.0000000001186,-20.8725707387532));
#2443=CARTESIAN_POINT('Origin',(31.1252085559787,72.0000000001186,-19.9725707387532));
#2444=CARTESIAN_POINT('Origin',(13.3705158021606,84.0000000001185,-20.2225707387533));
#2445=CARTESIAN_POINT('Origin',(34.4720962111841,72.0000000001186,-20.3131129235788));
#2446=CARTESIAN_POINT('Origin',(34.2217757646105,84.0000000001185,-20.3131129235788));
#2447=CARTESIAN_POINT('',(0.,0.,0.));
#2448=UNCERTAINTY_MEASURE_WITH_UNIT(LENGTH_MEASURE(0.000393700787401575),
#2455,'DISTANCE_ACCURACY_VALUE',
'Maximum model space distance between geometric entities at asserted c
onnectivities');
#2449=UNCERTAINTY_MEASURE_WITH_UNIT(LENGTH_MEASURE(0.000393700787401575),
#2455,'DISTANCE_ACCURACY_VALUE',
'Maximum model space distance between geometric entities at asserted c
onnectivities');
#2450=UNCERTAINTY_MEASURE_WITH_UNIT(LENGTH_MEASURE(0.000393700787401575),
#2455,'DISTANCE_ACCURACY_VALUE',
'Maximum model space distance between geometric entities at asserted c
onnectivities');
#2451=(
GEOMETRIC_REPRESENTATION_CONTEXT(3)
GLOBAL_UNCERTAINTY_ASSIGNED_CONTEXT((#2448))
GLOBAL_UNIT_ASSIGNED_CONTEXT((#2455,#2459,#2460))
REPRESENTATION_CONTEXT('','3D')
);
#2452=(
GEOMETRIC_REPRESENTATION_CONTEXT(3)
GLOBAL_UNCERTAINTY_ASSIGNED_CONTEXT((#2449))
GLOBAL_UNIT_ASSIGNED_CONTEXT((#2455,#2459,#2460))
REPRESENTATION_CONTEXT('','3D')
);
#2453=(
GEOMETRIC_REPRESENTATION_CONTEXT(3)
GLOBAL_UNCERTAINTY_ASSIGNED_CONTEXT((#2450))
GLOBAL_UNIT_ASSIGNED_CONTEXT((#2455,#2459,#2460))
REPRESENTATION_CONTEXT('','3D')
);
#2454=DIMENSIONAL_EXPONENTS(1.,0.,0.,0.,0.,0.,0.);
#2455=(
CONVERSION_BASED_UNIT('inch',#2458)
LENGTH_UNIT()
NAMED_UNIT(#2454)
);
#2456=(
LENGTH_UNIT()
NAMED_UNIT(*)
SI_UNIT(.MILLI.,.METRE.)
);
#2457=(
LENGTH_UNIT()
NAMED_UNIT(*)
SI_UNIT($,.METRE.)
);
#2458=LENGTH_MEASURE_WITH_UNIT(LENGTH_MEASURE(25.4),#2456);
#2459=(
NAMED_UNIT(*)
PLANE_ANGLE_UNIT()
SI_UNIT($,.RADIAN.)
);
#2460=(
NAMED_UNIT(*)
SI_UNIT($,.STERADIAN.)
SOLID_ANGLE_UNIT()
);
#2461=SHAPE_DEFINITION_REPRESENTATION(#2463,#2466);
#2462=SHAPE_DEFINITION_REPRESENTATION(#2464,#2467);
#2463=PRODUCT_DEFINITION_SHAPE('',$,#2469);
#2464=PRODUCT_DEFINITION_SHAPE('',$,#2470);
#2465=PRODUCT_DEFINITION_SHAPE($,$,#14);
#2466=SHAPE_REPRESENTATION('',(#1432,#1584),#2451);
#2467=SHAPE_REPRESENTATION('',(#1433),#2452);
#2468=PRODUCT_DEFINITION_CONTEXT('part definition',#2476,'design');
#2469=PRODUCT_DEFINITION('24 in pannel','24 in pannel v7',#2471,#2468);
#2470=PRODUCT_DEFINITION('multiple wall design','24 in pannel v1',#2472,
#2468);
#2471=PRODUCT_DEFINITION_FORMATION('',$,#2478);
#2472=PRODUCT_DEFINITION_FORMATION('',$,#2479);
#2473=PRODUCT_RELATED_PRODUCT_CATEGORY('24 in pannel v7',
'24 in pannel v7',(#2478));
#2474=PRODUCT_RELATED_PRODUCT_CATEGORY('24 in pannel v1',
'24 in pannel v1',(#2479));
#2475=APPLICATION_PROTOCOL_DEFINITION('international standard',
'ap242_managed_model_based_3d_engineering',2011,#2476);
#2476=APPLICATION_CONTEXT('Managed model based 3d engineering');
#2477=PRODUCT_CONTEXT('part definition',#2476,'mechanical');
#2478=PRODUCT('24 in pannel','24 in pannel v7',$,(#2477));
#2479=PRODUCT('multiple wall design','24 in pannel v1',$,(#2477));
#2480=PRESENTATION_STYLE_ASSIGNMENT((#2482));
#2481=PRESENTATION_STYLE_ASSIGNMENT((#2483));
#2482=SURFACE_STYLE_USAGE(.BOTH.,#2484);
#2483=SURFACE_STYLE_USAGE(.BOTH.,#2485);
#2484=SURFACE_SIDE_STYLE('',(#2486));
#2485=SURFACE_SIDE_STYLE('',(#2487));
#2486=SURFACE_STYLE_FILL_AREA(#2488);
#2487=SURFACE_STYLE_FILL_AREA(#2489);
#2488=FILL_AREA_STYLE('Steel - Satin',(#2490));
#2489=FILL_AREA_STYLE('Opaque(160,160,160)',(#2491));
#2490=FILL_AREA_STYLE_COLOUR('Steel - Satin',#2492);
#2491=FILL_AREA_STYLE_COLOUR('Opaque(160,160,160)',#2493);
#2492=COLOUR_RGB('Steel - Satin',0.627450980392157,0.627450980392157,0.627450980392157);
#2493=COLOUR_RGB('Opaque(160,160,160)',0.627450980392157,0.627450980392157,
0.627450980392157);
ENDSEC;
END-ISO-10303-21;
