ISO-10303-21;
HEADER;
/* Generated by software containing ST-Developer
 * from STEP Tools, Inc. (www.steptools.com) 
 */

FILE_DESCRIPTION(
/* description */ (''),
/* implementation_level */ '2;1');

FILE_NAME(
/* name */ '24'''' 3d model.step',
/* time_stamp */ '2025-12-03T16:43:37-05:00',
/* author */ (''),
/* organization */ (''),
/* preprocessor_version */ 'ST-DEVELOPER v20.1',
/* originating_system */ 'Autodesk Translation Framework v14.21.0.0',
/* authorisation */ '');

FILE_SCHEMA (('AUTOMOTIVE_DESIGN { 1 0 10303 214 3 1 1 }'));
ENDSEC;

DATA;
#10=MECHANICAL_DESIGN_GEOMETRIC_PRESENTATION_REPRESENTATION('',(#13),#2472);
#11=SHAPE_REPRESENTATION_RELATIONSHIP('SRR','None',#2482,#12);
#12=ADVANCED_BREP_SHAPE_REPRESENTATION('',(#14),#2471);
#13=STYLED_ITEM('',(#2492),#14);
#14=MANIFOLD_SOLID_BREP('Body1',#1436);
#15=CYLINDRICAL_SURFACE('',#1490,0.163000000000003);
#16=CYLINDRICAL_SURFACE('',#1493,0.412499999999999);
#17=CYLINDRICAL_SURFACE('',#1495,0.412500000000002);
#18=CYLINDRICAL_SURFACE('',#1497,0.114);
#19=CYLINDRICAL_SURFACE('',#1500,0.114);
#20=CYLINDRICAL_SURFACE('',#1502,0.174999999999999);
#21=CYLINDRICAL_SURFACE('',#1504,0.162500000000001);
#22=CYLINDRICAL_SURFACE('',#1507,0.162500000000016);
#23=CYLINDRICAL_SURFACE('',#1509,0.174999999999988);
#24=CYLINDRICAL_SURFACE('',#1511,0.114);
#25=CYLINDRICAL_SURFACE('',#1514,0.114);
#26=CYLINDRICAL_SURFACE('',#1546,0.125);
#27=CYLINDRICAL_SURFACE('',#1547,0.10087);
#28=CYLINDRICAL_SURFACE('',#1549,0.125);
#29=CYLINDRICAL_SURFACE('',#1551,0.125);
#30=CYLINDRICAL_SURFACE('',#1554,0.124960893938389);
#31=CYLINDRICAL_SURFACE('',#1555,0.125000000000001);
#32=CYLINDRICAL_SURFACE('',#1557,0.125000000000001);
#33=CYLINDRICAL_SURFACE('',#1558,0.12507332672799);
#34=CYLINDRICAL_SURFACE('',#1560,0.0999999999999993);
#35=CYLINDRICAL_SURFACE('',#1561,0.349999999999999);
#36=CYLINDRICAL_SURFACE('',#1565,0.899999999999999);
#37=CYLINDRICAL_SURFACE('',#1567,0.150000000000002);
#38=CYLINDRICAL_SURFACE('',#1569,0.100000000000001);
#39=CYLINDRICAL_SURFACE('',#1571,0.25);
#40=CYLINDRICAL_SURFACE('',#1572,0.390000000000002);
#41=CYLINDRICAL_SURFACE('',#1574,0.390000000000002);
#42=CYLINDRICAL_SURFACE('',#1575,0.25);
#43=CYLINDRICAL_SURFACE('',#1577,0.099999999999997);
#44=CYLINDRICAL_SURFACE('',#1579,0.15);
#45=CYLINDRICAL_SURFACE('',#1581,0.9);
#46=CYLINDRICAL_SURFACE('',#1583,0.65);
#47=CYLINDRICAL_SURFACE('',#1585,0.250000000000001);
#48=CYLINDRICAL_SURFACE('',#1587,0.150000000000001);
#49=CYLINDRICAL_SURFACE('',#1589,0.140000000000002);
#50=CYLINDRICAL_SURFACE('',#1591,0.140000000000002);
#51=CYLINDRICAL_SURFACE('',#1593,0.15);
#52=CYLINDRICAL_SURFACE('',#1594,0.249999999999998);
#53=CYLINDRICAL_SURFACE('',#1596,0.649999999999999);
#54=FACE_OUTER_BOUND('',#127,.T.);
#55=FACE_OUTER_BOUND('',#128,.T.);
#56=FACE_OUTER_BOUND('',#129,.T.);
#57=FACE_OUTER_BOUND('',#130,.T.);
#58=FACE_OUTER_BOUND('',#131,.T.);
#59=FACE_OUTER_BOUND('',#132,.T.);
#60=FACE_OUTER_BOUND('',#133,.T.);
#61=FACE_OUTER_BOUND('',#134,.T.);
#62=FACE_OUTER_BOUND('',#135,.T.);
#63=FACE_OUTER_BOUND('',#136,.T.);
#64=FACE_OUTER_BOUND('',#137,.T.);
#65=FACE_OUTER_BOUND('',#138,.T.);
#66=FACE_OUTER_BOUND('',#139,.T.);
#67=FACE_OUTER_BOUND('',#140,.T.);
#68=FACE_OUTER_BOUND('',#141,.T.);
#69=FACE_OUTER_BOUND('',#142,.T.);
#70=FACE_OUTER_BOUND('',#143,.T.);
#71=FACE_OUTER_BOUND('',#144,.T.);
#72=FACE_OUTER_BOUND('',#145,.T.);
#73=FACE_OUTER_BOUND('',#146,.T.);
#74=FACE_OUTER_BOUND('',#147,.T.);
#75=FACE_OUTER_BOUND('',#148,.T.);
#76=FACE_OUTER_BOUND('',#149,.T.);
#77=FACE_OUTER_BOUND('',#150,.T.);
#78=FACE_OUTER_BOUND('',#151,.T.);
#79=FACE_OUTER_BOUND('',#152,.T.);
#80=FACE_OUTER_BOUND('',#153,.T.);
#81=FACE_OUTER_BOUND('',#154,.T.);
#82=FACE_OUTER_BOUND('',#155,.T.);
#83=FACE_OUTER_BOUND('',#156,.T.);
#84=FACE_OUTER_BOUND('',#157,.T.);
#85=FACE_OUTER_BOUND('',#158,.T.);
#86=FACE_OUTER_BOUND('',#159,.T.);
#87=FACE_OUTER_BOUND('',#160,.T.);
#88=FACE_OUTER_BOUND('',#161,.T.);
#89=FACE_OUTER_BOUND('',#162,.T.);
#90=FACE_OUTER_BOUND('',#163,.T.);
#91=FACE_OUTER_BOUND('',#164,.T.);
#92=FACE_OUTER_BOUND('',#165,.T.);
#93=FACE_OUTER_BOUND('',#166,.T.);
#94=FACE_OUTER_BOUND('',#167,.T.);
#95=FACE_OUTER_BOUND('',#168,.T.);
#96=FACE_OUTER_BOUND('',#169,.T.);
#97=FACE_OUTER_BOUND('',#170,.T.);
#98=FACE_OUTER_BOUND('',#171,.T.);
#99=FACE_OUTER_BOUND('',#172,.T.);
#100=FACE_OUTER_BOUND('',#173,.T.);
#101=FACE_OUTER_BOUND('',#174,.T.);
#102=FACE_OUTER_BOUND('',#175,.T.);
#103=FACE_OUTER_BOUND('',#176,.T.);
#104=FACE_OUTER_BOUND('',#177,.T.);
#105=FACE_OUTER_BOUND('',#178,.T.);
#106=FACE_OUTER_BOUND('',#179,.T.);
#107=FACE_OUTER_BOUND('',#180,.T.);
#108=FACE_OUTER_BOUND('',#181,.T.);
#109=FACE_OUTER_BOUND('',#182,.T.);
#110=FACE_OUTER_BOUND('',#183,.T.);
#111=FACE_OUTER_BOUND('',#184,.T.);
#112=FACE_OUTER_BOUND('',#185,.T.);
#113=FACE_OUTER_BOUND('',#186,.T.);
#114=FACE_OUTER_BOUND('',#187,.T.);
#115=FACE_OUTER_BOUND('',#188,.T.);
#116=FACE_OUTER_BOUND('',#189,.T.);
#117=FACE_OUTER_BOUND('',#190,.T.);
#118=FACE_OUTER_BOUND('',#191,.T.);
#119=FACE_OUTER_BOUND('',#192,.T.);
#120=FACE_OUTER_BOUND('',#193,.T.);
#121=FACE_OUTER_BOUND('',#194,.T.);
#122=FACE_OUTER_BOUND('',#195,.T.);
#123=FACE_OUTER_BOUND('',#196,.T.);
#124=FACE_OUTER_BOUND('',#197,.T.);
#125=FACE_OUTER_BOUND('',#198,.T.);
#126=FACE_OUTER_BOUND('',#199,.T.);
#127=EDGE_LOOP('',(#903,#904,#905,#906,#907,#908,#909,#910,#911,#912,#913,
#914,#915,#916,#917,#918,#919,#920,#921,#922,#923,#924,#925,#926,#927,#928,
#929,#930,#931,#932,#933,#934,#935,#936,#937,#938,#939,#940,#941,#942,#943,
#944,#945,#946,#947,#948,#949,#950,#951,#952,#953,#954,#955,#956,#957,#958,
#959,#960,#961,#962,#963,#964,#965,#966,#967,#968,#969,#970,#971,#972,#973));
#128=EDGE_LOOP('',(#974,#975,#976,#977));
#129=EDGE_LOOP('',(#978,#979,#980,#981));
#130=EDGE_LOOP('',(#982,#983,#984,#985));
#131=EDGE_LOOP('',(#986,#987,#988,#989));
#132=EDGE_LOOP('',(#990,#991,#992,#993));
#133=EDGE_LOOP('',(#994,#995,#996,#997));
#134=EDGE_LOOP('',(#998,#999,#1000,#1001));
#135=EDGE_LOOP('',(#1002,#1003,#1004,#1005));
#136=EDGE_LOOP('',(#1006,#1007,#1008,#1009));
#137=EDGE_LOOP('',(#1010,#1011,#1012,#1013));
#138=EDGE_LOOP('',(#1014,#1015,#1016,#1017));
#139=EDGE_LOOP('',(#1018,#1019,#1020,#1021));
#140=EDGE_LOOP('',(#1022,#1023,#1024,#1025));
#141=EDGE_LOOP('',(#1026,#1027,#1028,#1029));
#142=EDGE_LOOP('',(#1030,#1031,#1032,#1033));
#143=EDGE_LOOP('',(#1034,#1035,#1036,#1037));
#144=EDGE_LOOP('',(#1038,#1039,#1040,#1041,#1042,#1043,#1044,#1045,#1046,
#1047,#1048,#1049,#1050,#1051,#1052,#1053,#1054,#1055,#1056,#1057,#1058,
#1059,#1060,#1061,#1062,#1063,#1064,#1065,#1066,#1067,#1068,#1069,#1070,
#1071,#1072,#1073,#1074,#1075,#1076,#1077,#1078,#1079,#1080,#1081,#1082,
#1083,#1084,#1085,#1086,#1087,#1088,#1089,#1090,#1091,#1092,#1093,#1094,
#1095,#1096,#1097,#1098,#1099,#1100,#1101,#1102,#1103,#1104,#1105,#1106,
#1107,#1108));
#145=EDGE_LOOP('',(#1109,#1110,#1111,#1112));
#146=EDGE_LOOP('',(#1113,#1114,#1115,#1116));
#147=EDGE_LOOP('',(#1117,#1118,#1119,#1120));
#148=EDGE_LOOP('',(#1121,#1122,#1123,#1124));
#149=EDGE_LOOP('',(#1125,#1126,#1127,#1128));
#150=EDGE_LOOP('',(#1129,#1130,#1131,#1132));
#151=EDGE_LOOP('',(#1133,#1134,#1135,#1136));
#152=EDGE_LOOP('',(#1137,#1138,#1139,#1140));
#153=EDGE_LOOP('',(#1141,#1142,#1143,#1144));
#154=EDGE_LOOP('',(#1145,#1146,#1147,#1148));
#155=EDGE_LOOP('',(#1149,#1150,#1151,#1152));
#156=EDGE_LOOP('',(#1153,#1154,#1155,#1156));
#157=EDGE_LOOP('',(#1157,#1158,#1159,#1160));
#158=EDGE_LOOP('',(#1161,#1162,#1163,#1164));
#159=EDGE_LOOP('',(#1165,#1166,#1167,#1168));
#160=EDGE_LOOP('',(#1169,#1170,#1171,#1172));
#161=EDGE_LOOP('',(#1173,#1174,#1175,#1176));
#162=EDGE_LOOP('',(#1177,#1178,#1179,#1180));
#163=EDGE_LOOP('',(#1181,#1182,#1183,#1184));
#164=EDGE_LOOP('',(#1185,#1186,#1187,#1188));
#165=EDGE_LOOP('',(#1189,#1190,#1191,#1192));
#166=EDGE_LOOP('',(#1193,#1194,#1195,#1196));
#167=EDGE_LOOP('',(#1197,#1198,#1199,#1200));
#168=EDGE_LOOP('',(#1201,#1202,#1203,#1204));
#169=EDGE_LOOP('',(#1205,#1206,#1207,#1208));
#170=EDGE_LOOP('',(#1209,#1210,#1211,#1212));
#171=EDGE_LOOP('',(#1213,#1214,#1215,#1216));
#172=EDGE_LOOP('',(#1217,#1218,#1219,#1220));
#173=EDGE_LOOP('',(#1221,#1222,#1223,#1224));
#174=EDGE_LOOP('',(#1225,#1226,#1227,#1228));
#175=EDGE_LOOP('',(#1229,#1230,#1231,#1232));
#176=EDGE_LOOP('',(#1233,#1234,#1235,#1236));
#177=EDGE_LOOP('',(#1237,#1238,#1239,#1240));
#178=EDGE_LOOP('',(#1241,#1242,#1243,#1244));
#179=EDGE_LOOP('',(#1245,#1246,#1247,#1248));
#180=EDGE_LOOP('',(#1249,#1250,#1251,#1252));
#181=EDGE_LOOP('',(#1253,#1254,#1255,#1256));
#182=EDGE_LOOP('',(#1257,#1258,#1259,#1260));
#183=EDGE_LOOP('',(#1261,#1262,#1263,#1264));
#184=EDGE_LOOP('',(#1265,#1266,#1267,#1268));
#185=EDGE_LOOP('',(#1269,#1270,#1271,#1272));
#186=EDGE_LOOP('',(#1273,#1274,#1275,#1276));
#187=EDGE_LOOP('',(#1277,#1278,#1279,#1280));
#188=EDGE_LOOP('',(#1281,#1282,#1283,#1284));
#189=EDGE_LOOP('',(#1285,#1286,#1287,#1288));
#190=EDGE_LOOP('',(#1289,#1290,#1291,#1292));
#191=EDGE_LOOP('',(#1293,#1294,#1295,#1296));
#192=EDGE_LOOP('',(#1297,#1298,#1299,#1300));
#193=EDGE_LOOP('',(#1301,#1302,#1303,#1304));
#194=EDGE_LOOP('',(#1305,#1306,#1307,#1308));
#195=EDGE_LOOP('',(#1309,#1310,#1311,#1312));
#196=EDGE_LOOP('',(#1313,#1314,#1315,#1316));
#197=EDGE_LOOP('',(#1317,#1318,#1319,#1320));
#198=EDGE_LOOP('',(#1321,#1322,#1323,#1324));
#199=EDGE_LOOP('',(#1325,#1326,#1327,#1328));
#200=CIRCLE('',#1451,0.412500000000002);
#201=CIRCLE('',#1452,0.114);
#202=CIRCLE('',#1453,0.114);
#203=CIRCLE('',#1454,0.174999999999999);
#204=CIRCLE('',#1455,0.162500000000001);
#205=CIRCLE('',#1456,0.162500000000016);
#206=CIRCLE('',#1457,0.174999999999988);
#207=CIRCLE('',#1458,0.114);
#208=CIRCLE('',#1459,0.114);
#209=CIRCLE('',#1460,0.412499999999999);
#210=CIRCLE('',#1461,0.9);
#211=CIRCLE('',#1462,0.15);
#212=CIRCLE('',#1463,0.099999999999997);
#213=CIRCLE('',#1464,0.25);
#214=CIRCLE('',#1465,0.390000000000002);
#215=CIRCLE('',#1466,0.390000000000002);
#216=CIRCLE('',#1467,0.25);
#217=CIRCLE('',#1468,0.100000000000001);
#218=CIRCLE('',#1469,0.150000000000002);
#219=CIRCLE('',#1470,0.899999999999999);
#220=CIRCLE('',#1471,0.349999999999999);
#221=CIRCLE('',#1472,0.10087);
#222=CIRCLE('',#1473,0.12507332672799);
#223=CIRCLE('',#1474,0.125000000000001);
#224=CIRCLE('',#1475,0.125000000000001);
#225=CIRCLE('',#1476,0.124960893938389);
#226=CIRCLE('',#1477,0.125);
#227=CIRCLE('',#1478,0.125);
#228=CIRCLE('',#1479,0.125);
#229=CIRCLE('',#1480,0.0999999999999993);
#230=CIRCLE('',#1481,0.649999999999999);
#231=CIRCLE('',#1482,0.249999999999998);
#232=CIRCLE('',#1483,0.15);
#233=CIRCLE('',#1484,0.140000000000002);
#234=CIRCLE('',#1485,0.140000000000002);
#235=CIRCLE('',#1486,0.150000000000001);
#236=CIRCLE('',#1487,0.250000000000001);
#237=CIRCLE('',#1488,0.65);
#238=CIRCLE('',#1489,0.163000000000003);
#239=CIRCLE('',#1491,0.163000000000003);
#240=CIRCLE('',#1494,0.412499999999999);
#241=CIRCLE('',#1496,0.412500000000002);
#242=CIRCLE('',#1498,0.114);
#243=CIRCLE('',#1501,0.114);
#244=CIRCLE('',#1503,0.174999999999999);
#245=CIRCLE('',#1505,0.162500000000001);
#246=CIRCLE('',#1508,0.162500000000016);
#247=CIRCLE('',#1510,0.174999999999988);
#248=CIRCLE('',#1512,0.114);
#249=CIRCLE('',#1515,0.114);
#250=CIRCLE('',#1518,0.65);
#251=CIRCLE('',#1519,0.250000000000001);
#252=CIRCLE('',#1520,0.150000000000001);
#253=CIRCLE('',#1521,0.140000000000002);
#254=CIRCLE('',#1522,0.140000000000002);
#255=CIRCLE('',#1523,0.15);
#256=CIRCLE('',#1524,0.249999999999998);
#257=CIRCLE('',#1525,0.649999999999999);
#258=CIRCLE('',#1526,0.0999999999999993);
#259=CIRCLE('',#1527,0.125);
#260=CIRCLE('',#1528,0.125);
#261=CIRCLE('',#1529,0.125);
#262=CIRCLE('',#1530,0.124960893938389);
#263=CIRCLE('',#1531,0.125000000000001);
#264=CIRCLE('',#1532,0.125000000000001);
#265=CIRCLE('',#1533,0.12507332672799);
#266=CIRCLE('',#1534,0.10087);
#267=CIRCLE('',#1535,0.349999999999999);
#268=CIRCLE('',#1536,0.899999999999999);
#269=CIRCLE('',#1537,0.150000000000002);
#270=CIRCLE('',#1538,0.100000000000001);
#271=CIRCLE('',#1539,0.25);
#272=CIRCLE('',#1540,0.390000000000002);
#273=CIRCLE('',#1541,0.390000000000002);
#274=CIRCLE('',#1542,0.25);
#275=CIRCLE('',#1543,0.099999999999997);
#276=CIRCLE('',#1544,0.15);
#277=CIRCLE('',#1545,0.9);
#278=LINE('',#2044,#413);
#279=LINE('',#2046,#414);
#280=LINE('',#2052,#415);
#281=LINE('',#2060,#416);
#282=LINE('',#2068,#417);
#283=LINE('',#2074,#418);
#284=LINE('',#2078,#419);
#285=LINE('',#2082,#420);
#286=LINE('',#2086,#421);
#287=LINE('',#2092,#422);
#288=LINE('',#2098,#423);
#289=LINE('',#2102,#424);
#290=LINE('',#2106,#425);
#291=LINE('',#2110,#426);
#292=LINE('',#2112,#427);
#293=LINE('',#2116,#428);
#294=LINE('',#2120,#429);
#295=LINE('',#2126,#430);
#296=LINE('',#2132,#431);
#297=LINE('',#2136,#432);
#298=LINE('',#2140,#433);
#299=LINE('',#2144,#434);
#300=LINE('',#2148,#435);
#301=LINE('',#2150,#436);
#302=LINE('',#2154,#437);
#303=LINE('',#2158,#438);
#304=LINE('',#2162,#439);
#305=LINE('',#2166,#440);
#306=LINE('',#2170,#441);
#307=LINE('',#2174,#442);
#308=LINE('',#2178,#443);
#309=LINE('',#2182,#444);
#310=LINE('',#2186,#445);
#311=LINE('',#2189,#446);
#312=LINE('',#2192,#447);
#313=LINE('',#2193,#448);
#314=LINE('',#2196,#449);
#315=LINE('',#2198,#450);
#316=LINE('',#2202,#451);
#317=LINE('',#2205,#452);
#318=LINE('',#2209,#453);
#319=LINE('',#2212,#454);
#320=LINE('',#2213,#455);
#321=LINE('',#2217,#456);
#322=LINE('',#2221,#457);
#323=LINE('',#2225,#458);
#324=LINE('',#2228,#459);
#325=LINE('',#2229,#460);
#326=LINE('',#2233,#461);
#327=LINE('',#2237,#462);
#328=LINE('',#2241,#463);
#329=LINE('',#2244,#464);
#330=LINE('',#2245,#465);
#331=LINE('',#2249,#466);
#332=LINE('',#2252,#467);
#333=LINE('',#2256,#468);
#334=LINE('',#2260,#469);
#335=LINE('',#2264,#470);
#336=LINE('',#2268,#471);
#337=LINE('',#2272,#472);
#338=LINE('',#2276,#473);
#339=LINE('',#2280,#474);
#340=LINE('',#2284,#475);
#341=LINE('',#2286,#476);
#342=LINE('',#2290,#477);
#343=LINE('',#2294,#478);
#344=LINE('',#2298,#479);
#345=LINE('',#2302,#480);
#346=LINE('',#2308,#481);
#347=LINE('',#2314,#482);
#348=LINE('',#2318,#483);
#349=LINE('',#2322,#484);
#350=LINE('',#2324,#485);
#351=LINE('',#2328,#486);
#352=LINE('',#2332,#487);
#353=LINE('',#2336,#488);
#354=LINE('',#2342,#489);
#355=LINE('',#2348,#490);
#356=LINE('',#2352,#491);
#357=LINE('',#2356,#492);
#358=LINE('',#2359,#493);
#359=LINE('',#2361,#494);
#360=LINE('',#2362,#495);
#361=LINE('',#2364,#496);
#362=LINE('',#2365,#497);
#363=LINE('',#2367,#498);
#364=LINE('',#2368,#499);
#365=LINE('',#2370,#500);
#366=LINE('',#2372,#501);
#367=LINE('',#2375,#502);
#368=LINE('',#2377,#503);
#369=LINE('',#2379,#504);
#370=LINE('',#2381,#505);
#371=LINE('',#2383,#506);
#372=LINE('',#2385,#507);
#373=LINE('',#2388,#508);
#374=LINE('',#2389,#509);
#375=LINE('',#2391,#510);
#376=LINE('',#2393,#511);
#377=LINE('',#2394,#512);
#378=LINE('',#2396,#513);
#379=LINE('',#2398,#514);
#380=LINE('',#2400,#515);
#381=LINE('',#2402,#516);
#382=LINE('',#2403,#517);
#383=LINE('',#2405,#518);
#384=LINE('',#2407,#519);
#385=LINE('',#2409,#520);
#386=LINE('',#2411,#521);
#387=LINE('',#2413,#522);
#388=LINE('',#2415,#523);
#389=LINE('',#2417,#524);
#390=LINE('',#2419,#525);
#391=LINE('',#2421,#526);
#392=LINE('',#2423,#527);
#393=LINE('',#2425,#528);
#394=LINE('',#2427,#529);
#395=LINE('',#2429,#530);
#396=LINE('',#2431,#531);
#397=LINE('',#2433,#532);
#398=LINE('',#2436,#533);
#399=LINE('',#2437,#534);
#400=LINE('',#2439,#535);
#401=LINE('',#2440,#536);
#402=LINE('',#2442,#537);
#403=LINE('',#2445,#538);
#404=LINE('',#2446,#539);
#405=LINE('',#2448,#540);
#406=LINE('',#2450,#541);
#407=LINE('',#2452,#542);
#408=LINE('',#2454,#543);
#409=LINE('',#2456,#544);
#410=LINE('',#2458,#545);
#411=LINE('',#2461,#546);
#412=LINE('',#2463,#547);
#413=VECTOR('',#1605,0.393700787401575);
#414=VECTOR('',#1606,0.393700787401575);
#415=VECTOR('',#1611,0.393700787401575);
#416=VECTOR('',#1618,0.393700787401575);
#417=VECTOR('',#1625,0.393700787401575);
#418=VECTOR('',#1630,0.393700787401575);
#419=VECTOR('',#1633,0.393700787401575);
#420=VECTOR('',#1636,0.393700787401575);
#421=VECTOR('',#1639,0.393700787401575);
#422=VECTOR('',#1644,0.393700787401575);
#423=VECTOR('',#1649,0.393700787401575);
#424=VECTOR('',#1652,0.393700787401575);
#425=VECTOR('',#1655,0.393700787401575);
#426=VECTOR('',#1658,0.393700787401575);
#427=VECTOR('',#1659,0.393700787401575);
#428=VECTOR('',#1662,0.393700787401575);
#429=VECTOR('',#1665,0.393700787401575);
#430=VECTOR('',#1670,0.393700787401575);
#431=VECTOR('',#1675,0.393700787401575);
#432=VECTOR('',#1678,0.393700787401575);
#433=VECTOR('',#1681,0.393700787401575);
#434=VECTOR('',#1684,0.393700787401575);
#435=VECTOR('',#1687,0.393700787401575);
#436=VECTOR('',#1688,0.393700787401575);
#437=VECTOR('',#1691,0.393700787401575);
#438=VECTOR('',#1694,0.393700787401575);
#439=VECTOR('',#1697,0.393700787401575);
#440=VECTOR('',#1700,0.393700787401575);
#441=VECTOR('',#1703,0.393700787401575);
#442=VECTOR('',#1706,0.393700787401575);
#443=VECTOR('',#1709,0.393700787401575);
#444=VECTOR('',#1712,0.393700787401575);
#445=VECTOR('',#1717,0.393700787401575);
#446=VECTOR('',#1720,0.393700787401575);
#447=VECTOR('',#1723,0.393700787401575);
#448=VECTOR('',#1724,0.393700787401575);
#449=VECTOR('',#1727,0.393700787401575);
#450=VECTOR('',#1728,0.393700787401575);
#451=VECTOR('',#1733,0.393700787401575);
#452=VECTOR('',#1736,0.393700787401575);
#453=VECTOR('',#1741,0.393700787401575);
#454=VECTOR('',#1744,0.393700787401575);
#455=VECTOR('',#1745,0.393700787401575);
#456=VECTOR('',#1750,0.393700787401575);
#457=VECTOR('',#1755,0.393700787401575);
#458=VECTOR('',#1760,0.393700787401575);
#459=VECTOR('',#1763,0.393700787401575);
#460=VECTOR('',#1764,0.393700787401575);
#461=VECTOR('',#1769,0.393700787401575);
#462=VECTOR('',#1774,0.393700787401575);
#463=VECTOR('',#1779,0.393700787401575);
#464=VECTOR('',#1782,0.393700787401575);
#465=VECTOR('',#1783,0.393700787401575);
#466=VECTOR('',#1790,0.393700787401575);
#467=VECTOR('',#1793,0.393700787401575);
#468=VECTOR('',#1796,0.393700787401575);
#469=VECTOR('',#1799,0.393700787401575);
#470=VECTOR('',#1802,0.393700787401575);
#471=VECTOR('',#1805,0.393700787401575);
#472=VECTOR('',#1808,0.393700787401575);
#473=VECTOR('',#1811,0.393700787401575);
#474=VECTOR('',#1814,0.393700787401575);
#475=VECTOR('',#1817,0.393700787401575);
#476=VECTOR('',#1818,0.393700787401575);
#477=VECTOR('',#1821,0.393700787401575);
#478=VECTOR('',#1824,0.393700787401575);
#479=VECTOR('',#1827,0.393700787401575);
#480=VECTOR('',#1830,0.393700787401575);
#481=VECTOR('',#1835,0.393700787401575);
#482=VECTOR('',#1840,0.393700787401575);
#483=VECTOR('',#1843,0.393700787401575);
#484=VECTOR('',#1846,0.393700787401575);
#485=VECTOR('',#1847,0.393700787401575);
#486=VECTOR('',#1850,0.393700787401575);
#487=VECTOR('',#1853,0.393700787401575);
#488=VECTOR('',#1856,0.393700787401575);
#489=VECTOR('',#1861,0.393700787401575);
#490=VECTOR('',#1866,0.393700787401575);
#491=VECTOR('',#1869,0.393700787401575);
#492=VECTOR('',#1872,0.393700787401575);
#493=VECTOR('',#1875,0.393700787401575);
#494=VECTOR('',#1878,0.393700787401575);
#495=VECTOR('',#1879,0.393700787401575);
#496=VECTOR('',#1882,0.393700787401575);
#497=VECTOR('',#1883,0.393700787401575);
#498=VECTOR('',#1886,0.393700787401575);
#499=VECTOR('',#1887,0.393700787401575);
#500=VECTOR('',#1890,0.393700787401575);
#501=VECTOR('',#1893,0.393700787401575);
#502=VECTOR('',#1898,0.393700787401575);
#503=VECTOR('',#1901,0.393700787401575);
#504=VECTOR('',#1904,0.393700787401575);
#505=VECTOR('',#1907,0.393700787401575);
#506=VECTOR('',#1910,0.393700787401575);
#507=VECTOR('',#1913,0.393700787401575);
#508=VECTOR('',#1918,0.393700787401575);
#509=VECTOR('',#1919,0.393700787401575);
#510=VECTOR('',#1922,0.393700787401575);
#511=VECTOR('',#1925,0.393700787401575);
#512=VECTOR('',#1926,0.393700787401575);
#513=VECTOR('',#1929,0.393700787401575);
#514=VECTOR('',#1932,0.393700787401575);
#515=VECTOR('',#1935,0.393700787401575);
#516=VECTOR('',#1938,0.393700787401575);
#517=VECTOR('',#1939,0.393700787401575);
#518=VECTOR('',#1942,0.393700787401575);
#519=VECTOR('',#1945,0.393700787401575);
#520=VECTOR('',#1948,0.393700787401575);
#521=VECTOR('',#1951,0.393700787401575);
#522=VECTOR('',#1954,0.393700787401575);
#523=VECTOR('',#1957,0.393700787401575);
#524=VECTOR('',#1960,0.393700787401575);
#525=VECTOR('',#1963,0.393700787401575);
#526=VECTOR('',#1966,0.393700787401575);
#527=VECTOR('',#1969,0.393700787401575);
#528=VECTOR('',#1972,0.393700787401575);
#529=VECTOR('',#1975,0.393700787401575);
#530=VECTOR('',#1978,0.393700787401575);
#531=VECTOR('',#1981,0.393700787401575);
#532=VECTOR('',#1984,0.393700787401575);
#533=VECTOR('',#1989,0.393700787401575);
#534=VECTOR('',#1990,0.393700787401575);
#535=VECTOR('',#1993,0.393700787401575);
#536=VECTOR('',#1994,0.393700787401575);
#537=VECTOR('',#1997,0.393700787401575);
#538=VECTOR('',#2002,0.393700787401575);
#539=VECTOR('',#2003,0.393700787401575);
#540=VECTOR('',#2006,0.393700787401575);
#541=VECTOR('',#2009,0.393700787401575);
#542=VECTOR('',#2012,0.393700787401575);
#543=VECTOR('',#2015,0.393700787401575);
#544=VECTOR('',#2018,0.393700787401575);
#545=VECTOR('',#2021,0.393700787401575);
#546=VECTOR('',#2026,0.393700787401575);
#547=VECTOR('',#2029,0.393700787401575);
#548=VERTEX_POINT('',#2042);
#549=VERTEX_POINT('',#2043);
#550=VERTEX_POINT('',#2045);
#551=VERTEX_POINT('',#2047);
#552=VERTEX_POINT('',#2049);
#553=VERTEX_POINT('',#2051);
#554=VERTEX_POINT('',#2053);
#555=VERTEX_POINT('',#2055);
#556=VERTEX_POINT('',#2057);
#557=VERTEX_POINT('',#2059);
#558=VERTEX_POINT('',#2061);
#559=VERTEX_POINT('',#2063);
#560=VERTEX_POINT('',#2065);
#561=VERTEX_POINT('',#2067);
#562=VERTEX_POINT('',#2069);
#563=VERTEX_POINT('',#2071);
#564=VERTEX_POINT('',#2073);
#565=VERTEX_POINT('',#2075);
#566=VERTEX_POINT('',#2077);
#567=VERTEX_POINT('',#2079);
#568=VERTEX_POINT('',#2081);
#569=VERTEX_POINT('',#2083);
#570=VERTEX_POINT('',#2085);
#571=VERTEX_POINT('',#2087);
#572=VERTEX_POINT('',#2089);
#573=VERTEX_POINT('',#2091);
#574=VERTEX_POINT('',#2093);
#575=VERTEX_POINT('',#2095);
#576=VERTEX_POINT('',#2097);
#577=VERTEX_POINT('',#2099);
#578=VERTEX_POINT('',#2101);
#579=VERTEX_POINT('',#2103);
#580=VERTEX_POINT('',#2105);
#581=VERTEX_POINT('',#2107);
#582=VERTEX_POINT('',#2109);
#583=VERTEX_POINT('',#2111);
#584=VERTEX_POINT('',#2113);
#585=VERTEX_POINT('',#2115);
#586=VERTEX_POINT('',#2117);
#587=VERTEX_POINT('',#2119);
#588=VERTEX_POINT('',#2121);
#589=VERTEX_POINT('',#2123);
#590=VERTEX_POINT('',#2125);
#591=VERTEX_POINT('',#2127);
#592=VERTEX_POINT('',#2129);
#593=VERTEX_POINT('',#2131);
#594=VERTEX_POINT('',#2133);
#595=VERTEX_POINT('',#2135);
#596=VERTEX_POINT('',#2137);
#597=VERTEX_POINT('',#2139);
#598=VERTEX_POINT('',#2141);
#599=VERTEX_POINT('',#2143);
#600=VERTEX_POINT('',#2145);
#601=VERTEX_POINT('',#2147);
#602=VERTEX_POINT('',#2149);
#603=VERTEX_POINT('',#2151);
#604=VERTEX_POINT('',#2153);
#605=VERTEX_POINT('',#2155);
#606=VERTEX_POINT('',#2157);
#607=VERTEX_POINT('',#2159);
#608=VERTEX_POINT('',#2161);
#609=VERTEX_POINT('',#2163);
#610=VERTEX_POINT('',#2165);
#611=VERTEX_POINT('',#2167);
#612=VERTEX_POINT('',#2169);
#613=VERTEX_POINT('',#2171);
#614=VERTEX_POINT('',#2173);
#615=VERTEX_POINT('',#2175);
#616=VERTEX_POINT('',#2177);
#617=VERTEX_POINT('',#2179);
#618=VERTEX_POINT('',#2181);
#619=VERTEX_POINT('',#2185);
#620=VERTEX_POINT('',#2187);
#621=VERTEX_POINT('',#2191);
#622=VERTEX_POINT('',#2195);
#623=VERTEX_POINT('',#2197);
#624=VERTEX_POINT('',#2201);
#625=VERTEX_POINT('',#2203);
#626=VERTEX_POINT('',#2207);
#627=VERTEX_POINT('',#2211);
#628=VERTEX_POINT('',#2215);
#629=VERTEX_POINT('',#2219);
#630=VERTEX_POINT('',#2223);
#631=VERTEX_POINT('',#2227);
#632=VERTEX_POINT('',#2231);
#633=VERTEX_POINT('',#2235);
#634=VERTEX_POINT('',#2239);
#635=VERTEX_POINT('',#2243);
#636=VERTEX_POINT('',#2251);
#637=VERTEX_POINT('',#2253);
#638=VERTEX_POINT('',#2255);
#639=VERTEX_POINT('',#2257);
#640=VERTEX_POINT('',#2259);
#641=VERTEX_POINT('',#2261);
#642=VERTEX_POINT('',#2263);
#643=VERTEX_POINT('',#2265);
#644=VERTEX_POINT('',#2267);
#645=VERTEX_POINT('',#2269);
#646=VERTEX_POINT('',#2271);
#647=VERTEX_POINT('',#2273);
#648=VERTEX_POINT('',#2275);
#649=VERTEX_POINT('',#2277);
#650=VERTEX_POINT('',#2279);
#651=VERTEX_POINT('',#2281);
#652=VERTEX_POINT('',#2283);
#653=VERTEX_POINT('',#2285);
#654=VERTEX_POINT('',#2287);
#655=VERTEX_POINT('',#2289);
#656=VERTEX_POINT('',#2291);
#657=VERTEX_POINT('',#2293);
#658=VERTEX_POINT('',#2295);
#659=VERTEX_POINT('',#2297);
#660=VERTEX_POINT('',#2299);
#661=VERTEX_POINT('',#2301);
#662=VERTEX_POINT('',#2303);
#663=VERTEX_POINT('',#2305);
#664=VERTEX_POINT('',#2307);
#665=VERTEX_POINT('',#2309);
#666=VERTEX_POINT('',#2311);
#667=VERTEX_POINT('',#2313);
#668=VERTEX_POINT('',#2315);
#669=VERTEX_POINT('',#2317);
#670=VERTEX_POINT('',#2319);
#671=VERTEX_POINT('',#2321);
#672=VERTEX_POINT('',#2323);
#673=VERTEX_POINT('',#2325);
#674=VERTEX_POINT('',#2327);
#675=VERTEX_POINT('',#2329);
#676=VERTEX_POINT('',#2331);
#677=VERTEX_POINT('',#2333);
#678=VERTEX_POINT('',#2335);
#679=VERTEX_POINT('',#2337);
#680=VERTEX_POINT('',#2339);
#681=VERTEX_POINT('',#2341);
#682=VERTEX_POINT('',#2343);
#683=VERTEX_POINT('',#2345);
#684=VERTEX_POINT('',#2347);
#685=VERTEX_POINT('',#2349);
#686=VERTEX_POINT('',#2351);
#687=VERTEX_POINT('',#2353);
#688=VERTEX_POINT('',#2355);
#689=VERTEX_POINT('',#2357);
#690=EDGE_CURVE('',#548,#549,#278,.T.);
#691=EDGE_CURVE('',#549,#550,#279,.T.);
#692=EDGE_CURVE('',#550,#551,#200,.T.);
#693=EDGE_CURVE('',#551,#552,#201,.T.);
#694=EDGE_CURVE('',#552,#553,#280,.T.);
#695=EDGE_CURVE('',#553,#554,#202,.T.);
#696=EDGE_CURVE('',#554,#555,#203,.T.);
#697=EDGE_CURVE('',#555,#556,#204,.T.);
#698=EDGE_CURVE('',#556,#557,#281,.T.);
#699=EDGE_CURVE('',#557,#558,#205,.T.);
#700=EDGE_CURVE('',#558,#559,#206,.T.);
#701=EDGE_CURVE('',#559,#560,#207,.T.);
#702=EDGE_CURVE('',#560,#561,#282,.T.);
#703=EDGE_CURVE('',#561,#562,#208,.T.);
#704=EDGE_CURVE('',#562,#563,#209,.T.);
#705=EDGE_CURVE('',#563,#564,#283,.T.);
#706=EDGE_CURVE('',#564,#565,#210,.T.);
#707=EDGE_CURVE('',#565,#566,#284,.T.);
#708=EDGE_CURVE('',#566,#567,#211,.T.);
#709=EDGE_CURVE('',#567,#568,#285,.T.);
#710=EDGE_CURVE('',#568,#569,#212,.T.);
#711=EDGE_CURVE('',#569,#570,#286,.T.);
#712=EDGE_CURVE('',#570,#571,#213,.T.);
#713=EDGE_CURVE('',#571,#572,#214,.T.);
#714=EDGE_CURVE('',#572,#573,#287,.T.);
#715=EDGE_CURVE('',#573,#574,#215,.T.);
#716=EDGE_CURVE('',#574,#575,#216,.T.);
#717=EDGE_CURVE('',#575,#576,#288,.T.);
#718=EDGE_CURVE('',#576,#577,#217,.T.);
#719=EDGE_CURVE('',#577,#578,#289,.T.);
#720=EDGE_CURVE('',#578,#579,#218,.T.);
#721=EDGE_CURVE('',#579,#580,#290,.T.);
#722=EDGE_CURVE('',#580,#581,#219,.T.);
#723=EDGE_CURVE('',#581,#582,#291,.T.);
#724=EDGE_CURVE('',#582,#583,#292,.T.);
#725=EDGE_CURVE('',#583,#584,#220,.T.);
#726=EDGE_CURVE('',#584,#585,#293,.T.);
#727=EDGE_CURVE('',#585,#586,#221,.T.);
#728=EDGE_CURVE('',#586,#587,#294,.T.);
#729=EDGE_CURVE('',#587,#588,#222,.T.);
#730=EDGE_CURVE('',#588,#589,#223,.T.);
#731=EDGE_CURVE('',#589,#590,#295,.T.);
#732=EDGE_CURVE('',#590,#591,#224,.T.);
#733=EDGE_CURVE('',#591,#592,#225,.T.);
#734=EDGE_CURVE('',#592,#593,#296,.T.);
#735=EDGE_CURVE('',#593,#594,#226,.T.);
#736=EDGE_CURVE('',#594,#595,#297,.T.);
#737=EDGE_CURVE('',#595,#596,#227,.T.);
#738=EDGE_CURVE('',#596,#597,#298,.T.);
#739=EDGE_CURVE('',#597,#598,#228,.T.);
#740=EDGE_CURVE('',#598,#599,#299,.T.);
#741=EDGE_CURVE('',#599,#600,#229,.T.);
#742=EDGE_CURVE('',#600,#601,#300,.T.);
#743=EDGE_CURVE('',#601,#602,#301,.T.);
#744=EDGE_CURVE('',#602,#603,#230,.T.);
#745=EDGE_CURVE('',#603,#604,#302,.T.);
#746=EDGE_CURVE('',#604,#605,#231,.T.);
#747=EDGE_CURVE('',#605,#606,#303,.T.);
#748=EDGE_CURVE('',#606,#607,#232,.T.);
#749=EDGE_CURVE('',#607,#608,#304,.T.);
#750=EDGE_CURVE('',#608,#609,#233,.T.);
#751=EDGE_CURVE('',#609,#610,#305,.T.);
#752=EDGE_CURVE('',#610,#611,#234,.T.);
#753=EDGE_CURVE('',#611,#612,#306,.T.);
#754=EDGE_CURVE('',#612,#613,#235,.T.);
#755=EDGE_CURVE('',#613,#614,#307,.T.);
#756=EDGE_CURVE('',#614,#615,#236,.T.);
#757=EDGE_CURVE('',#615,#616,#308,.T.);
#758=EDGE_CURVE('',#616,#617,#237,.T.);
#759=EDGE_CURVE('',#617,#618,#309,.T.);
#760=EDGE_CURVE('',#618,#548,#238,.T.);
#761=EDGE_CURVE('',#618,#619,#310,.T.);
#762=EDGE_CURVE('',#620,#619,#239,.T.);
#763=EDGE_CURVE('',#620,#548,#311,.T.);
#764=EDGE_CURVE('',#621,#620,#312,.T.);
#765=EDGE_CURVE('',#549,#621,#313,.T.);
#766=EDGE_CURVE('',#622,#563,#314,.T.);
#767=EDGE_CURVE('',#623,#562,#315,.T.);
#768=EDGE_CURVE('',#623,#622,#240,.T.);
#769=EDGE_CURVE('',#624,#550,#316,.T.);
#770=EDGE_CURVE('',#624,#625,#241,.T.);
#771=EDGE_CURVE('',#625,#551,#317,.T.);
#772=EDGE_CURVE('',#625,#626,#242,.T.);
#773=EDGE_CURVE('',#626,#552,#318,.T.);
#774=EDGE_CURVE('',#627,#626,#319,.T.);
#775=EDGE_CURVE('',#627,#553,#320,.T.);
#776=EDGE_CURVE('',#627,#628,#243,.T.);
#777=EDGE_CURVE('',#628,#554,#321,.T.);
#778=EDGE_CURVE('',#629,#628,#244,.T.);
#779=EDGE_CURVE('',#629,#555,#322,.T.);
#780=EDGE_CURVE('',#630,#629,#245,.T.);
#781=EDGE_CURVE('',#630,#556,#323,.T.);
#782=EDGE_CURVE('',#630,#631,#324,.T.);
#783=EDGE_CURVE('',#631,#557,#325,.T.);
#784=EDGE_CURVE('',#632,#631,#246,.T.);
#785=EDGE_CURVE('',#632,#558,#326,.T.);
#786=EDGE_CURVE('',#633,#632,#247,.T.);
#787=EDGE_CURVE('',#633,#559,#327,.T.);
#788=EDGE_CURVE('',#633,#634,#248,.T.);
#789=EDGE_CURVE('',#634,#560,#328,.T.);
#790=EDGE_CURVE('',#635,#634,#329,.T.);
#791=EDGE_CURVE('',#635,#561,#330,.T.);
#792=EDGE_CURVE('',#635,#623,#249,.T.);
#793=EDGE_CURVE('',#624,#621,#331,.T.);
#794=EDGE_CURVE('',#619,#636,#332,.T.);
#795=EDGE_CURVE('',#636,#637,#250,.T.);
#796=EDGE_CURVE('',#637,#638,#333,.T.);
#797=EDGE_CURVE('',#639,#638,#251,.T.);
#798=EDGE_CURVE('',#640,#639,#334,.T.);
#799=EDGE_CURVE('',#640,#641,#252,.T.);
#800=EDGE_CURVE('',#641,#642,#335,.T.);
#801=EDGE_CURVE('',#642,#643,#253,.T.);
#802=EDGE_CURVE('',#643,#644,#336,.T.);
#803=EDGE_CURVE('',#644,#645,#254,.T.);
#804=EDGE_CURVE('',#646,#645,#337,.T.);
#805=EDGE_CURVE('',#646,#647,#255,.T.);
#806=EDGE_CURVE('',#648,#647,#338,.T.);
#807=EDGE_CURVE('',#649,#648,#256,.T.);
#808=EDGE_CURVE('',#649,#650,#339,.T.);
#809=EDGE_CURVE('',#650,#651,#257,.T.);
#810=EDGE_CURVE('',#652,#651,#340,.T.);
#811=EDGE_CURVE('',#653,#652,#341,.T.);
#812=EDGE_CURVE('',#653,#654,#258,.T.);
#813=EDGE_CURVE('',#654,#655,#342,.T.);
#814=EDGE_CURVE('',#656,#655,#259,.T.);
#815=EDGE_CURVE('',#656,#657,#343,.T.);
#816=EDGE_CURVE('',#658,#657,#260,.T.);
#817=EDGE_CURVE('',#658,#659,#344,.T.);
#818=EDGE_CURVE('',#659,#660,#261,.F.);
#819=EDGE_CURVE('',#660,#661,#345,.T.);
#820=EDGE_CURVE('',#661,#662,#262,.T.);
#821=EDGE_CURVE('',#663,#662,#263,.T.);
#822=EDGE_CURVE('',#664,#663,#346,.T.);
#823=EDGE_CURVE('',#665,#664,#264,.T.);
#824=EDGE_CURVE('',#665,#666,#265,.T.);
#825=EDGE_CURVE('',#667,#666,#347,.T.);
#826=EDGE_CURVE('',#667,#668,#266,.T.);
#827=EDGE_CURVE('',#668,#669,#348,.T.);
#828=EDGE_CURVE('',#670,#669,#267,.T.);
#829=EDGE_CURVE('',#671,#670,#349,.T.);
#830=EDGE_CURVE('',#672,#671,#350,.T.);
#831=EDGE_CURVE('',#673,#672,#268,.T.);
#832=EDGE_CURVE('',#674,#673,#351,.T.);
#833=EDGE_CURVE('',#674,#675,#269,.T.);
#834=EDGE_CURVE('',#676,#675,#352,.T.);
#835=EDGE_CURVE('',#676,#677,#270,.T.);
#836=EDGE_CURVE('',#677,#678,#353,.T.);
#837=EDGE_CURVE('',#679,#678,#271,.T.);
#838=EDGE_CURVE('',#680,#679,#272,.T.);
#839=EDGE_CURVE('',#681,#680,#354,.T.);
#840=EDGE_CURVE('',#682,#681,#273,.T.);
#841=EDGE_CURVE('',#683,#682,#274,.T.);
#842=EDGE_CURVE('',#684,#683,#355,.T.);
#843=EDGE_CURVE('',#684,#685,#275,.T.);
#844=EDGE_CURVE('',#685,#686,#356,.T.);
#845=EDGE_CURVE('',#686,#687,#276,.T.);
#846=EDGE_CURVE('',#687,#688,#357,.T.);
#847=EDGE_CURVE('',#689,#688,#277,.T.);
#848=EDGE_CURVE('',#689,#622,#358,.T.);
#849=EDGE_CURVE('',#660,#593,#359,.T.);
#850=EDGE_CURVE('',#659,#594,#360,.T.);
#851=EDGE_CURVE('',#667,#586,#361,.T.);
#852=EDGE_CURVE('',#668,#585,#362,.T.);
#853=EDGE_CURVE('',#657,#596,#363,.T.);
#854=EDGE_CURVE('',#656,#597,#364,.T.);
#855=EDGE_CURVE('',#655,#598,#365,.T.);
#856=EDGE_CURVE('',#658,#595,#366,.T.);
#857=EDGE_CURVE('',#666,#587,#367,.T.);
#858=EDGE_CURVE('',#661,#592,#368,.T.);
#859=EDGE_CURVE('',#662,#591,#369,.T.);
#860=EDGE_CURVE('',#663,#590,#370,.T.);
#861=EDGE_CURVE('',#664,#589,#371,.T.);
#862=EDGE_CURVE('',#665,#588,#372,.T.);
#863=EDGE_CURVE('',#652,#601,#373,.T.);
#864=EDGE_CURVE('',#653,#600,#374,.T.);
#865=EDGE_CURVE('',#654,#599,#375,.T.);
#866=EDGE_CURVE('',#670,#583,#376,.T.);
#867=EDGE_CURVE('',#669,#584,#377,.T.);
#868=EDGE_CURVE('',#671,#582,#378,.T.);
#869=EDGE_CURVE('',#651,#602,#379,.T.);
#870=EDGE_CURVE('',#689,#564,#380,.T.);
#871=EDGE_CURVE('',#673,#580,#381,.T.);
#872=EDGE_CURVE('',#672,#581,#382,.T.);
#873=EDGE_CURVE('',#674,#579,#383,.T.);
#874=EDGE_CURVE('',#675,#578,#384,.T.);
#875=EDGE_CURVE('',#676,#577,#385,.T.);
#876=EDGE_CURVE('',#677,#576,#386,.T.);
#877=EDGE_CURVE('',#678,#575,#387,.T.);
#878=EDGE_CURVE('',#679,#574,#388,.T.);
#879=EDGE_CURVE('',#680,#573,#389,.T.);
#880=EDGE_CURVE('',#681,#572,#390,.T.);
#881=EDGE_CURVE('',#682,#571,#391,.T.);
#882=EDGE_CURVE('',#683,#570,#392,.T.);
#883=EDGE_CURVE('',#684,#569,#393,.T.);
#884=EDGE_CURVE('',#685,#568,#394,.T.);
#885=EDGE_CURVE('',#686,#567,#395,.T.);
#886=EDGE_CURVE('',#687,#566,#396,.T.);
#887=EDGE_CURVE('',#688,#565,#397,.T.);
#888=EDGE_CURVE('',#640,#613,#398,.T.);
#889=EDGE_CURVE('',#639,#614,#399,.T.);
#890=EDGE_CURVE('',#637,#616,#400,.T.);
#891=EDGE_CURVE('',#636,#617,#401,.T.);
#892=EDGE_CURVE('',#638,#615,#402,.T.);
#893=EDGE_CURVE('',#648,#605,#403,.T.);
#894=EDGE_CURVE('',#647,#606,#404,.T.);
#895=EDGE_CURVE('',#641,#612,#405,.T.);
#896=EDGE_CURVE('',#642,#611,#406,.T.);
#897=EDGE_CURVE('',#643,#610,#407,.T.);
#898=EDGE_CURVE('',#644,#609,#408,.T.);
#899=EDGE_CURVE('',#645,#608,#409,.T.);
#900=EDGE_CURVE('',#646,#607,#410,.T.);
#901=EDGE_CURVE('',#649,#604,#411,.T.);
#902=EDGE_CURVE('',#650,#603,#412,.T.);
#903=ORIENTED_EDGE('',*,*,#690,.T.);
#904=ORIENTED_EDGE('',*,*,#691,.T.);
#905=ORIENTED_EDGE('',*,*,#692,.T.);
#906=ORIENTED_EDGE('',*,*,#693,.T.);
#907=ORIENTED_EDGE('',*,*,#694,.T.);
#908=ORIENTED_EDGE('',*,*,#695,.T.);
#909=ORIENTED_EDGE('',*,*,#696,.T.);
#910=ORIENTED_EDGE('',*,*,#697,.T.);
#911=ORIENTED_EDGE('',*,*,#698,.T.);
#912=ORIENTED_EDGE('',*,*,#699,.T.);
#913=ORIENTED_EDGE('',*,*,#700,.T.);
#914=ORIENTED_EDGE('',*,*,#701,.T.);
#915=ORIENTED_EDGE('',*,*,#702,.T.);
#916=ORIENTED_EDGE('',*,*,#703,.T.);
#917=ORIENTED_EDGE('',*,*,#704,.T.);
#918=ORIENTED_EDGE('',*,*,#705,.T.);
#919=ORIENTED_EDGE('',*,*,#706,.T.);
#920=ORIENTED_EDGE('',*,*,#707,.T.);
#921=ORIENTED_EDGE('',*,*,#708,.T.);
#922=ORIENTED_EDGE('',*,*,#709,.T.);
#923=ORIENTED_EDGE('',*,*,#710,.T.);
#924=ORIENTED_EDGE('',*,*,#711,.T.);
#925=ORIENTED_EDGE('',*,*,#712,.T.);
#926=ORIENTED_EDGE('',*,*,#713,.T.);
#927=ORIENTED_EDGE('',*,*,#714,.T.);
#928=ORIENTED_EDGE('',*,*,#715,.T.);
#929=ORIENTED_EDGE('',*,*,#716,.T.);
#930=ORIENTED_EDGE('',*,*,#717,.T.);
#931=ORIENTED_EDGE('',*,*,#718,.T.);
#932=ORIENTED_EDGE('',*,*,#719,.T.);
#933=ORIENTED_EDGE('',*,*,#720,.T.);
#934=ORIENTED_EDGE('',*,*,#721,.T.);
#935=ORIENTED_EDGE('',*,*,#722,.T.);
#936=ORIENTED_EDGE('',*,*,#723,.T.);
#937=ORIENTED_EDGE('',*,*,#724,.T.);
#938=ORIENTED_EDGE('',*,*,#725,.T.);
#939=ORIENTED_EDGE('',*,*,#726,.T.);
#940=ORIENTED_EDGE('',*,*,#727,.T.);
#941=ORIENTED_EDGE('',*,*,#728,.T.);
#942=ORIENTED_EDGE('',*,*,#729,.T.);
#943=ORIENTED_EDGE('',*,*,#730,.T.);
#944=ORIENTED_EDGE('',*,*,#731,.T.);
#945=ORIENTED_EDGE('',*,*,#732,.T.);
#946=ORIENTED_EDGE('',*,*,#733,.T.);
#947=ORIENTED_EDGE('',*,*,#734,.T.);
#948=ORIENTED_EDGE('',*,*,#735,.T.);
#949=ORIENTED_EDGE('',*,*,#736,.T.);
#950=ORIENTED_EDGE('',*,*,#737,.T.);
#951=ORIENTED_EDGE('',*,*,#738,.T.);
#952=ORIENTED_EDGE('',*,*,#739,.T.);
#953=ORIENTED_EDGE('',*,*,#740,.T.);
#954=ORIENTED_EDGE('',*,*,#741,.T.);
#955=ORIENTED_EDGE('',*,*,#742,.T.);
#956=ORIENTED_EDGE('',*,*,#743,.T.);
#957=ORIENTED_EDGE('',*,*,#744,.T.);
#958=ORIENTED_EDGE('',*,*,#745,.T.);
#959=ORIENTED_EDGE('',*,*,#746,.T.);
#960=ORIENTED_EDGE('',*,*,#747,.T.);
#961=ORIENTED_EDGE('',*,*,#748,.T.);
#962=ORIENTED_EDGE('',*,*,#749,.T.);
#963=ORIENTED_EDGE('',*,*,#750,.T.);
#964=ORIENTED_EDGE('',*,*,#751,.T.);
#965=ORIENTED_EDGE('',*,*,#752,.T.);
#966=ORIENTED_EDGE('',*,*,#753,.T.);
#967=ORIENTED_EDGE('',*,*,#754,.T.);
#968=ORIENTED_EDGE('',*,*,#755,.T.);
#969=ORIENTED_EDGE('',*,*,#756,.T.);
#970=ORIENTED_EDGE('',*,*,#757,.T.);
#971=ORIENTED_EDGE('',*,*,#758,.T.);
#972=ORIENTED_EDGE('',*,*,#759,.T.);
#973=ORIENTED_EDGE('',*,*,#760,.T.);
#974=ORIENTED_EDGE('',*,*,#761,.T.);
#975=ORIENTED_EDGE('',*,*,#762,.F.);
#976=ORIENTED_EDGE('',*,*,#763,.T.);
#977=ORIENTED_EDGE('',*,*,#760,.F.);
#978=ORIENTED_EDGE('',*,*,#763,.F.);
#979=ORIENTED_EDGE('',*,*,#764,.F.);
#980=ORIENTED_EDGE('',*,*,#765,.F.);
#981=ORIENTED_EDGE('',*,*,#690,.F.);
#982=ORIENTED_EDGE('',*,*,#766,.T.);
#983=ORIENTED_EDGE('',*,*,#704,.F.);
#984=ORIENTED_EDGE('',*,*,#767,.F.);
#985=ORIENTED_EDGE('',*,*,#768,.T.);
#986=ORIENTED_EDGE('',*,*,#769,.F.);
#987=ORIENTED_EDGE('',*,*,#770,.T.);
#988=ORIENTED_EDGE('',*,*,#771,.T.);
#989=ORIENTED_EDGE('',*,*,#692,.F.);
#990=ORIENTED_EDGE('',*,*,#771,.F.);
#991=ORIENTED_EDGE('',*,*,#772,.T.);
#992=ORIENTED_EDGE('',*,*,#773,.T.);
#993=ORIENTED_EDGE('',*,*,#693,.F.);
#994=ORIENTED_EDGE('',*,*,#773,.F.);
#995=ORIENTED_EDGE('',*,*,#774,.F.);
#996=ORIENTED_EDGE('',*,*,#775,.T.);
#997=ORIENTED_EDGE('',*,*,#694,.F.);
#998=ORIENTED_EDGE('',*,*,#775,.F.);
#999=ORIENTED_EDGE('',*,*,#776,.T.);
#1000=ORIENTED_EDGE('',*,*,#777,.T.);
#1001=ORIENTED_EDGE('',*,*,#695,.F.);
#1002=ORIENTED_EDGE('',*,*,#777,.F.);
#1003=ORIENTED_EDGE('',*,*,#778,.F.);
#1004=ORIENTED_EDGE('',*,*,#779,.T.);
#1005=ORIENTED_EDGE('',*,*,#696,.F.);
#1006=ORIENTED_EDGE('',*,*,#779,.F.);
#1007=ORIENTED_EDGE('',*,*,#780,.F.);
#1008=ORIENTED_EDGE('',*,*,#781,.T.);
#1009=ORIENTED_EDGE('',*,*,#697,.F.);
#1010=ORIENTED_EDGE('',*,*,#781,.F.);
#1011=ORIENTED_EDGE('',*,*,#782,.T.);
#1012=ORIENTED_EDGE('',*,*,#783,.T.);
#1013=ORIENTED_EDGE('',*,*,#698,.F.);
#1014=ORIENTED_EDGE('',*,*,#783,.F.);
#1015=ORIENTED_EDGE('',*,*,#784,.F.);
#1016=ORIENTED_EDGE('',*,*,#785,.T.);
#1017=ORIENTED_EDGE('',*,*,#699,.F.);
#1018=ORIENTED_EDGE('',*,*,#785,.F.);
#1019=ORIENTED_EDGE('',*,*,#786,.F.);
#1020=ORIENTED_EDGE('',*,*,#787,.T.);
#1021=ORIENTED_EDGE('',*,*,#700,.F.);
#1022=ORIENTED_EDGE('',*,*,#787,.F.);
#1023=ORIENTED_EDGE('',*,*,#788,.T.);
#1024=ORIENTED_EDGE('',*,*,#789,.T.);
#1025=ORIENTED_EDGE('',*,*,#701,.F.);
#1026=ORIENTED_EDGE('',*,*,#789,.F.);
#1027=ORIENTED_EDGE('',*,*,#790,.F.);
#1028=ORIENTED_EDGE('',*,*,#791,.T.);
#1029=ORIENTED_EDGE('',*,*,#702,.F.);
#1030=ORIENTED_EDGE('',*,*,#791,.F.);
#1031=ORIENTED_EDGE('',*,*,#792,.T.);
#1032=ORIENTED_EDGE('',*,*,#767,.T.);
#1033=ORIENTED_EDGE('',*,*,#703,.F.);
#1034=ORIENTED_EDGE('',*,*,#765,.T.);
#1035=ORIENTED_EDGE('',*,*,#793,.F.);
#1036=ORIENTED_EDGE('',*,*,#769,.T.);
#1037=ORIENTED_EDGE('',*,*,#691,.F.);
#1038=ORIENTED_EDGE('',*,*,#764,.T.);
#1039=ORIENTED_EDGE('',*,*,#762,.T.);
#1040=ORIENTED_EDGE('',*,*,#794,.T.);
#1041=ORIENTED_EDGE('',*,*,#795,.T.);
#1042=ORIENTED_EDGE('',*,*,#796,.T.);
#1043=ORIENTED_EDGE('',*,*,#797,.F.);
#1044=ORIENTED_EDGE('',*,*,#798,.F.);
#1045=ORIENTED_EDGE('',*,*,#799,.T.);
#1046=ORIENTED_EDGE('',*,*,#800,.T.);
#1047=ORIENTED_EDGE('',*,*,#801,.T.);
#1048=ORIENTED_EDGE('',*,*,#802,.T.);
#1049=ORIENTED_EDGE('',*,*,#803,.T.);
#1050=ORIENTED_EDGE('',*,*,#804,.F.);
#1051=ORIENTED_EDGE('',*,*,#805,.T.);
#1052=ORIENTED_EDGE('',*,*,#806,.F.);
#1053=ORIENTED_EDGE('',*,*,#807,.F.);
#1054=ORIENTED_EDGE('',*,*,#808,.T.);
#1055=ORIENTED_EDGE('',*,*,#809,.T.);
#1056=ORIENTED_EDGE('',*,*,#810,.F.);
#1057=ORIENTED_EDGE('',*,*,#811,.F.);
#1058=ORIENTED_EDGE('',*,*,#812,.T.);
#1059=ORIENTED_EDGE('',*,*,#813,.T.);
#1060=ORIENTED_EDGE('',*,*,#814,.F.);
#1061=ORIENTED_EDGE('',*,*,#815,.T.);
#1062=ORIENTED_EDGE('',*,*,#816,.F.);
#1063=ORIENTED_EDGE('',*,*,#817,.T.);
#1064=ORIENTED_EDGE('',*,*,#818,.T.);
#1065=ORIENTED_EDGE('',*,*,#819,.T.);
#1066=ORIENTED_EDGE('',*,*,#820,.T.);
#1067=ORIENTED_EDGE('',*,*,#821,.F.);
#1068=ORIENTED_EDGE('',*,*,#822,.F.);
#1069=ORIENTED_EDGE('',*,*,#823,.F.);
#1070=ORIENTED_EDGE('',*,*,#824,.T.);
#1071=ORIENTED_EDGE('',*,*,#825,.F.);
#1072=ORIENTED_EDGE('',*,*,#826,.T.);
#1073=ORIENTED_EDGE('',*,*,#827,.T.);
#1074=ORIENTED_EDGE('',*,*,#828,.F.);
#1075=ORIENTED_EDGE('',*,*,#829,.F.);
#1076=ORIENTED_EDGE('',*,*,#830,.F.);
#1077=ORIENTED_EDGE('',*,*,#831,.F.);
#1078=ORIENTED_EDGE('',*,*,#832,.F.);
#1079=ORIENTED_EDGE('',*,*,#833,.T.);
#1080=ORIENTED_EDGE('',*,*,#834,.F.);
#1081=ORIENTED_EDGE('',*,*,#835,.T.);
#1082=ORIENTED_EDGE('',*,*,#836,.T.);
#1083=ORIENTED_EDGE('',*,*,#837,.F.);
#1084=ORIENTED_EDGE('',*,*,#838,.F.);
#1085=ORIENTED_EDGE('',*,*,#839,.F.);
#1086=ORIENTED_EDGE('',*,*,#840,.F.);
#1087=ORIENTED_EDGE('',*,*,#841,.F.);
#1088=ORIENTED_EDGE('',*,*,#842,.F.);
#1089=ORIENTED_EDGE('',*,*,#843,.T.);
#1090=ORIENTED_EDGE('',*,*,#844,.T.);
#1091=ORIENTED_EDGE('',*,*,#845,.T.);
#1092=ORIENTED_EDGE('',*,*,#846,.T.);
#1093=ORIENTED_EDGE('',*,*,#847,.F.);
#1094=ORIENTED_EDGE('',*,*,#848,.T.);
#1095=ORIENTED_EDGE('',*,*,#768,.F.);
#1096=ORIENTED_EDGE('',*,*,#792,.F.);
#1097=ORIENTED_EDGE('',*,*,#790,.T.);
#1098=ORIENTED_EDGE('',*,*,#788,.F.);
#1099=ORIENTED_EDGE('',*,*,#786,.T.);
#1100=ORIENTED_EDGE('',*,*,#784,.T.);
#1101=ORIENTED_EDGE('',*,*,#782,.F.);
#1102=ORIENTED_EDGE('',*,*,#780,.T.);
#1103=ORIENTED_EDGE('',*,*,#778,.T.);
#1104=ORIENTED_EDGE('',*,*,#776,.F.);
#1105=ORIENTED_EDGE('',*,*,#774,.T.);
#1106=ORIENTED_EDGE('',*,*,#772,.F.);
#1107=ORIENTED_EDGE('',*,*,#770,.F.);
#1108=ORIENTED_EDGE('',*,*,#793,.T.);
#1109=ORIENTED_EDGE('',*,*,#849,.F.);
#1110=ORIENTED_EDGE('',*,*,#818,.F.);
#1111=ORIENTED_EDGE('',*,*,#850,.T.);
#1112=ORIENTED_EDGE('',*,*,#735,.F.);
#1113=ORIENTED_EDGE('',*,*,#826,.F.);
#1114=ORIENTED_EDGE('',*,*,#851,.T.);
#1115=ORIENTED_EDGE('',*,*,#727,.F.);
#1116=ORIENTED_EDGE('',*,*,#852,.F.);
#1117=ORIENTED_EDGE('',*,*,#853,.F.);
#1118=ORIENTED_EDGE('',*,*,#815,.F.);
#1119=ORIENTED_EDGE('',*,*,#854,.T.);
#1120=ORIENTED_EDGE('',*,*,#738,.F.);
#1121=ORIENTED_EDGE('',*,*,#814,.T.);
#1122=ORIENTED_EDGE('',*,*,#855,.T.);
#1123=ORIENTED_EDGE('',*,*,#739,.F.);
#1124=ORIENTED_EDGE('',*,*,#854,.F.);
#1125=ORIENTED_EDGE('',*,*,#850,.F.);
#1126=ORIENTED_EDGE('',*,*,#817,.F.);
#1127=ORIENTED_EDGE('',*,*,#856,.T.);
#1128=ORIENTED_EDGE('',*,*,#736,.F.);
#1129=ORIENTED_EDGE('',*,*,#816,.T.);
#1130=ORIENTED_EDGE('',*,*,#853,.T.);
#1131=ORIENTED_EDGE('',*,*,#737,.F.);
#1132=ORIENTED_EDGE('',*,*,#856,.F.);
#1133=ORIENTED_EDGE('',*,*,#825,.T.);
#1134=ORIENTED_EDGE('',*,*,#857,.T.);
#1135=ORIENTED_EDGE('',*,*,#728,.F.);
#1136=ORIENTED_EDGE('',*,*,#851,.F.);
#1137=ORIENTED_EDGE('',*,*,#849,.T.);
#1138=ORIENTED_EDGE('',*,*,#734,.F.);
#1139=ORIENTED_EDGE('',*,*,#858,.F.);
#1140=ORIENTED_EDGE('',*,*,#819,.F.);
#1141=ORIENTED_EDGE('',*,*,#820,.F.);
#1142=ORIENTED_EDGE('',*,*,#858,.T.);
#1143=ORIENTED_EDGE('',*,*,#733,.F.);
#1144=ORIENTED_EDGE('',*,*,#859,.F.);
#1145=ORIENTED_EDGE('',*,*,#821,.T.);
#1146=ORIENTED_EDGE('',*,*,#859,.T.);
#1147=ORIENTED_EDGE('',*,*,#732,.F.);
#1148=ORIENTED_EDGE('',*,*,#860,.F.);
#1149=ORIENTED_EDGE('',*,*,#822,.T.);
#1150=ORIENTED_EDGE('',*,*,#860,.T.);
#1151=ORIENTED_EDGE('',*,*,#731,.F.);
#1152=ORIENTED_EDGE('',*,*,#861,.F.);
#1153=ORIENTED_EDGE('',*,*,#823,.T.);
#1154=ORIENTED_EDGE('',*,*,#861,.T.);
#1155=ORIENTED_EDGE('',*,*,#730,.F.);
#1156=ORIENTED_EDGE('',*,*,#862,.F.);
#1157=ORIENTED_EDGE('',*,*,#824,.F.);
#1158=ORIENTED_EDGE('',*,*,#862,.T.);
#1159=ORIENTED_EDGE('',*,*,#729,.F.);
#1160=ORIENTED_EDGE('',*,*,#857,.F.);
#1161=ORIENTED_EDGE('',*,*,#811,.T.);
#1162=ORIENTED_EDGE('',*,*,#863,.T.);
#1163=ORIENTED_EDGE('',*,*,#742,.F.);
#1164=ORIENTED_EDGE('',*,*,#864,.F.);
#1165=ORIENTED_EDGE('',*,*,#865,.F.);
#1166=ORIENTED_EDGE('',*,*,#812,.F.);
#1167=ORIENTED_EDGE('',*,*,#864,.T.);
#1168=ORIENTED_EDGE('',*,*,#741,.F.);
#1169=ORIENTED_EDGE('',*,*,#866,.F.);
#1170=ORIENTED_EDGE('',*,*,#828,.T.);
#1171=ORIENTED_EDGE('',*,*,#867,.T.);
#1172=ORIENTED_EDGE('',*,*,#725,.F.);
#1173=ORIENTED_EDGE('',*,*,#868,.F.);
#1174=ORIENTED_EDGE('',*,*,#829,.T.);
#1175=ORIENTED_EDGE('',*,*,#866,.T.);
#1176=ORIENTED_EDGE('',*,*,#724,.F.);
#1177=ORIENTED_EDGE('',*,*,#863,.F.);
#1178=ORIENTED_EDGE('',*,*,#810,.T.);
#1179=ORIENTED_EDGE('',*,*,#869,.T.);
#1180=ORIENTED_EDGE('',*,*,#743,.F.);
#1181=ORIENTED_EDGE('',*,*,#848,.F.);
#1182=ORIENTED_EDGE('',*,*,#870,.T.);
#1183=ORIENTED_EDGE('',*,*,#705,.F.);
#1184=ORIENTED_EDGE('',*,*,#766,.F.);
#1185=ORIENTED_EDGE('',*,*,#871,.F.);
#1186=ORIENTED_EDGE('',*,*,#831,.T.);
#1187=ORIENTED_EDGE('',*,*,#872,.T.);
#1188=ORIENTED_EDGE('',*,*,#722,.F.);
#1189=ORIENTED_EDGE('',*,*,#873,.F.);
#1190=ORIENTED_EDGE('',*,*,#832,.T.);
#1191=ORIENTED_EDGE('',*,*,#871,.T.);
#1192=ORIENTED_EDGE('',*,*,#721,.F.);
#1193=ORIENTED_EDGE('',*,*,#874,.F.);
#1194=ORIENTED_EDGE('',*,*,#833,.F.);
#1195=ORIENTED_EDGE('',*,*,#873,.T.);
#1196=ORIENTED_EDGE('',*,*,#720,.F.);
#1197=ORIENTED_EDGE('',*,*,#875,.F.);
#1198=ORIENTED_EDGE('',*,*,#834,.T.);
#1199=ORIENTED_EDGE('',*,*,#874,.T.);
#1200=ORIENTED_EDGE('',*,*,#719,.F.);
#1201=ORIENTED_EDGE('',*,*,#876,.F.);
#1202=ORIENTED_EDGE('',*,*,#835,.F.);
#1203=ORIENTED_EDGE('',*,*,#875,.T.);
#1204=ORIENTED_EDGE('',*,*,#718,.F.);
#1205=ORIENTED_EDGE('',*,*,#877,.F.);
#1206=ORIENTED_EDGE('',*,*,#836,.F.);
#1207=ORIENTED_EDGE('',*,*,#876,.T.);
#1208=ORIENTED_EDGE('',*,*,#717,.F.);
#1209=ORIENTED_EDGE('',*,*,#878,.F.);
#1210=ORIENTED_EDGE('',*,*,#837,.T.);
#1211=ORIENTED_EDGE('',*,*,#877,.T.);
#1212=ORIENTED_EDGE('',*,*,#716,.F.);
#1213=ORIENTED_EDGE('',*,*,#879,.F.);
#1214=ORIENTED_EDGE('',*,*,#838,.T.);
#1215=ORIENTED_EDGE('',*,*,#878,.T.);
#1216=ORIENTED_EDGE('',*,*,#715,.F.);
#1217=ORIENTED_EDGE('',*,*,#880,.F.);
#1218=ORIENTED_EDGE('',*,*,#839,.T.);
#1219=ORIENTED_EDGE('',*,*,#879,.T.);
#1220=ORIENTED_EDGE('',*,*,#714,.F.);
#1221=ORIENTED_EDGE('',*,*,#881,.F.);
#1222=ORIENTED_EDGE('',*,*,#840,.T.);
#1223=ORIENTED_EDGE('',*,*,#880,.T.);
#1224=ORIENTED_EDGE('',*,*,#713,.F.);
#1225=ORIENTED_EDGE('',*,*,#882,.F.);
#1226=ORIENTED_EDGE('',*,*,#841,.T.);
#1227=ORIENTED_EDGE('',*,*,#881,.T.);
#1228=ORIENTED_EDGE('',*,*,#712,.F.);
#1229=ORIENTED_EDGE('',*,*,#883,.F.);
#1230=ORIENTED_EDGE('',*,*,#842,.T.);
#1231=ORIENTED_EDGE('',*,*,#882,.T.);
#1232=ORIENTED_EDGE('',*,*,#711,.F.);
#1233=ORIENTED_EDGE('',*,*,#884,.F.);
#1234=ORIENTED_EDGE('',*,*,#843,.F.);
#1235=ORIENTED_EDGE('',*,*,#883,.T.);
#1236=ORIENTED_EDGE('',*,*,#710,.F.);
#1237=ORIENTED_EDGE('',*,*,#885,.F.);
#1238=ORIENTED_EDGE('',*,*,#844,.F.);
#1239=ORIENTED_EDGE('',*,*,#884,.T.);
#1240=ORIENTED_EDGE('',*,*,#709,.F.);
#1241=ORIENTED_EDGE('',*,*,#886,.F.);
#1242=ORIENTED_EDGE('',*,*,#845,.F.);
#1243=ORIENTED_EDGE('',*,*,#885,.T.);
#1244=ORIENTED_EDGE('',*,*,#708,.F.);
#1245=ORIENTED_EDGE('',*,*,#887,.F.);
#1246=ORIENTED_EDGE('',*,*,#846,.F.);
#1247=ORIENTED_EDGE('',*,*,#886,.T.);
#1248=ORIENTED_EDGE('',*,*,#707,.F.);
#1249=ORIENTED_EDGE('',*,*,#870,.F.);
#1250=ORIENTED_EDGE('',*,*,#847,.T.);
#1251=ORIENTED_EDGE('',*,*,#887,.T.);
#1252=ORIENTED_EDGE('',*,*,#706,.F.);
#1253=ORIENTED_EDGE('',*,*,#888,.F.);
#1254=ORIENTED_EDGE('',*,*,#798,.T.);
#1255=ORIENTED_EDGE('',*,*,#889,.T.);
#1256=ORIENTED_EDGE('',*,*,#755,.F.);
#1257=ORIENTED_EDGE('',*,*,#890,.F.);
#1258=ORIENTED_EDGE('',*,*,#795,.F.);
#1259=ORIENTED_EDGE('',*,*,#891,.T.);
#1260=ORIENTED_EDGE('',*,*,#758,.F.);
#1261=ORIENTED_EDGE('',*,*,#892,.F.);
#1262=ORIENTED_EDGE('',*,*,#796,.F.);
#1263=ORIENTED_EDGE('',*,*,#890,.T.);
#1264=ORIENTED_EDGE('',*,*,#757,.F.);
#1265=ORIENTED_EDGE('',*,*,#889,.F.);
#1266=ORIENTED_EDGE('',*,*,#797,.T.);
#1267=ORIENTED_EDGE('',*,*,#892,.T.);
#1268=ORIENTED_EDGE('',*,*,#756,.F.);
#1269=ORIENTED_EDGE('',*,*,#893,.F.);
#1270=ORIENTED_EDGE('',*,*,#806,.T.);
#1271=ORIENTED_EDGE('',*,*,#894,.T.);
#1272=ORIENTED_EDGE('',*,*,#747,.F.);
#1273=ORIENTED_EDGE('',*,*,#895,.F.);
#1274=ORIENTED_EDGE('',*,*,#799,.F.);
#1275=ORIENTED_EDGE('',*,*,#888,.T.);
#1276=ORIENTED_EDGE('',*,*,#754,.F.);
#1277=ORIENTED_EDGE('',*,*,#896,.F.);
#1278=ORIENTED_EDGE('',*,*,#800,.F.);
#1279=ORIENTED_EDGE('',*,*,#895,.T.);
#1280=ORIENTED_EDGE('',*,*,#753,.F.);
#1281=ORIENTED_EDGE('',*,*,#897,.F.);
#1282=ORIENTED_EDGE('',*,*,#801,.F.);
#1283=ORIENTED_EDGE('',*,*,#896,.T.);
#1284=ORIENTED_EDGE('',*,*,#752,.F.);
#1285=ORIENTED_EDGE('',*,*,#898,.F.);
#1286=ORIENTED_EDGE('',*,*,#802,.F.);
#1287=ORIENTED_EDGE('',*,*,#897,.T.);
#1288=ORIENTED_EDGE('',*,*,#751,.F.);
#1289=ORIENTED_EDGE('',*,*,#899,.F.);
#1290=ORIENTED_EDGE('',*,*,#803,.F.);
#1291=ORIENTED_EDGE('',*,*,#898,.T.);
#1292=ORIENTED_EDGE('',*,*,#750,.F.);
#1293=ORIENTED_EDGE('',*,*,#900,.F.);
#1294=ORIENTED_EDGE('',*,*,#804,.T.);
#1295=ORIENTED_EDGE('',*,*,#899,.T.);
#1296=ORIENTED_EDGE('',*,*,#749,.F.);
#1297=ORIENTED_EDGE('',*,*,#894,.F.);
#1298=ORIENTED_EDGE('',*,*,#805,.F.);
#1299=ORIENTED_EDGE('',*,*,#900,.T.);
#1300=ORIENTED_EDGE('',*,*,#748,.F.);
#1301=ORIENTED_EDGE('',*,*,#901,.F.);
#1302=ORIENTED_EDGE('',*,*,#807,.T.);
#1303=ORIENTED_EDGE('',*,*,#893,.T.);
#1304=ORIENTED_EDGE('',*,*,#746,.F.);
#1305=ORIENTED_EDGE('',*,*,#902,.F.);
#1306=ORIENTED_EDGE('',*,*,#808,.F.);
#1307=ORIENTED_EDGE('',*,*,#901,.T.);
#1308=ORIENTED_EDGE('',*,*,#745,.F.);
#1309=ORIENTED_EDGE('',*,*,#869,.F.);
#1310=ORIENTED_EDGE('',*,*,#809,.F.);
#1311=ORIENTED_EDGE('',*,*,#902,.T.);
#1312=ORIENTED_EDGE('',*,*,#744,.F.);
#1313=ORIENTED_EDGE('',*,*,#872,.F.);
#1314=ORIENTED_EDGE('',*,*,#830,.T.);
#1315=ORIENTED_EDGE('',*,*,#868,.T.);
#1316=ORIENTED_EDGE('',*,*,#723,.F.);
#1317=ORIENTED_EDGE('',*,*,#891,.F.);
#1318=ORIENTED_EDGE('',*,*,#794,.F.);
#1319=ORIENTED_EDGE('',*,*,#761,.F.);
#1320=ORIENTED_EDGE('',*,*,#759,.F.);
#1321=ORIENTED_EDGE('',*,*,#867,.F.);
#1322=ORIENTED_EDGE('',*,*,#827,.F.);
#1323=ORIENTED_EDGE('',*,*,#852,.T.);
#1324=ORIENTED_EDGE('',*,*,#726,.F.);
#1325=ORIENTED_EDGE('',*,*,#813,.F.);
#1326=ORIENTED_EDGE('',*,*,#865,.T.);
#1327=ORIENTED_EDGE('',*,*,#740,.F.);
#1328=ORIENTED_EDGE('',*,*,#855,.F.);
#1329=PLANE('',#1450);
#1330=PLANE('',#1492);
#1331=PLANE('',#1499);
#1332=PLANE('',#1506);
#1333=PLANE('',#1513);
#1334=PLANE('',#1516);
#1335=PLANE('',#1517);
#1336=PLANE('',#1548);
#1337=PLANE('',#1550);
#1338=PLANE('',#1552);
#1339=PLANE('',#1553);
#1340=PLANE('',#1556);
#1341=PLANE('',#1559);
#1342=PLANE('',#1562);
#1343=PLANE('',#1563);
#1344=PLANE('',#1564);
#1345=PLANE('',#1566);
#1346=PLANE('',#1568);
#1347=PLANE('',#1570);
#1348=PLANE('',#1573);
#1349=PLANE('',#1576);
#1350=PLANE('',#1578);
#1351=PLANE('',#1580);
#1352=PLANE('',#1582);
#1353=PLANE('',#1584);
#1354=PLANE('',#1586);
#1355=PLANE('',#1588);
#1356=PLANE('',#1590);
#1357=PLANE('',#1592);
#1358=PLANE('',#1595);
#1359=PLANE('',#1597);
#1360=PLANE('',#1598);
#1361=PLANE('',#1599);
#1362=PLANE('',#1600);
#1363=ADVANCED_FACE('',(#54),#1329,.T.);
#1364=ADVANCED_FACE('',(#55),#15,.F.);
#1365=ADVANCED_FACE('',(#56),#1330,.F.);
#1366=ADVANCED_FACE('',(#57),#16,.T.);
#1367=ADVANCED_FACE('',(#58),#17,.T.);
#1368=ADVANCED_FACE('',(#59),#18,.T.);
#1369=ADVANCED_FACE('',(#60),#1331,.F.);
#1370=ADVANCED_FACE('',(#61),#19,.T.);
#1371=ADVANCED_FACE('',(#62),#20,.F.);
#1372=ADVANCED_FACE('',(#63),#21,.F.);
#1373=ADVANCED_FACE('',(#64),#1332,.T.);
#1374=ADVANCED_FACE('',(#65),#22,.F.);
#1375=ADVANCED_FACE('',(#66),#23,.F.);
#1376=ADVANCED_FACE('',(#67),#24,.T.);
#1377=ADVANCED_FACE('',(#68),#1333,.F.);
#1378=ADVANCED_FACE('',(#69),#25,.T.);
#1379=ADVANCED_FACE('',(#70),#1334,.T.);
#1380=ADVANCED_FACE('',(#71),#1335,.T.);
#1381=ADVANCED_FACE('',(#72),#26,.F.);
#1382=ADVANCED_FACE('',(#73),#27,.F.);
#1383=ADVANCED_FACE('',(#74),#1336,.T.);
#1384=ADVANCED_FACE('',(#75),#28,.T.);
#1385=ADVANCED_FACE('',(#76),#1337,.T.);
#1386=ADVANCED_FACE('',(#77),#29,.T.);
#1387=ADVANCED_FACE('',(#78),#1338,.T.);
#1388=ADVANCED_FACE('',(#79),#1339,.T.);
#1389=ADVANCED_FACE('',(#80),#30,.F.);
#1390=ADVANCED_FACE('',(#81),#31,.T.);
#1391=ADVANCED_FACE('',(#82),#1340,.T.);
#1392=ADVANCED_FACE('',(#83),#32,.T.);
#1393=ADVANCED_FACE('',(#84),#33,.F.);
#1394=ADVANCED_FACE('',(#85),#1341,.T.);
#1395=ADVANCED_FACE('',(#86),#34,.F.);
#1396=ADVANCED_FACE('',(#87),#35,.T.);
#1397=ADVANCED_FACE('',(#88),#1342,.T.);
#1398=ADVANCED_FACE('',(#89),#1343,.T.);
#1399=ADVANCED_FACE('',(#90),#1344,.T.);
#1400=ADVANCED_FACE('',(#91),#36,.T.);
#1401=ADVANCED_FACE('',(#92),#1345,.T.);
#1402=ADVANCED_FACE('',(#93),#37,.F.);
#1403=ADVANCED_FACE('',(#94),#1346,.T.);
#1404=ADVANCED_FACE('',(#95),#38,.F.);
#1405=ADVANCED_FACE('',(#96),#1347,.T.);
#1406=ADVANCED_FACE('',(#97),#39,.T.);
#1407=ADVANCED_FACE('',(#98),#40,.T.);
#1408=ADVANCED_FACE('',(#99),#1348,.T.);
#1409=ADVANCED_FACE('',(#100),#41,.T.);
#1410=ADVANCED_FACE('',(#101),#42,.T.);
#1411=ADVANCED_FACE('',(#102),#1349,.T.);
#1412=ADVANCED_FACE('',(#103),#43,.F.);
#1413=ADVANCED_FACE('',(#104),#1350,.T.);
#1414=ADVANCED_FACE('',(#105),#44,.F.);
#1415=ADVANCED_FACE('',(#106),#1351,.T.);
#1416=ADVANCED_FACE('',(#107),#45,.T.);
#1417=ADVANCED_FACE('',(#108),#1352,.T.);
#1418=ADVANCED_FACE('',(#109),#46,.F.);
#1419=ADVANCED_FACE('',(#110),#1353,.T.);
#1420=ADVANCED_FACE('',(#111),#47,.T.);
#1421=ADVANCED_FACE('',(#112),#1354,.T.);
#1422=ADVANCED_FACE('',(#113),#48,.T.);
#1423=ADVANCED_FACE('',(#114),#1355,.T.);
#1424=ADVANCED_FACE('',(#115),#49,.F.);
#1425=ADVANCED_FACE('',(#116),#1356,.T.);
#1426=ADVANCED_FACE('',(#117),#50,.F.);
#1427=ADVANCED_FACE('',(#118),#1357,.T.);
#1428=ADVANCED_FACE('',(#119),#51,.T.);
#1429=ADVANCED_FACE('',(#120),#52,.T.);
#1430=ADVANCED_FACE('',(#121),#1358,.T.);
#1431=ADVANCED_FACE('',(#122),#53,.F.);
#1432=ADVANCED_FACE('',(#123),#1359,.T.);
#1433=ADVANCED_FACE('',(#124),#1360,.T.);
#1434=ADVANCED_FACE('',(#125),#1361,.T.);
#1435=ADVANCED_FACE('',(#126),#1362,.T.);
#1436=CLOSED_SHELL('',(#1363,#1364,#1365,#1366,#1367,#1368,#1369,#1370,
#1371,#1372,#1373,#1374,#1375,#1376,#1377,#1378,#1379,#1380,#1381,#1382,
#1383,#1384,#1385,#1386,#1387,#1388,#1389,#1390,#1391,#1392,#1393,#1394,
#1395,#1396,#1397,#1398,#1399,#1400,#1401,#1402,#1403,#1404,#1405,#1406,
#1407,#1408,#1409,#1410,#1411,#1412,#1413,#1414,#1415,#1416,#1417,#1418,
#1419,#1420,#1421,#1422,#1423,#1424,#1425,#1426,#1427,#1428,#1429,#1430,
#1431,#1432,#1433,#1434,#1435));
#1437=DERIVED_UNIT_ELEMENT(#1439,1.);
#1438=DERIVED_UNIT_ELEMENT(#2476,-3.);
#1439=(
MASS_UNIT()
NAMED_UNIT(*)
SI_UNIT(.KILO.,.GRAM.)
);
#1440=DERIVED_UNIT((#1437,#1438));
#1441=MEASURE_REPRESENTATION_ITEM('density measure',
POSITIVE_RATIO_MEASURE(7850.),#1440);
#1442=PROPERTY_DEFINITION_REPRESENTATION(#1447,#1444);
#1443=PROPERTY_DEFINITION_REPRESENTATION(#1448,#1445);
#1444=REPRESENTATION('material name',(#1446),#2471);
#1445=REPRESENTATION('density',(#1441),#2471);
#1446=DESCRIPTIVE_REPRESENTATION_ITEM('Steel','Steel');
#1447=PROPERTY_DEFINITION('material property','material name',#2484);
#1448=PROPERTY_DEFINITION('material property','density of part',#2484);
#1449=AXIS2_PLACEMENT_3D('',#2040,#1601,#1602);
#1450=AXIS2_PLACEMENT_3D('',#2041,#1603,#1604);
#1451=AXIS2_PLACEMENT_3D('',#2048,#1607,#1608);
#1452=AXIS2_PLACEMENT_3D('',#2050,#1609,#1610);
#1453=AXIS2_PLACEMENT_3D('',#2054,#1612,#1613);
#1454=AXIS2_PLACEMENT_3D('',#2056,#1614,#1615);
#1455=AXIS2_PLACEMENT_3D('',#2058,#1616,#1617);
#1456=AXIS2_PLACEMENT_3D('',#2062,#1619,#1620);
#1457=AXIS2_PLACEMENT_3D('',#2064,#1621,#1622);
#1458=AXIS2_PLACEMENT_3D('',#2066,#1623,#1624);
#1459=AXIS2_PLACEMENT_3D('',#2070,#1626,#1627);
#1460=AXIS2_PLACEMENT_3D('',#2072,#1628,#1629);
#1461=AXIS2_PLACEMENT_3D('',#2076,#1631,#1632);
#1462=AXIS2_PLACEMENT_3D('',#2080,#1634,#1635);
#1463=AXIS2_PLACEMENT_3D('',#2084,#1637,#1638);
#1464=AXIS2_PLACEMENT_3D('',#2088,#1640,#1641);
#1465=AXIS2_PLACEMENT_3D('',#2090,#1642,#1643);
#1466=AXIS2_PLACEMENT_3D('',#2094,#1645,#1646);
#1467=AXIS2_PLACEMENT_3D('',#2096,#1647,#1648);
#1468=AXIS2_PLACEMENT_3D('',#2100,#1650,#1651);
#1469=AXIS2_PLACEMENT_3D('',#2104,#1653,#1654);
#1470=AXIS2_PLACEMENT_3D('',#2108,#1656,#1657);
#1471=AXIS2_PLACEMENT_3D('',#2114,#1660,#1661);
#1472=AXIS2_PLACEMENT_3D('',#2118,#1663,#1664);
#1473=AXIS2_PLACEMENT_3D('',#2122,#1666,#1667);
#1474=AXIS2_PLACEMENT_3D('',#2124,#1668,#1669);
#1475=AXIS2_PLACEMENT_3D('',#2128,#1671,#1672);
#1476=AXIS2_PLACEMENT_3D('',#2130,#1673,#1674);
#1477=AXIS2_PLACEMENT_3D('',#2134,#1676,#1677);
#1478=AXIS2_PLACEMENT_3D('',#2138,#1679,#1680);
#1479=AXIS2_PLACEMENT_3D('',#2142,#1682,#1683);
#1480=AXIS2_PLACEMENT_3D('',#2146,#1685,#1686);
#1481=AXIS2_PLACEMENT_3D('',#2152,#1689,#1690);
#1482=AXIS2_PLACEMENT_3D('',#2156,#1692,#1693);
#1483=AXIS2_PLACEMENT_3D('',#2160,#1695,#1696);
#1484=AXIS2_PLACEMENT_3D('',#2164,#1698,#1699);
#1485=AXIS2_PLACEMENT_3D('',#2168,#1701,#1702);
#1486=AXIS2_PLACEMENT_3D('',#2172,#1704,#1705);
#1487=AXIS2_PLACEMENT_3D('',#2176,#1707,#1708);
#1488=AXIS2_PLACEMENT_3D('',#2180,#1710,#1711);
#1489=AXIS2_PLACEMENT_3D('',#2183,#1713,#1714);
#1490=AXIS2_PLACEMENT_3D('',#2184,#1715,#1716);
#1491=AXIS2_PLACEMENT_3D('',#2188,#1718,#1719);
#1492=AXIS2_PLACEMENT_3D('',#2190,#1721,#1722);
#1493=AXIS2_PLACEMENT_3D('',#2194,#1725,#1726);
#1494=AXIS2_PLACEMENT_3D('',#2199,#1729,#1730);
#1495=AXIS2_PLACEMENT_3D('',#2200,#1731,#1732);
#1496=AXIS2_PLACEMENT_3D('',#2204,#1734,#1735);
#1497=AXIS2_PLACEMENT_3D('',#2206,#1737,#1738);
#1498=AXIS2_PLACEMENT_3D('',#2208,#1739,#1740);
#1499=AXIS2_PLACEMENT_3D('',#2210,#1742,#1743);
#1500=AXIS2_PLACEMENT_3D('',#2214,#1746,#1747);
#1501=AXIS2_PLACEMENT_3D('',#2216,#1748,#1749);
#1502=AXIS2_PLACEMENT_3D('',#2218,#1751,#1752);
#1503=AXIS2_PLACEMENT_3D('',#2220,#1753,#1754);
#1504=AXIS2_PLACEMENT_3D('',#2222,#1756,#1757);
#1505=AXIS2_PLACEMENT_3D('',#2224,#1758,#1759);
#1506=AXIS2_PLACEMENT_3D('',#2226,#1761,#1762);
#1507=AXIS2_PLACEMENT_3D('',#2230,#1765,#1766);
#1508=AXIS2_PLACEMENT_3D('',#2232,#1767,#1768);
#1509=AXIS2_PLACEMENT_3D('',#2234,#1770,#1771);
#1510=AXIS2_PLACEMENT_3D('',#2236,#1772,#1773);
#1511=AXIS2_PLACEMENT_3D('',#2238,#1775,#1776);
#1512=AXIS2_PLACEMENT_3D('',#2240,#1777,#1778);
#1513=AXIS2_PLACEMENT_3D('',#2242,#1780,#1781);
#1514=AXIS2_PLACEMENT_3D('',#2246,#1784,#1785);
#1515=AXIS2_PLACEMENT_3D('',#2247,#1786,#1787);
#1516=AXIS2_PLACEMENT_3D('',#2248,#1788,#1789);
#1517=AXIS2_PLACEMENT_3D('',#2250,#1791,#1792);
#1518=AXIS2_PLACEMENT_3D('',#2254,#1794,#1795);
#1519=AXIS2_PLACEMENT_3D('',#2258,#1797,#1798);
#1520=AXIS2_PLACEMENT_3D('',#2262,#1800,#1801);
#1521=AXIS2_PLACEMENT_3D('',#2266,#1803,#1804);
#1522=AXIS2_PLACEMENT_3D('',#2270,#1806,#1807);
#1523=AXIS2_PLACEMENT_3D('',#2274,#1809,#1810);
#1524=AXIS2_PLACEMENT_3D('',#2278,#1812,#1813);
#1525=AXIS2_PLACEMENT_3D('',#2282,#1815,#1816);
#1526=AXIS2_PLACEMENT_3D('',#2288,#1819,#1820);
#1527=AXIS2_PLACEMENT_3D('',#2292,#1822,#1823);
#1528=AXIS2_PLACEMENT_3D('',#2296,#1825,#1826);
#1529=AXIS2_PLACEMENT_3D('',#2300,#1828,#1829);
#1530=AXIS2_PLACEMENT_3D('',#2304,#1831,#1832);
#1531=AXIS2_PLACEMENT_3D('',#2306,#1833,#1834);
#1532=AXIS2_PLACEMENT_3D('',#2310,#1836,#1837);
#1533=AXIS2_PLACEMENT_3D('',#2312,#1838,#1839);
#1534=AXIS2_PLACEMENT_3D('',#2316,#1841,#1842);
#1535=AXIS2_PLACEMENT_3D('',#2320,#1844,#1845);
#1536=AXIS2_PLACEMENT_3D('',#2326,#1848,#1849);
#1537=AXIS2_PLACEMENT_3D('',#2330,#1851,#1852);
#1538=AXIS2_PLACEMENT_3D('',#2334,#1854,#1855);
#1539=AXIS2_PLACEMENT_3D('',#2338,#1857,#1858);
#1540=AXIS2_PLACEMENT_3D('',#2340,#1859,#1860);
#1541=AXIS2_PLACEMENT_3D('',#2344,#1862,#1863);
#1542=AXIS2_PLACEMENT_3D('',#2346,#1864,#1865);
#1543=AXIS2_PLACEMENT_3D('',#2350,#1867,#1868);
#1544=AXIS2_PLACEMENT_3D('',#2354,#1870,#1871);
#1545=AXIS2_PLACEMENT_3D('',#2358,#1873,#1874);
#1546=AXIS2_PLACEMENT_3D('',#2360,#1876,#1877);
#1547=AXIS2_PLACEMENT_3D('',#2363,#1880,#1881);
#1548=AXIS2_PLACEMENT_3D('',#2366,#1884,#1885);
#1549=AXIS2_PLACEMENT_3D('',#2369,#1888,#1889);
#1550=AXIS2_PLACEMENT_3D('',#2371,#1891,#1892);
#1551=AXIS2_PLACEMENT_3D('',#2373,#1894,#1895);
#1552=AXIS2_PLACEMENT_3D('',#2374,#1896,#1897);
#1553=AXIS2_PLACEMENT_3D('',#2376,#1899,#1900);
#1554=AXIS2_PLACEMENT_3D('',#2378,#1902,#1903);
#1555=AXIS2_PLACEMENT_3D('',#2380,#1905,#1906);
#1556=AXIS2_PLACEMENT_3D('',#2382,#1908,#1909);
#1557=AXIS2_PLACEMENT_3D('',#2384,#1911,#1912);
#1558=AXIS2_PLACEMENT_3D('',#2386,#1914,#1915);
#1559=AXIS2_PLACEMENT_3D('',#2387,#1916,#1917);
#1560=AXIS2_PLACEMENT_3D('',#2390,#1920,#1921);
#1561=AXIS2_PLACEMENT_3D('',#2392,#1923,#1924);
#1562=AXIS2_PLACEMENT_3D('',#2395,#1927,#1928);
#1563=AXIS2_PLACEMENT_3D('',#2397,#1930,#1931);
#1564=AXIS2_PLACEMENT_3D('',#2399,#1933,#1934);
#1565=AXIS2_PLACEMENT_3D('',#2401,#1936,#1937);
#1566=AXIS2_PLACEMENT_3D('',#2404,#1940,#1941);
#1567=AXIS2_PLACEMENT_3D('',#2406,#1943,#1944);
#1568=AXIS2_PLACEMENT_3D('',#2408,#1946,#1947);
#1569=AXIS2_PLACEMENT_3D('',#2410,#1949,#1950);
#1570=AXIS2_PLACEMENT_3D('',#2412,#1952,#1953);
#1571=AXIS2_PLACEMENT_3D('',#2414,#1955,#1956);
#1572=AXIS2_PLACEMENT_3D('',#2416,#1958,#1959);
#1573=AXIS2_PLACEMENT_3D('',#2418,#1961,#1962);
#1574=AXIS2_PLACEMENT_3D('',#2420,#1964,#1965);
#1575=AXIS2_PLACEMENT_3D('',#2422,#1967,#1968);
#1576=AXIS2_PLACEMENT_3D('',#2424,#1970,#1971);
#1577=AXIS2_PLACEMENT_3D('',#2426,#1973,#1974);
#1578=AXIS2_PLACEMENT_3D('',#2428,#1976,#1977);
#1579=AXIS2_PLACEMENT_3D('',#2430,#1979,#1980);
#1580=AXIS2_PLACEMENT_3D('',#2432,#1982,#1983);
#1581=AXIS2_PLACEMENT_3D('',#2434,#1985,#1986);
#1582=AXIS2_PLACEMENT_3D('',#2435,#1987,#1988);
#1583=AXIS2_PLACEMENT_3D('',#2438,#1991,#1992);
#1584=AXIS2_PLACEMENT_3D('',#2441,#1995,#1996);
#1585=AXIS2_PLACEMENT_3D('',#2443,#1998,#1999);
#1586=AXIS2_PLACEMENT_3D('',#2444,#2000,#2001);
#1587=AXIS2_PLACEMENT_3D('',#2447,#2004,#2005);
#1588=AXIS2_PLACEMENT_3D('',#2449,#2007,#2008);
#1589=AXIS2_PLACEMENT_3D('',#2451,#2010,#2011);
#1590=AXIS2_PLACEMENT_3D('',#2453,#2013,#2014);
#1591=AXIS2_PLACEMENT_3D('',#2455,#2016,#2017);
#1592=AXIS2_PLACEMENT_3D('',#2457,#2019,#2020);
#1593=AXIS2_PLACEMENT_3D('',#2459,#2022,#2023);
#1594=AXIS2_PLACEMENT_3D('',#2460,#2024,#2025);
#1595=AXIS2_PLACEMENT_3D('',#2462,#2027,#2028);
#1596=AXIS2_PLACEMENT_3D('',#2464,#2030,#2031);
#1597=AXIS2_PLACEMENT_3D('',#2465,#2032,#2033);
#1598=AXIS2_PLACEMENT_3D('',#2466,#2034,#2035);
#1599=AXIS2_PLACEMENT_3D('',#2467,#2036,#2037);
#1600=AXIS2_PLACEMENT_3D('',#2468,#2038,#2039);
#1601=DIRECTION('axis',(0.,0.,1.));
#1602=DIRECTION('refdir',(1.,0.,0.));
#1603=DIRECTION('center_axis',(-1.22464679914735E-16,-1.,0.));
#1604=DIRECTION('ref_axis',(1.22464679914735E-16,0.,-1.));
#1605=DIRECTION('',(-3.43756071346495E-14,0.,1.));
#1606=DIRECTION('',(-0.158399861330214,2.08166817117217E-17,0.987375047249306));
#1607=DIRECTION('center_axis',(-1.22464679914735E-16,-1.,0.));
#1608=DIRECTION('ref_axis',(0.995463547273787,-1.218983688082E-16,0.0951437126093402));
#1609=DIRECTION('center_axis',(-1.22464679914735E-16,-1.,0.));
#1610=DIRECTION('ref_axis',(-0.737973500304375,8.83656971634822E-17,-0.674829691736003));
#1611=DIRECTION('',(0.999999999979549,-1.22464672023627E-16,6.39543027635489E-6));
#1612=DIRECTION('center_axis',(-1.22464679914735E-16,-1.,0.));
#1613=DIRECTION('ref_axis',(0.657551937065068,-8.08770787597972E-17,-0.753409218195515));
#1614=DIRECTION('center_axis',(1.22464679914735E-16,1.,0.));
#1615=DIRECTION('ref_axis',(1.,-1.22464679914735E-16,1.22464679914735E-16));
#1616=DIRECTION('center_axis',(1.22464679914735E-16,1.,0.));
#1617=DIRECTION('ref_axis',(1.,-1.22464679914735E-16,1.22464679914735E-16));
#1618=DIRECTION('',(-2.54173755390641E-15,0.,-1.));
#1619=DIRECTION('center_axis',(1.22464679914735E-16,1.,0.));
#1620=DIRECTION('ref_axis',(-0.995298144517128,1.21882448948086E-16,-0.0968586780870033));
#1621=DIRECTION('center_axis',(1.22464679914735E-16,1.,0.));
#1622=DIRECTION('ref_axis',(-0.999999999856726,1.22464683323164E-16,1.69277428109075E-5));
#1623=DIRECTION('center_axis',(-1.22464679914735E-16,-1.,0.));
#1624=DIRECTION('ref_axis',(0.657782984995063,-7.93793550790603E-17,0.753207504377768));
#1625=DIRECTION('',(-1.,1.22464679914735E-16,-3.22458517290726E-14));
#1626=DIRECTION('center_axis',(-1.22464679914735E-16,-1.,0.));
#1627=DIRECTION('ref_axis',(-0.737679559557795,8.98634208442192E-17,0.675150996008017));
#1628=DIRECTION('center_axis',(-1.22464679914735E-16,-1.,0.));
#1629=DIRECTION('ref_axis',(-0.995298095093264,1.22105326989539E-16,-0.0968591859542475));
#1630=DIRECTION('',(1.,-1.22464679914735E-16,-2.98577125954328E-15));
#1631=DIRECTION('center_axis',(-1.22464679914735E-16,-1.,0.));
#1632=DIRECTION('ref_axis',(-1.43165328981426E-15,0.,-1.));
#1633=DIRECTION('',(0.258257968694631,-3.46944695195361E-17,0.96607599163095));
#1634=DIRECTION('center_axis',(1.22464679914735E-16,1.,0.));
#1635=DIRECTION('ref_axis',(-4.78481858910175E-15,0.,1.));
#1636=DIRECTION('',(1.,-1.22464679914735E-16,-9.10195389669475E-16));
#1637=DIRECTION('center_axis',(1.22464679914735E-16,1.,0.));
#1638=DIRECTION('ref_axis',(0.835705479701285,-1.02444299762413E-16,0.549177886660821));
#1639=DIRECTION('',(0.549177886660836,-6.76542155630954E-17,-0.835705479701275));
#1640=DIRECTION('center_axis',(-1.22464679914735E-16,-1.,0.));
#1641=DIRECTION('ref_axis',(-0.835705479701275,1.0244429976241E-16,-0.549177886660836));
#1642=DIRECTION('center_axis',(-1.22464679914735E-16,-1.,0.));
#1643=DIRECTION('ref_axis',(-0.82913034420956,9.98175228454245E-17,-0.55905533922049));
#1644=DIRECTION('',(1.,-1.22464679914735E-16,-3.90795957469762E-16));
#1645=DIRECTION('center_axis',(-1.22464679914735E-16,-1.,0.));
#1646=DIRECTION('ref_axis',(1.46737446141099E-15,0.,-1.));
#1647=DIRECTION('center_axis',(-1.22464679914735E-16,-1.,0.));
#1648=DIRECTION('ref_axis',(0.827474921486456,-9.97124517687456E-17,-0.561502675248287));
#1649=DIRECTION('',(0.549177886660954,-6.76542155630955E-17,0.835705479701197));
#1650=DIRECTION('center_axis',(1.22464679914735E-16,1.,0.));
#1651=DIRECTION('ref_axis',(-5.36761282775006E-15,0.,1.));
#1652=DIRECTION('',(1.,-1.22464679914735E-16,5.52739708908155E-16));
#1653=DIRECTION('center_axis',(1.22464679914735E-16,1.,0.));
#1654=DIRECTION('ref_axis',(0.966075991630944,-1.1781094472677E-16,0.258257968694651));
#1655=DIRECTION('',(0.258257968694624,-3.12250225675825E-17,-0.966075991630952));
#1656=DIRECTION('center_axis',(-1.22464679914735E-16,-1.,0.));
#1657=DIRECTION('ref_axis',(-0.966075991630947,1.17621233060545E-16,-0.25825796869464));
#1658=DIRECTION('',(1.,-1.22464679914154E-16,-5.53473597768283E-10));
#1659=DIRECTION('',(5.54012937085799E-10,0.,1.));
#1660=DIRECTION('center_axis',(-1.22464679914735E-16,-1.,0.));
#1661=DIRECTION('ref_axis',(-0.073405135887325,9.7565999773724E-18,-0.997302203960948));
#1662=DIRECTION('',(-1.22464679914735E-16,0.,1.));
#1663=DIRECTION('center_axis',(1.22464679914735E-16,1.,0.));
#1664=DIRECTION('ref_axis',(-0.00540324857442413,0.,0.999985402345876));
#1665=DIRECTION('',(1.,-1.22464679914735E-16,3.25856877797843E-15));
#1666=DIRECTION('center_axis',(1.22464679914735E-16,1.,0.));
#1667=DIRECTION('ref_axis',(0.999999992979562,-1.22464482086197E-16,-0.000118494199482734));
#1668=DIRECTION('center_axis',(-1.22464679914735E-16,-1.,0.));
#1669=DIRECTION('ref_axis',(-1.,1.22464679914735E-16,-1.22464679914735E-16));
#1670=DIRECTION('',(-1.22464679914735E-16,0.,1.));
#1671=DIRECTION('center_axis',(-1.22464679914735E-16,-1.,0.));
#1672=DIRECTION('ref_axis',(1.,-1.22464679914735E-16,1.22464679914735E-16));
#1673=DIRECTION('center_axis',(1.22464679914735E-16,1.,0.));
#1674=DIRECTION('ref_axis',(0.0284243182591743,0.,-0.999595947436514));
#1675=DIRECTION('',(-0.999999999979549,1.22464672023627E-16,-6.39543030469409E-6));
#1676=DIRECTION('center_axis',(1.22464679914735E-16,1.,0.));
#1677=DIRECTION('ref_axis',(-0.201206011996669,2.45866319429784E-17,-0.979548947595982));
#1678=DIRECTION('',(-1.22464679914735E-16,0.,1.));
#1679=DIRECTION('center_axis',(-1.22464679914735E-16,-1.,0.));
#1680=DIRECTION('ref_axis',(0.707106781186547,-8.74191357972564E-17,0.707106781186548));
#1681=DIRECTION('',(-1.,1.22464679914735E-16,-1.22464679914735E-16));
#1682=DIRECTION('center_axis',(-1.22464679914735E-16,-1.,0.));
#1683=DIRECTION('ref_axis',(-0.707106781186543,8.74191357972564E-17,0.707106781186552));
#1684=DIRECTION('',(1.22464679914735E-16,0.,-1.));
#1685=DIRECTION('center_axis',(1.22464679914735E-16,1.,0.));
#1686=DIRECTION('ref_axis',(-0.0734051358873234,1.36592399683214E-17,-0.997302203960948));
#1687=DIRECTION('',(-0.999891958282837,1.22406425273613E-16,-0.0146993796233989));
#1688=DIRECTION('',(-1.,1.22464679914154E-16,5.53473597768283E-10));
#1689=DIRECTION('center_axis',(1.22464679914735E-16,1.,0.));
#1690=DIRECTION('ref_axis',(-0.966075991630947,1.18204961264319E-16,-0.258257968694642));
#1691=DIRECTION('',(-0.258257968694631,2.77555756156289E-17,0.96607599163095));
#1692=DIRECTION('center_axis',(-1.22464679914735E-16,-1.,0.));
#1693=DIRECTION('ref_axis',(0.966075991630949,-1.17469463727564E-16,0.258257968694635));
#1694=DIRECTION('',(-1.,1.22464679914735E-16,1.18276553355028E-15));
#1695=DIRECTION('center_axis',(-1.22464679914735E-16,-1.,0.));
#1696=DIRECTION('ref_axis',(-2.45364163450823E-15,0.,1.));
#1697=DIRECTION('',(-0.549177886660837,6.76542155630955E-17,-0.835705479701274));
#1698=DIRECTION('center_axis',(1.22464679914735E-16,1.,0.));
#1699=DIRECTION('ref_axis',(5.11784386832932E-15,0.,-1.));
#1700=DIRECTION('',(-1.,1.22464679914735E-16,3.90795957469763E-16));
#1701=DIRECTION('center_axis',(1.22464679914735E-16,1.,0.));
#1702=DIRECTION('ref_axis',(-0.835705479701269,1.02444299762408E-16,-0.549177886660844));
#1703=DIRECTION('',(-0.549177886660836,6.76542155630954E-17,0.835705479701275));
#1704=DIRECTION('center_axis',(-1.22464679914735E-16,-1.,0.));
#1705=DIRECTION('ref_axis',(0.835705479701273,-1.02444299762409E-16,0.549177886660839));
#1706=DIRECTION('',(-1.,1.22464679914735E-16,1.18276553355028E-15));
#1707=DIRECTION('center_axis',(-1.22464679914735E-16,-1.,0.));
#1708=DIRECTION('ref_axis',(-1.22464679914735E-16,0.,1.));
#1709=DIRECTION('',(-0.258257968694643,3.12250225675825E-17,-0.966075991630947));
#1710=DIRECTION('center_axis',(1.22464679914735E-16,1.,0.));
#1711=DIRECTION('ref_axis',(-2.02939097047926E-15,0.,-1.));
#1712=DIRECTION('',(-1.,1.22464679914735E-16,2.98577125954328E-15));
#1713=DIRECTION('center_axis',(1.22464679914735E-16,1.,0.));
#1714=DIRECTION('ref_axis',(-1.,1.22464679914735E-16,-1.22464679914735E-16));
#1715=DIRECTION('center_axis',(1.22464679914735E-16,1.,0.));
#1716=DIRECTION('ref_axis',(-1.,1.22464679914735E-16,-1.22464679914735E-16));
#1717=DIRECTION('',(1.22464679914735E-16,1.,0.));
#1718=DIRECTION('center_axis',(-1.22464679914735E-16,-1.,0.));
#1719=DIRECTION('ref_axis',(-1.,1.22464679914735E-16,-1.22464679914735E-16));
#1720=DIRECTION('',(-1.22447497849352E-16,-1.,1.73472347597681E-17));
#1721=DIRECTION('center_axis',(-1.,1.22464679914735E-16,-3.43756071346495E-14));
#1722=DIRECTION('ref_axis',(-3.43756071346495E-14,0.,1.));
#1723=DIRECTION('',(3.43756071346495E-14,0.,-1.));
#1724=DIRECTION('',(1.22464679914735E-16,1.,0.));
#1725=DIRECTION('center_axis',(-1.22464679914735E-16,-1.,0.));
#1726=DIRECTION('ref_axis',(-0.995298095093264,1.22105326989539E-16,-0.0968591859542475));
#1727=DIRECTION('',(-1.22464679914735E-16,-1.,0.));
#1728=DIRECTION('',(-1.22464679914735E-16,-1.,0.));
#1729=DIRECTION('center_axis',(-1.22464679914735E-16,-1.,0.));
#1730=DIRECTION('ref_axis',(-0.995298095093264,1.22105326989539E-16,-0.0968591859542475));
#1731=DIRECTION('center_axis',(-1.22464679914735E-16,-1.,0.));
#1732=DIRECTION('ref_axis',(0.995463547273787,-1.218983688082E-16,0.0951437126093402));
#1733=DIRECTION('',(-1.22464679914735E-16,-1.,0.));
#1734=DIRECTION('center_axis',(-1.22464679914735E-16,-1.,0.));
#1735=DIRECTION('ref_axis',(0.995463547273787,-1.218983688082E-16,0.0951437126093402));
#1736=DIRECTION('',(-1.22447497849352E-16,-1.,1.73472347597681E-17));
#1737=DIRECTION('center_axis',(1.22464679914735E-16,1.,0.));
#1738=DIRECTION('ref_axis',(-0.737973500304375,8.83656971634822E-17,-0.674829691736003));
#1739=DIRECTION('center_axis',(-1.22464679914735E-16,-1.,0.));
#1740=DIRECTION('ref_axis',(-0.737973500304375,8.83656971634822E-17,-0.674829691736003));
#1741=DIRECTION('',(-1.22447497849352E-16,-1.,1.73472347597681E-17));
#1742=DIRECTION('center_axis',(-6.39543027635489E-6,0.,0.999999999979549));
#1743=DIRECTION('ref_axis',(0.999999999979549,-1.22464665458288E-16,6.39543027635489E-6));
#1744=DIRECTION('',(-0.999999999979549,1.22464672023627E-16,-6.39543027635489E-6));
#1745=DIRECTION('',(-1.22447497849352E-16,-1.,1.73472347597681E-17));
#1746=DIRECTION('center_axis',(-1.22464679914735E-16,-1.,0.));
#1747=DIRECTION('ref_axis',(0.657551937065068,-8.08770787597972E-17,-0.753409218195515));
#1748=DIRECTION('center_axis',(-1.22464679914735E-16,-1.,0.));
#1749=DIRECTION('ref_axis',(0.657551937065068,-8.08770787597972E-17,-0.753409218195515));
#1750=DIRECTION('',(-1.22447497849352E-16,-1.,1.73472347597681E-17));
#1751=DIRECTION('center_axis',(1.22464679914735E-16,1.,0.));
#1752=DIRECTION('ref_axis',(1.,-1.22464679914735E-16,1.22464679914735E-16));
#1753=DIRECTION('center_axis',(-1.22464679914735E-16,-1.,0.));
#1754=DIRECTION('ref_axis',(1.,-1.22464679914735E-16,1.22464679914735E-16));
#1755=DIRECTION('',(-1.22447497849352E-16,-1.,1.73472347597681E-17));
#1756=DIRECTION('center_axis',(-1.22464679914735E-16,-1.,0.));
#1757=DIRECTION('ref_axis',(1.,-1.22464679914735E-16,1.22464679914735E-16));
#1758=DIRECTION('center_axis',(-1.22464679914735E-16,-1.,0.));
#1759=DIRECTION('ref_axis',(1.,-1.22464679914735E-16,1.22464679914735E-16));
#1760=DIRECTION('',(-1.22447497849352E-16,-1.,1.73472347597681E-17));
#1761=DIRECTION('center_axis',(-1.,1.22464679914735E-16,2.54173755390642E-15));
#1762=DIRECTION('ref_axis',(-2.54173755390641E-15,0.,-1.));
#1763=DIRECTION('',(-2.54173755390641E-15,0.,-1.));
#1764=DIRECTION('',(-1.22447497849352E-16,-1.,1.73472347597681E-17));
#1765=DIRECTION('center_axis',(-1.22464679914735E-16,-1.,0.));
#1766=DIRECTION('ref_axis',(-0.995298144517128,1.21882448948086E-16,-0.0968586780870033));
#1767=DIRECTION('center_axis',(-1.22464679914735E-16,-1.,0.));
#1768=DIRECTION('ref_axis',(-0.995298144517128,1.21882448948086E-16,-0.0968586780870033));
#1769=DIRECTION('',(-1.22447497849352E-16,-1.,1.73472347597681E-17));
#1770=DIRECTION('center_axis',(1.22464679914735E-16,1.,0.));
#1771=DIRECTION('ref_axis',(-0.999999999856726,1.22464683323164E-16,1.69277428109075E-5));
#1772=DIRECTION('center_axis',(-1.22464679914735E-16,-1.,0.));
#1773=DIRECTION('ref_axis',(-0.999999999856726,1.22464683323164E-16,1.69277428109075E-5));
#1774=DIRECTION('',(-1.22447497849352E-16,-1.,1.73472347597681E-17));
#1775=DIRECTION('center_axis',(-1.22464679914735E-16,-1.,0.));
#1776=DIRECTION('ref_axis',(0.657782984995063,-7.93793550790603E-17,0.753207504377768));
#1777=DIRECTION('center_axis',(-1.22464679914735E-16,-1.,0.));
#1778=DIRECTION('ref_axis',(0.657782984995063,-7.93793550790603E-17,0.753207504377768));
#1779=DIRECTION('',(-1.22447497849352E-16,-1.,1.73472347597681E-17));
#1780=DIRECTION('center_axis',(3.22458517290726E-14,0.,-1.));
#1781=DIRECTION('ref_axis',(-1.,1.22464679914735E-16,-3.22458517290726E-14));
#1782=DIRECTION('',(1.,-1.22464679914735E-16,3.22458517290726E-14));
#1783=DIRECTION('',(-1.22447497849352E-16,-1.,1.73472347597681E-17));
#1784=DIRECTION('center_axis',(-1.22464679914735E-16,-1.,0.));
#1785=DIRECTION('ref_axis',(-0.737679559557795,8.98634208442192E-17,0.675150996008017));
#1786=DIRECTION('center_axis',(-1.22464679914735E-16,-1.,0.));
#1787=DIRECTION('ref_axis',(-0.737679559557795,8.98634208442192E-17,0.675150996008017));
#1788=DIRECTION('center_axis',(0.987375047249306,-1.20563281580388E-16,
0.158399861330214));
#1789=DIRECTION('ref_axis',(-0.158399861330214,1.91229359556498E-17,0.987375047249306));
#1790=DIRECTION('',(0.158399861330214,-2.08166817117217E-17,-0.987375047249306));
#1791=DIRECTION('center_axis',(1.22464679914735E-16,1.,0.));
#1792=DIRECTION('ref_axis',(-1.22464679914735E-16,0.,1.));
#1793=DIRECTION('',(1.,-1.22464679914735E-16,3.20158484590917E-15));
#1794=DIRECTION('center_axis',(-1.22464679914735E-16,-1.,0.));
#1795=DIRECTION('ref_axis',(-2.02939097047926E-15,0.,-1.));
#1796=DIRECTION('',(0.258257968694643,-3.12250225675825E-17,0.966075991630947));
#1797=DIRECTION('center_axis',(-1.22464679914735E-16,-1.,0.));
#1798=DIRECTION('ref_axis',(-1.22464679914735E-16,0.,1.));
#1799=DIRECTION('',(-1.,1.22464679914735E-16,1.18276553355028E-15));
#1800=DIRECTION('center_axis',(1.22464679914735E-16,1.,0.));
#1801=DIRECTION('ref_axis',(0.835705479701273,-1.02444299762409E-16,0.549177886660839));
#1802=DIRECTION('',(0.549177886660836,-6.76542155630954E-17,-0.835705479701275));
#1803=DIRECTION('center_axis',(-1.22464679914735E-16,-1.,0.));
#1804=DIRECTION('ref_axis',(-0.835705479701269,1.02444299762408E-16,-0.549177886660844));
#1805=DIRECTION('',(1.,-1.22464679914735E-16,-3.90795957469763E-16));
#1806=DIRECTION('center_axis',(-1.22464679914735E-16,-1.,0.));
#1807=DIRECTION('ref_axis',(5.11784386832932E-15,0.,-1.));
#1808=DIRECTION('',(-0.549177886660837,6.76542155630955E-17,-0.835705479701274));
#1809=DIRECTION('center_axis',(1.22464679914735E-16,1.,0.));
#1810=DIRECTION('ref_axis',(-2.45364163450823E-15,0.,1.));
#1811=DIRECTION('',(-1.,1.22464679914735E-16,1.18276553355028E-15));
#1812=DIRECTION('center_axis',(-1.22464679914735E-16,-1.,0.));
#1813=DIRECTION('ref_axis',(0.966075991630949,-1.17469463727564E-16,0.258257968694635));
#1814=DIRECTION('',(0.258257968694631,-2.77555756156289E-17,-0.96607599163095));
#1815=DIRECTION('center_axis',(-1.22464679914735E-16,-1.,0.));
#1816=DIRECTION('ref_axis',(-0.966075991630947,1.18204961264319E-16,-0.258257968694642));
#1817=DIRECTION('',(-1.,1.22464679914154E-16,5.53473597768283E-10));
#1818=DIRECTION('',(-0.999891958282837,1.22406425273613E-16,-0.0146993796233989));
#1819=DIRECTION('center_axis',(-1.22464679914735E-16,-1.,0.));
#1820=DIRECTION('ref_axis',(-0.0734051358873234,1.36592399683214E-17,-0.997302203960948));
#1821=DIRECTION('',(-1.22464679914735E-16,0.,1.));
#1822=DIRECTION('center_axis',(-1.22464679914735E-16,-1.,0.));
#1823=DIRECTION('ref_axis',(-0.707106781186543,8.74191357972564E-17,0.707106781186552));
#1824=DIRECTION('',(1.,-1.22464679914735E-16,1.22464679914735E-16));
#1825=DIRECTION('center_axis',(-1.22464679914735E-16,-1.,0.));
#1826=DIRECTION('ref_axis',(0.707106781186547,-8.74191357972564E-17,0.707106781186548));
#1827=DIRECTION('',(1.22464679914735E-16,0.,-1.));
#1828=DIRECTION('center_axis',(1.22464679914735E-16,1.,0.));
#1829=DIRECTION('ref_axis',(-0.201206011996669,2.45866319429784E-17,-0.979548947595982));
#1830=DIRECTION('',(0.999999999979549,-1.22464672023627E-16,6.39543030469409E-6));
#1831=DIRECTION('center_axis',(-1.22464679914735E-16,-1.,0.));
#1832=DIRECTION('ref_axis',(0.0284243182591743,0.,-0.999595947436514));
#1833=DIRECTION('center_axis',(-1.22464679914735E-16,-1.,0.));
#1834=DIRECTION('ref_axis',(1.,-1.22464679914735E-16,1.22464679914735E-16));
#1835=DIRECTION('',(-1.22464679914735E-16,0.,1.));
#1836=DIRECTION('center_axis',(-1.22464679914735E-16,-1.,0.));
#1837=DIRECTION('ref_axis',(-1.,1.22464679914735E-16,-1.22464679914735E-16));
#1838=DIRECTION('center_axis',(-1.22464679914735E-16,-1.,0.));
#1839=DIRECTION('ref_axis',(0.999999992979562,-1.22464482086197E-16,-0.000118494199482734));
#1840=DIRECTION('',(1.,-1.22464679914735E-16,3.25856877797843E-15));
#1841=DIRECTION('center_axis',(-1.22464679914735E-16,-1.,0.));
#1842=DIRECTION('ref_axis',(-0.00540324857442413,0.,0.999985402345876));
#1843=DIRECTION('',(1.22464679914735E-16,0.,-1.));
#1844=DIRECTION('center_axis',(-1.22464679914735E-16,-1.,0.));
#1845=DIRECTION('ref_axis',(-0.073405135887325,9.7565999773724E-18,-0.997302203960948));
#1846=DIRECTION('',(5.54012937085799E-10,0.,1.));
#1847=DIRECTION('',(1.,-1.22464679914154E-16,-5.53473597768283E-10));
#1848=DIRECTION('center_axis',(-1.22464679914735E-16,-1.,0.));
#1849=DIRECTION('ref_axis',(-0.966075991630947,1.17621233060545E-16,-0.25825796869464));
#1850=DIRECTION('',(0.258257968694624,-3.12250225675825E-17,-0.966075991630952));
#1851=DIRECTION('center_axis',(-1.22464679914735E-16,-1.,0.));
#1852=DIRECTION('ref_axis',(0.966075991630944,-1.1781094472677E-16,0.258257968694651));
#1853=DIRECTION('',(1.,-1.22464679914735E-16,5.52739708908155E-16));
#1854=DIRECTION('center_axis',(-1.22464679914735E-16,-1.,0.));
#1855=DIRECTION('ref_axis',(-5.36761282775006E-15,0.,1.));
#1856=DIRECTION('',(-0.549177886660954,6.76542155630955E-17,-0.835705479701197));
#1857=DIRECTION('center_axis',(-1.22464679914735E-16,-1.,0.));
#1858=DIRECTION('ref_axis',(0.827474921486456,-9.97124517687456E-17,-0.561502675248287));
#1859=DIRECTION('center_axis',(-1.22464679914735E-16,-1.,0.));
#1860=DIRECTION('ref_axis',(1.46737446141099E-15,0.,-1.));
#1861=DIRECTION('',(1.,-1.22464679914735E-16,-3.90795957469762E-16));
#1862=DIRECTION('center_axis',(-1.22464679914735E-16,-1.,0.));
#1863=DIRECTION('ref_axis',(-0.82913034420956,9.98175228454245E-17,-0.55905533922049));
#1864=DIRECTION('center_axis',(-1.22464679914735E-16,-1.,0.));
#1865=DIRECTION('ref_axis',(-0.835705479701275,1.0244429976241E-16,-0.549177886660836));
#1866=DIRECTION('',(0.549177886660836,-6.76542155630954E-17,-0.835705479701275));
#1867=DIRECTION('center_axis',(-1.22464679914735E-16,-1.,0.));
#1868=DIRECTION('ref_axis',(0.835705479701285,-1.02444299762413E-16,0.549177886660821));
#1869=DIRECTION('',(-1.,1.22464679914735E-16,9.10195389669475E-16));
#1870=DIRECTION('center_axis',(-1.22464679914735E-16,-1.,0.));
#1871=DIRECTION('ref_axis',(-4.78481858910175E-15,0.,1.));
#1872=DIRECTION('',(-0.258257968694631,3.46944695195361E-17,-0.96607599163095));
#1873=DIRECTION('center_axis',(-1.22464679914735E-16,-1.,0.));
#1874=DIRECTION('ref_axis',(-1.43165328981426E-15,0.,-1.));
#1875=DIRECTION('',(-1.,1.22464679914735E-16,-1.61720154440858E-15));
#1876=DIRECTION('center_axis',(1.22464679914735E-16,1.,0.));
#1877=DIRECTION('ref_axis',(-0.201206011996669,2.45866319429784E-17,-0.979548947595982));
#1878=DIRECTION('',(-1.22447497849352E-16,-1.,1.73472347597681E-17));
#1879=DIRECTION('',(-1.22447497849352E-16,-1.,1.73472347597681E-17));
#1880=DIRECTION('center_axis',(-1.22464679914735E-16,-1.,0.));
#1881=DIRECTION('ref_axis',(-0.00540324857442413,0.,0.999985402345876));
#1882=DIRECTION('',(-1.22447497849352E-16,-1.,1.73472347597681E-17));
#1883=DIRECTION('',(-1.22447497849352E-16,-1.,1.73472347597681E-17));
#1884=DIRECTION('center_axis',(-1.22464679914735E-16,0.,1.));
#1885=DIRECTION('ref_axis',(1.,-1.22464679914735E-16,1.22464679914735E-16));
#1886=DIRECTION('',(-1.22447497849352E-16,-1.,1.73472347597681E-17));
#1887=DIRECTION('',(-1.22447497849352E-16,-1.,1.73472347597681E-17));
#1888=DIRECTION('center_axis',(1.22464679914735E-16,1.,0.));
#1889=DIRECTION('ref_axis',(-0.707106781186543,8.74191357972564E-17,0.707106781186552));
#1890=DIRECTION('',(-1.22447497849352E-16,-1.,1.73472347597681E-17));
#1891=DIRECTION('center_axis',(1.,-1.22464679914735E-16,1.22464679914735E-16));
#1892=DIRECTION('ref_axis',(1.22464679914735E-16,0.,-1.));
#1893=DIRECTION('',(-1.22447497849352E-16,-1.,1.73472347597681E-17));
#1894=DIRECTION('center_axis',(1.22464679914735E-16,1.,0.));
#1895=DIRECTION('ref_axis',(0.707106781186547,-8.74191357972564E-17,0.707106781186548));
#1896=DIRECTION('center_axis',(3.25856877797843E-15,0.,-1.));
#1897=DIRECTION('ref_axis',(1.,-1.22464679914735E-16,3.25856877797843E-15));
#1898=DIRECTION('',(-1.22447497849352E-16,-1.,1.73472347597681E-17));
#1899=DIRECTION('center_axis',(-6.39543030469409E-6,0.,0.999999999979549));
#1900=DIRECTION('ref_axis',(-0.999999999979549,1.22464686300634E-16,-6.39543030469409E-6));
#1901=DIRECTION('',(-1.22447497849352E-16,-1.,1.73472347597681E-17));
#1902=DIRECTION('center_axis',(-1.22464679914735E-16,-1.,0.));
#1903=DIRECTION('ref_axis',(0.0284243182591743,0.,-0.999595947436514));
#1904=DIRECTION('',(-1.22447497849352E-16,-1.,1.73472347597681E-17));
#1905=DIRECTION('center_axis',(-1.22464679914735E-16,-1.,0.));
#1906=DIRECTION('ref_axis',(1.,-1.22464679914735E-16,1.22464679914735E-16));
#1907=DIRECTION('',(-1.22447497849352E-16,-1.,1.73472347597681E-17));
#1908=DIRECTION('center_axis',(1.,-1.22464679914735E-16,1.22464679914735E-16));
#1909=DIRECTION('ref_axis',(-1.22464679914735E-16,0.,1.));
#1910=DIRECTION('',(-1.22447497849352E-16,-1.,1.73472347597681E-17));
#1911=DIRECTION('center_axis',(-1.22464679914735E-16,-1.,0.));
#1912=DIRECTION('ref_axis',(-1.,1.22464679914735E-16,-1.22464679914735E-16));
#1913=DIRECTION('',(-1.22447497849352E-16,-1.,1.73472347597681E-17));
#1914=DIRECTION('center_axis',(-1.22464679914735E-16,-1.,0.));
#1915=DIRECTION('ref_axis',(0.999999992979562,-1.22464482086197E-16,-0.000118494199482734));
#1916=DIRECTION('center_axis',(-0.0146993796233989,3.46944695195361E-18,
0.999891958282837));
#1917=DIRECTION('ref_axis',(-0.999891958282837,1.22463623340981E-16,-0.0146993796233989));
#1918=DIRECTION('',(-1.22447497849352E-16,-1.,1.73472347597681E-17));
#1919=DIRECTION('',(-1.22447497849352E-16,-1.,1.73472347597681E-17));
#1920=DIRECTION('center_axis',(-1.22464679914735E-16,-1.,0.));
#1921=DIRECTION('ref_axis',(-0.0734051358873234,1.36592399683214E-17,-0.997302203960948));
#1922=DIRECTION('',(-1.22447497849352E-16,-1.,1.73472347597681E-17));
#1923=DIRECTION('center_axis',(-1.22464679914735E-16,-1.,0.));
#1924=DIRECTION('ref_axis',(-0.073405135887325,9.7565999773724E-18,-0.997302203960948));
#1925=DIRECTION('',(-1.22447497849352E-16,-1.,1.73472347597681E-17));
#1926=DIRECTION('',(-1.22447497849352E-16,-1.,1.73472347597681E-17));
#1927=DIRECTION('center_axis',(1.,-1.22464679917386E-16,-5.54012937085799E-10));
#1928=DIRECTION('ref_axis',(5.54012937085799E-10,0.,1.));
#1929=DIRECTION('',(-1.22447497849352E-16,-1.,1.73472347597681E-17));
#1930=DIRECTION('center_axis',(5.53473597768283E-10,0.,1.));
#1931=DIRECTION('ref_axis',(-1.,1.22464679915885E-16,5.53473597768283E-10));
#1932=DIRECTION('',(-1.22447497849352E-16,-1.,1.73472347597681E-17));
#1933=DIRECTION('center_axis',(-2.98577125954327E-15,0.,-1.));
#1934=DIRECTION('ref_axis',(-1.22464679914735E-16,-1.,0.));
#1935=DIRECTION('',(-1.22447497849352E-16,-1.,1.73472347597681E-17));
#1936=DIRECTION('center_axis',(-1.22464679914735E-16,-1.,0.));
#1937=DIRECTION('ref_axis',(-0.966075991630947,1.17621233060545E-16,-0.25825796869464));
#1938=DIRECTION('',(-1.22447497849352E-16,-1.,1.73472347597681E-17));
#1939=DIRECTION('',(-1.22447497849352E-16,-1.,1.73472347597681E-17));
#1940=DIRECTION('center_axis',(-0.966075991630952,1.17961196366423E-16,
-0.258257968694624));
#1941=DIRECTION('ref_axis',(0.258257968694624,-3.27821759239711E-17,-0.966075991630952));
#1942=DIRECTION('',(-1.22447497849352E-16,-1.,1.73472347597681E-17));
#1943=DIRECTION('center_axis',(-1.22464679914735E-16,-1.,0.));
#1944=DIRECTION('ref_axis',(0.966075991630944,-1.1781094472677E-16,0.258257968694651));
#1945=DIRECTION('',(-1.22447497849352E-16,-1.,1.73472347597681E-17));
#1946=DIRECTION('center_axis',(5.52739708908154E-16,0.,-1.));
#1947=DIRECTION('ref_axis',(1.,-1.22464679914735E-16,5.52739708908154E-16));
#1948=DIRECTION('',(-1.22447497849352E-16,-1.,1.73472347597681E-17));
#1949=DIRECTION('center_axis',(-1.22464679914735E-16,-1.,0.));
#1950=DIRECTION('ref_axis',(-5.36761282775006E-15,0.,1.));
#1951=DIRECTION('',(-1.22447497849352E-16,-1.,1.73472347597681E-17));
#1952=DIRECTION('center_axis',(0.835705479701197,-1.02348685082632E-16,
-0.549177886660954));
#1953=DIRECTION('ref_axis',(0.549177886660954,-6.55643518479423E-17,0.835705479701197));
#1954=DIRECTION('',(-1.22447497849352E-16,-1.,1.73472347597681E-17));
#1955=DIRECTION('center_axis',(-1.22464679914735E-16,-1.,0.));
#1956=DIRECTION('ref_axis',(0.827474921486456,-9.97124517687456E-17,-0.561502675248287));
#1957=DIRECTION('',(-1.22447497849352E-16,-1.,1.73472347597681E-17));
#1958=DIRECTION('center_axis',(-1.22464679914735E-16,-1.,0.));
#1959=DIRECTION('ref_axis',(1.46737446141099E-15,0.,-1.));
#1960=DIRECTION('',(-1.22447497849352E-16,-1.,1.73472347597681E-17));
#1961=DIRECTION('center_axis',(-3.90795957469762E-16,0.,-1.));
#1962=DIRECTION('ref_axis',(1.,-1.22464679914735E-16,-3.90795957469762E-16));
#1963=DIRECTION('',(-1.22447497849352E-16,-1.,1.73472347597681E-17));
#1964=DIRECTION('center_axis',(-1.22464679914735E-16,-1.,0.));
#1965=DIRECTION('ref_axis',(-0.82913034420956,9.98175228454245E-17,-0.55905533922049));
#1966=DIRECTION('',(-1.22447497849352E-16,-1.,1.73472347597681E-17));
#1967=DIRECTION('center_axis',(-1.22464679914735E-16,-1.,0.));
#1968=DIRECTION('ref_axis',(-0.835705479701275,1.0244429976241E-16,-0.549177886660836));
#1969=DIRECTION('',(-1.22447497849352E-16,-1.,1.73472347597681E-17));
#1970=DIRECTION('center_axis',(-0.835705479701275,1.02348685082632E-16,
-0.549177886660836));
#1971=DIRECTION('ref_axis',(0.549177886660836,-7.10280478352709E-17,-0.835705479701275));
#1972=DIRECTION('',(-1.22447497849352E-16,-1.,1.73472347597681E-17));
#1973=DIRECTION('center_axis',(-1.22464679914735E-16,-1.,0.));
#1974=DIRECTION('ref_axis',(0.835705479701285,-1.02444299762413E-16,0.549177886660821));
#1975=DIRECTION('',(-1.22447497849352E-16,-1.,1.73472347597681E-17));
#1976=DIRECTION('center_axis',(-9.10195389669475E-16,0.,-1.));
#1977=DIRECTION('ref_axis',(1.,-1.22464679914735E-16,-9.10195389669475E-16));
#1978=DIRECTION('',(-1.22447497849352E-16,-1.,1.73472347597681E-17));
#1979=DIRECTION('center_axis',(-1.22464679914735E-16,-1.,0.));
#1980=DIRECTION('ref_axis',(-4.78481858910175E-15,0.,1.));
#1981=DIRECTION('',(-1.22447497849352E-16,-1.,1.73472347597681E-17));
#1982=DIRECTION('center_axis',(0.96607599163095,-1.17961196366423E-16,-0.258257968694631));
#1983=DIRECTION('ref_axis',(0.258257968694631,-3.27821759239712E-17,0.96607599163095));
#1984=DIRECTION('',(-1.22447497849352E-16,-1.,1.73472347597681E-17));
#1985=DIRECTION('center_axis',(-1.22464679914735E-16,-1.,0.));
#1986=DIRECTION('ref_axis',(-1.43165328981426E-15,0.,-1.));
#1987=DIRECTION('center_axis',(1.18276553355028E-15,0.,1.));
#1988=DIRECTION('ref_axis',(-1.,1.22464679914735E-16,1.18276553355028E-15));
#1989=DIRECTION('',(-1.22447497849352E-16,-1.,1.73472347597681E-17));
#1990=DIRECTION('',(-1.22447497849352E-16,-1.,1.73472347597681E-17));
#1991=DIRECTION('center_axis',(-1.22464679914735E-16,-1.,0.));
#1992=DIRECTION('ref_axis',(-2.02939097047926E-15,0.,-1.));
#1993=DIRECTION('',(-1.22447497849352E-16,-1.,1.73472347597681E-17));
#1994=DIRECTION('',(-1.22447497849352E-16,-1.,1.73472347597681E-17));
#1995=DIRECTION('center_axis',(-0.966075991630947,1.17961196366423E-16,
0.258257968694643));
#1996=DIRECTION('ref_axis',(-0.258257968694643,3.27821759239712E-17,-0.966075991630947));
#1997=DIRECTION('',(-1.22447497849352E-16,-1.,1.73472347597681E-17));
#1998=DIRECTION('center_axis',(-1.22464679914735E-16,-1.,0.));
#1999=DIRECTION('ref_axis',(-1.22464679914735E-16,0.,1.));
#2000=DIRECTION('center_axis',(1.18276553355028E-15,0.,1.));
#2001=DIRECTION('ref_axis',(-1.,1.22464679914735E-16,1.18276553355028E-15));
#2002=DIRECTION('',(-1.22447497849352E-16,-1.,1.73472347597681E-17));
#2003=DIRECTION('',(-1.22447497849352E-16,-1.,1.73472347597681E-17));
#2004=DIRECTION('center_axis',(-1.22464679914735E-16,-1.,0.));
#2005=DIRECTION('ref_axis',(0.835705479701273,-1.02444299762409E-16,0.549177886660839));
#2006=DIRECTION('',(-1.22447497849352E-16,-1.,1.73472347597681E-17));
#2007=DIRECTION('center_axis',(0.835705479701275,-1.02348685082632E-16,
0.549177886660836));
#2008=DIRECTION('ref_axis',(-0.549177886660836,7.10280478352709E-17,0.835705479701275));
#2009=DIRECTION('',(-1.22447497849352E-16,-1.,1.73472347597681E-17));
#2010=DIRECTION('center_axis',(-1.22464679914735E-16,-1.,0.));
#2011=DIRECTION('ref_axis',(-0.835705479701269,1.02444299762408E-16,-0.549177886660844));
#2012=DIRECTION('',(-1.22447497849352E-16,-1.,1.73472347597681E-17));
#2013=DIRECTION('center_axis',(3.90795957469763E-16,0.,1.));
#2014=DIRECTION('ref_axis',(-1.,1.22464679914735E-16,3.90795957469763E-16));
#2015=DIRECTION('',(-1.22447497849352E-16,-1.,1.73472347597681E-17));
#2016=DIRECTION('center_axis',(-1.22464679914735E-16,-1.,0.));
#2017=DIRECTION('ref_axis',(5.11784386832932E-15,0.,-1.));
#2018=DIRECTION('',(-1.22447497849352E-16,-1.,1.73472347597681E-17));
#2019=DIRECTION('center_axis',(-0.835705479701274,1.02348685082632E-16,
0.549177886660837));
#2020=DIRECTION('ref_axis',(-0.549177886660837,6.82961998416066E-17,-0.835705479701274));
#2021=DIRECTION('',(-1.22447497849352E-16,-1.,1.73472347597681E-17));
#2022=DIRECTION('center_axis',(-1.22464679914735E-16,-1.,0.));
#2023=DIRECTION('ref_axis',(-2.45364163450823E-15,0.,1.));
#2024=DIRECTION('center_axis',(-1.22464679914735E-16,-1.,0.));
#2025=DIRECTION('ref_axis',(0.966075991630949,-1.17469463727564E-16,0.258257968694635));
#2026=DIRECTION('',(-1.22447497849352E-16,-1.,1.73472347597681E-17));
#2027=DIRECTION('center_axis',(0.96607599163095,-1.17961196366423E-16,0.258257968694631));
#2028=DIRECTION('ref_axis',(-0.258257968694631,3.27821759239711E-17,0.96607599163095));
#2029=DIRECTION('',(-1.22447497849352E-16,-1.,1.73472347597681E-17));
#2030=DIRECTION('center_axis',(-1.22464679914735E-16,-1.,0.));
#2031=DIRECTION('ref_axis',(-0.966075991630947,1.18204961264319E-16,-0.258257968694642));
#2032=DIRECTION('center_axis',(-5.53473597768283E-10,0.,-1.));
#2033=DIRECTION('ref_axis',(1.,-1.22464679915885E-16,-5.53473597768283E-10));
#2034=DIRECTION('center_axis',(2.98577125954327E-15,0.,1.));
#2035=DIRECTION('ref_axis',(1.22464679914735E-16,1.,0.));
#2036=DIRECTION('center_axis',(1.,-1.22464679914735E-16,1.22464679914735E-16));
#2037=DIRECTION('ref_axis',(-1.22464679914735E-16,0.,1.));
#2038=DIRECTION('center_axis',(-1.,1.22464679914735E-16,-1.22464679914735E-16));
#2039=DIRECTION('ref_axis',(-1.22464679914735E-16,0.,1.));
#2040=CARTESIAN_POINT('',(0.,0.,0.));
#2041=CARTESIAN_POINT('Origin',(20.4059375430484,-119.972581281576,-34.5649725871923));
#2042=CARTESIAN_POINT('',(-0.059009038811944,-119.972581281576,-34.4178659861165));
#2043=CARTESIAN_POINT('',(-0.059009038811944,-119.972581281576,-33.8399730813978));
#2044=CARTESIAN_POINT('',(-0.059009038811944,-119.972581281576,-34.5568164577242));
#2045=CARTESIAN_POINT('',(-0.0608803255615453,-119.972581281576,-33.8283085393503));
#2046=CARTESIAN_POINT('',(-0.184293916449046,-119.972581281576,-33.0590180923103));
#2047=CARTESIAN_POINT('',(-0.882364107976642,-119.972581281576,-33.830753661306));
#2048=CARTESIAN_POINT('Origin',(-0.471509038811941,-119.972581281576,-33.8675553208016));
#2049=CARTESIAN_POINT('',(-0.768817977964847,-119.972581281576,-33.9549243017461));
#2050=CARTESIAN_POINT('Origin',(-0.768818707043841,-119.972581281576,-33.8409243017484));
#2051=CARTESIAN_POINT('',(-0.767405967183347,-119.972581281576,-33.9549242927157));
#2052=CARTESIAN_POINT('',(5.29548048597526,-119.972581281576,-33.9548855179481));
#2053=CARTESIAN_POINT('',(-0.65445429736474,-119.972581281576,-33.8563436177116));
#2054=CARTESIAN_POINT('Origin',(-0.767406696262341,-119.972581281576,-33.840924292718));
#2055=CARTESIAN_POINT('',(-0.475459588597944,-119.972581281576,-33.7051033489565));
#2056=CARTESIAN_POINT('Origin',(-0.481062456951643,-119.972581281576,-33.8800136341492));
#2057=CARTESIAN_POINT('',(-0.309009038811946,-119.972581281576,-33.8675553208016));
#2058=CARTESIAN_POINT('Origin',(-0.471509038811941,-119.972581281576,-33.8675553208016));
#2059=CARTESIAN_POINT('',(-0.309009038811946,-119.972581281576,-34.3925553208016));
#2060=CARTESIAN_POINT('',(-0.309009038811946,-119.972581281576,-32.0932950085247));
#2061=CARTESIAN_POINT('',(-0.476930689510741,-119.972581281576,-34.5549648516294));
#2062=CARTESIAN_POINT('Origin',(-0.471509038811941,-119.972581281576,-34.3925553208016));
#2063=CARTESIAN_POINT('',(-0.654468935144241,-119.972581281576,-34.4035761747771));
#2064=CARTESIAN_POINT('Origin',(-0.481062456951643,-119.972581281576,-34.3800136341492));
#2065=CARTESIAN_POINT('',(-0.767430869509646,-119.972581281576,-34.3049254869432));
#2066=CARTESIAN_POINT('Origin',(-0.76743086950964,-119.972581281576,-34.4189254869575));
#2067=CARTESIAN_POINT('',(-0.76884195716594,-119.972581281576,-34.3049254869438));
#2068=CARTESIAN_POINT('',(5.33471735207506,-119.972581281576,-34.3049254869573));
#2069=CARTESIAN_POINT('',(-0.882396237542337,-119.972581281576,-34.4289965051879));
#2070=CARTESIAN_POINT('Origin',(-0.76884195716594,-119.972581281576,-34.4189254869575));
#2071=CARTESIAN_POINT('',(-0.463247758987138,-119.972581281576,-34.8049725867541));
#2072=CARTESIAN_POINT('Origin',(-0.471509038811941,-119.972581281576,-34.3925553208016));
#2073=CARTESIAN_POINT('',(3.39313025267605,-119.972581281576,-34.804972586754));
#2074=CARTESIAN_POINT('',(6.67350401499996,-119.972581281576,-34.8049725867541));
#2075=CARTESIAN_POINT('',(4.26259864514395,-119.972581281576,-34.1374047585792));
#2076=CARTESIAN_POINT('Origin',(3.39313025267605,-119.972581281576,-33.904972586754));
#2077=CARTESIAN_POINT('',(6.39134528173936,-119.972581281576,-26.174316423785));
#2078=CARTESIAN_POINT('',(4.97822302009616,-119.972581281576,-31.4604398185942));
#2079=CARTESIAN_POINT('',(6.53625668048396,-119.972581281576,-26.0630551190892));
#2080=CARTESIAN_POINT('Origin',(6.53625668048396,-119.972581281576,-26.2130551190892));
#2081=CARTESIAN_POINT('',(10.5996640319059,-119.972581281576,-26.0630551190892));
#2082=CARTESIAN_POINT('',(8.96841358371776,-119.972581281576,-26.0630551190892));
#2083=CARTESIAN_POINT('',(10.6832345798761,-119.972581281576,-26.1081373304231));
#2084=CARTESIAN_POINT('Origin',(10.5996640319059,-119.972581281576,-26.1630551190892));
#2085=CARTESIAN_POINT('',(10.8575695251812,-119.972581281576,-26.3734296384961));
#2086=CARTESIAN_POINT('',(11.7554104847597,-119.972581281576,-27.7397093595939));
#2087=CARTESIAN_POINT('',(10.8596271647348,-119.972581281576,-26.376510835643));
#2088=CARTESIAN_POINT('Origin',(11.0664958951065,-119.972581281576,-26.2361351668309));
#2089=CARTESIAN_POINT('',(11.1829879989766,-119.972581281576,-26.548479253347));
#2090=CARTESIAN_POINT('Origin',(11.1829879989766,-119.972581281576,-26.158479253347));
#2091=CARTESIAN_POINT('',(11.864272550566,-119.972581281576,-26.548479253347));
#2092=CARTESIAN_POINT('',(11.2917792429641,-119.972581281576,-26.548479253347));
#2093=CARTESIAN_POINT('',(12.1876333848078,-119.972581281576,-26.376510835643));
#2094=CARTESIAN_POINT('Origin',(11.864272550566,-119.972581281576,-26.158479253347));
#2095=CARTESIAN_POINT('',(12.1896910243615,-119.972581281576,-26.3734296384961));
#2096=CARTESIAN_POINT('Origin',(11.9807646544362,-119.972581281576,-26.2361351668309));
#2097=CARTESIAN_POINT('',(12.3640259696666,-119.972581281576,-26.1081373304231));
#2098=CARTESIAN_POINT('',(11.1675682091447,-119.972581281576,-27.9288339225212));
#2099=CARTESIAN_POINT('',(12.4475965176367,-119.972581281576,-26.0630551190892));
#2100=CARTESIAN_POINT('Origin',(12.4475965176367,-119.972581281576,-26.1630551190892));
#2101=CARTESIAN_POINT('',(16.5110038690586,-119.972581281576,-26.0630551190892));
#2102=CARTESIAN_POINT('',(11.9240835022941,-119.972581281576,-26.0630551190892));
#2103=CARTESIAN_POINT('',(16.6559152678032,-119.972581281576,-26.174316423785));
#2104=CARTESIAN_POINT('Origin',(16.5110038690586,-119.972581281576,-26.2130551190892));
#2105=CARTESIAN_POINT('',(18.7846619043986,-119.972581281576,-34.1374047585792));
#2106=CARTESIAN_POINT('',(16.9964564705274,-119.972581281576,-27.448192625072));
#2107=CARTESIAN_POINT('',(19.6541302968665,-119.972581281576,-34.8049725867541));
#2108=CARTESIAN_POINT('Origin',(19.6541302968665,-119.972581281576,-33.9049725867541));
#2109=CARTESIAN_POINT('',(22.6724539639438,-119.972581281576,-34.8049725884241));
#2110=CARTESIAN_POINT('',(20.0535339198883,-119.972581281576,-34.8049725869491));
#2111=CARTESIAN_POINT('',(22.6724539639443,-119.972581281576,-34.8040283581404));
#2112=CARTESIAN_POINT('',(22.6724539639438,-119.972581281576,-34.8049725887855));
#2113=CARTESIAN_POINT('',(23.0480179520719,-119.972581281576,-34.4644304019285));
#2114=CARTESIAN_POINT('Origin',(22.6981457615048,-119.972581281576,-34.4549725867541));
#2115=CARTESIAN_POINT('',(23.0480179520719,-119.972581281576,-34.3560307060465));
#2116=CARTESIAN_POINT('',(23.0480179520719,-119.972581281576,-34.3560307060465));
#2117=CARTESIAN_POINT('',(23.1483426487705,-119.972581281576,-34.254925493316));
#2118=CARTESIAN_POINT('Origin',(23.1488876744028,-119.972581281576,-34.3557940271921));
#2119=CARTESIAN_POINT('',(23.2688642171985,-119.972581281576,-34.2549254869575));
#2120=CARTESIAN_POINT('',(23.0458636201168,-119.972581281576,-34.2549254869575));
#2121=CARTESIAN_POINT('',(23.3939375430484,-119.972581281576,-34.3800136341492));
#2122=CARTESIAN_POINT('Origin',(23.2688642171985,-119.972581281576,-34.3799988136855));
#2123=CARTESIAN_POINT('',(23.6439375430484,-119.972581281576,-34.3800136341492));
#2124=CARTESIAN_POINT('Origin',(23.5189375430484,-119.972581281576,-34.3800136341492));
#2125=CARTESIAN_POINT('',(23.6439375430484,-119.972581281576,-33.8800136341492));
#2126=CARTESIAN_POINT('',(23.6439375430484,-119.972581281576,-34.3800136341492));
#2127=CARTESIAN_POINT('',(23.3939375430484,-119.972581281576,-33.8800136341492));
#2128=CARTESIAN_POINT('Origin',(23.5189375430484,-119.972581281576,-33.8800136341492));
#2129=CARTESIAN_POINT('',(23.2725285773293,-119.972581281576,-34.0049240373181));
#2130=CARTESIAN_POINT('Origin',(23.26897664911,-119.972581281576,-33.8800136341492));
#2131=CARTESIAN_POINT('',(23.1478639069864,-119.972581281576,-34.0049248346023));
#2132=CARTESIAN_POINT('',(23.0458605729329,-119.972581281576,-34.0049254869575));
#2133=CARTESIAN_POINT('',(23.0480179520719,-119.972581281576,-33.8824818927239));
#2134=CARTESIAN_POINT('Origin',(23.1730179520719,-119.972581281576,-33.8824818927239));
#2135=CARTESIAN_POINT('',(23.0480179520719,-119.972581281576,-33.7459340220659));
#2136=CARTESIAN_POINT('',(23.0480179520719,-119.972581281576,-33.6209340220659));
#2137=CARTESIAN_POINT('',(22.9230179520719,-119.972581281576,-33.6209340220659));
#2138=CARTESIAN_POINT('Origin',(22.9230179520719,-119.972581281576,-33.7459340220659));
#2139=CARTESIAN_POINT('',(22.9226975054983,-119.972581281576,-33.6209340220659));
#2140=CARTESIAN_POINT('',(22.7976975054983,-119.972581281576,-33.6209340220659));
#2141=CARTESIAN_POINT('',(22.7976975054983,-119.972581281576,-33.7459340220659));
#2142=CARTESIAN_POINT('Origin',(22.9226975054983,-119.972581281576,-33.7459340220659));
#2143=CARTESIAN_POINT('',(22.7976975054983,-119.972581281576,-34.4644304019285));
#2144=CARTESIAN_POINT('',(22.7976975054983,-119.972581281576,-34.4644304019285));
#2145=CARTESIAN_POINT('',(22.6908052479162,-119.972581281576,-34.5547028071502));
#2146=CARTESIAN_POINT('Origin',(22.6981457615048,-119.972581281576,-34.4549725867541));
#2147=CARTESIAN_POINT('',(22.6724539640828,-119.972581281576,-34.5549725886536));
#2148=CARTESIAN_POINT('',(22.6908052479162,-119.972581281576,-34.5547028071502));
#2149=CARTESIAN_POINT('',(19.6541302970048,-119.972581281576,-34.5549725867424));
#2150=CARTESIAN_POINT('',(21.9481957535653,-119.972581281576,-34.5549725879889));
#2151=CARTESIAN_POINT('',(19.0261809023064,-119.972581281576,-34.0728402664056));
#2152=CARTESIAN_POINT('Origin',(19.6541302968665,-119.972581281576,-33.9049725867541));
#2153=CARTESIAN_POINT('',(16.8676911411597,-119.972581281576,-25.9984906269156));
#2154=CARTESIAN_POINT('',(18.3023487867327,-119.972581281576,-31.3651723002954));
#2155=CARTESIAN_POINT('',(16.6261721432519,-119.972581281576,-25.8130551190892));
#2156=CARTESIAN_POINT('Origin',(16.6261721432519,-119.972581281576,-26.0630551190892));
#2157=CARTESIAN_POINT('',(12.339706328021,-119.972581281576,-25.8130551190892));
#2158=CARTESIAN_POINT('',(11.0540623542365,-119.972581281576,-25.8130551190892));
#2159=CARTESIAN_POINT('',(12.2143505060658,-119.972581281576,-25.8806784360901));
#2160=CARTESIAN_POINT('Origin',(12.339706328021,-119.972581281576,-25.9630551190892));
#2161=CARTESIAN_POINT('',(11.9812713177242,-119.972581281576,-26.2353641574795));
#2162=CARTESIAN_POINT('',(11.0754347650343,-119.972581281576,-27.6138110854858));
#2163=CARTESIAN_POINT('',(11.864272550566,-119.972581281576,-26.298479253347));
#2164=CARTESIAN_POINT('Origin',(11.864272550566,-119.972581281576,-26.158479253347));
#2165=CARTESIAN_POINT('',(11.1829879989766,-119.972581281576,-26.298479253347));
#2166=CARTESIAN_POINT('',(11.6324215187588,-119.972581281576,-26.298479253347));
#2167=CARTESIAN_POINT('',(11.0659892318184,-119.972581281576,-26.2353641574795));
#2168=CARTESIAN_POINT('Origin',(11.1829879989766,-119.972581281576,-26.158479253347));
#2169=CARTESIAN_POINT('',(10.8329100434768,-119.972581281576,-25.8806784360901));
#2170=CARTESIAN_POINT('',(12.0512509956935,-119.972581281576,-27.7346755372895));
#2171=CARTESIAN_POINT('',(10.7075542215216,-119.972581281576,-25.8130551190892));
#2172=CARTESIAN_POINT('Origin',(10.7075542215216,-119.972581281576,-25.9630551190892));
#2173=CARTESIAN_POINT('',(6.42108840629066,-119.972581281576,-25.8130551190892));
#2174=CARTESIAN_POINT('',(11.0540623542365,-119.972581281576,-25.8130551190892));
#2175=CARTESIAN_POINT('',(6.17956940838286,-119.972581281576,-25.9984906269156));
#2176=CARTESIAN_POINT('Origin',(6.42108840629066,-119.972581281576,-26.0630551190892));
#2177=CARTESIAN_POINT('',(4.02107964723626,-119.972581281576,-34.0728402664056));
#2178=CARTESIAN_POINT('',(5.81594890276186,-119.972581281576,-27.3587005066755));
#2179=CARTESIAN_POINT('',(3.39313025267605,-119.972581281576,-34.554972586754));
#2180=CARTESIAN_POINT('Origin',(3.39313025267605,-119.972581281576,-33.904972586754));
#2181=CARTESIAN_POINT('',(0.101921169258058,-119.972581281576,-34.554972586754));
#2182=CARTESIAN_POINT('',(6.67350401499996,-119.972581281576,-34.5549725867541));
#2183=CARTESIAN_POINT('Origin',(0.101921169258058,-119.972581281576,-34.391972586754));
#2184=CARTESIAN_POINT('Origin',(0.10192116925808,60.0274187184238,-34.391972586754));
#2185=CARTESIAN_POINT('',(0.10192116925808,72.0274187184237,-34.554972586754));
#2186=CARTESIAN_POINT('',(0.10192116925808,60.0274187184238,-34.554972586754));
#2187=CARTESIAN_POINT('',(-0.059009038811922,72.0274187184237,-34.4178659861165));
#2188=CARTESIAN_POINT('Origin',(0.10192116925808,72.0274187184237,-34.391972586754));
#2189=CARTESIAN_POINT('',(-0.059009038811922,60.0274187184238,-34.4178659861165));
#2190=CARTESIAN_POINT('Origin',(-0.059009038811922,60.0274187184237,-34.5486603282554));
#2191=CARTESIAN_POINT('',(-0.059009038811922,72.0274187184237,-33.8399730813978));
#2192=CARTESIAN_POINT('',(-0.059009038811922,72.0274187184237,-34.6818164577242));
#2193=CARTESIAN_POINT('',(-0.059009038811922,66.0274187184237,-33.8399730813973));
#2194=CARTESIAN_POINT('Origin',(-0.471509038811919,72.0274187184237,-34.3925553208016));
#2195=CARTESIAN_POINT('',(-0.463247758987116,72.0274187184237,-34.8049725867541));
#2196=CARTESIAN_POINT('',(-0.463247758987217,72.0274187184237,-34.8049725867541));
#2197=CARTESIAN_POINT('',(-0.882396237542315,72.0274187184237,-34.4289965051879));
#2198=CARTESIAN_POINT('',(-0.882396237542315,72.0274187184237,-34.4289965051879));
#2199=CARTESIAN_POINT('Origin',(-0.471509038811919,72.0274187184237,-34.3925553208016));
#2200=CARTESIAN_POINT('Origin',(-0.471509038811919,72.0274187184237,-33.8675553208016));
#2201=CARTESIAN_POINT('',(-0.0608803255615233,72.0274187184237,-33.8283085393503));
#2202=CARTESIAN_POINT('',(-0.0608803255615233,60.0274187184238,-33.8283085393503));
#2203=CARTESIAN_POINT('',(-0.88236410797662,72.0274187184237,-33.830753661306));
#2204=CARTESIAN_POINT('Origin',(-0.471509038811919,72.0274187184237,-33.8675553208016));
#2205=CARTESIAN_POINT('',(-0.88236410797662,60.0274187184238,-33.830753661306));
#2206=CARTESIAN_POINT('Origin',(-0.768818707043819,72.0274187184237,-33.8409243017484));
#2207=CARTESIAN_POINT('',(-0.768817977964825,72.0274187184237,-33.9549243017461));
#2208=CARTESIAN_POINT('Origin',(-0.768818707043819,72.0274187184237,-33.8409243017484));
#2209=CARTESIAN_POINT('',(-0.768817977964825,60.0274187184238,-33.9549243017461));
#2210=CARTESIAN_POINT('Origin',(-0.809632767581721,60.0274187184238,-33.9549245627742));
#2211=CARTESIAN_POINT('',(-0.767405967183325,72.0274187184237,-33.9549242927156));
#2212=CARTESIAN_POINT('',(9.81814963711008,72.0274187184237,-33.9548565935328));
#2213=CARTESIAN_POINT('',(-0.767405967183325,60.0274187184238,-33.9549242927157));
#2214=CARTESIAN_POINT('Origin',(-0.767406696262319,60.0274187184238,-33.840924292718));
#2215=CARTESIAN_POINT('',(-0.654454297364718,72.0274187184237,-33.8563436177116));
#2216=CARTESIAN_POINT('Origin',(-0.767406696262319,72.0274187184237,-33.840924292718));
#2217=CARTESIAN_POINT('',(-0.654454297364718,60.0274187184238,-33.8563436177116));
#2218=CARTESIAN_POINT('Origin',(-0.48106245695162,60.0274187184238,-33.8800136341492));
#2219=CARTESIAN_POINT('',(-0.475459588597922,72.0274187184237,-33.7051033489565));
#2220=CARTESIAN_POINT('Origin',(-0.48106245695162,72.0274187184237,-33.8800136341492));
#2221=CARTESIAN_POINT('',(-0.475459588597922,60.0274187184238,-33.7051033489565));
#2222=CARTESIAN_POINT('Origin',(-0.471509038811919,72.0274187184237,-33.8675553208016));
#2223=CARTESIAN_POINT('',(-0.309009038811924,72.0274187184237,-33.8675553208016));
#2224=CARTESIAN_POINT('Origin',(-0.471509038811919,72.0274187184237,-33.8675553208016));
#2225=CARTESIAN_POINT('',(-0.309009038811924,60.0274187184238,-33.8675553208016));
#2226=CARTESIAN_POINT('Origin',(-0.309009038811924,72.0274187184237,-33.8675553208016));
#2227=CARTESIAN_POINT('',(-0.309009038811924,72.0274187184237,-34.3925553208016));
#2228=CARTESIAN_POINT('',(-0.309009038811924,72.0274187184237,-33.8675553208016));
#2229=CARTESIAN_POINT('',(-0.309009038811924,60.0274187184238,-34.3925553208016));
#2230=CARTESIAN_POINT('Origin',(-0.471509038811919,72.0274187184237,-34.3925553208016));
#2231=CARTESIAN_POINT('',(-0.476930689510719,72.0274187184237,-34.5549648516294));
#2232=CARTESIAN_POINT('Origin',(-0.471509038811919,72.0274187184237,-34.3925553208016));
#2233=CARTESIAN_POINT('',(-0.476930689510719,60.0274187184238,-34.5549648516294));
#2234=CARTESIAN_POINT('Origin',(-0.48106245695162,60.0274187184238,-34.3800136341492));
#2235=CARTESIAN_POINT('',(-0.654468935144219,72.0274187184237,-34.4035761747771));
#2236=CARTESIAN_POINT('Origin',(-0.48106245695162,72.0274187184237,-34.3800136341492));
#2237=CARTESIAN_POINT('',(-0.654468935144219,60.0274187184238,-34.4035761747771));
#2238=CARTESIAN_POINT('Origin',(-0.767430869509618,60.0274187184238,-34.4189254869575));
#2239=CARTESIAN_POINT('',(-0.767430869509618,72.0274187184237,-34.3049254869575));
#2240=CARTESIAN_POINT('Origin',(-0.767430869509618,72.0274187184237,-34.4189254869575));
#2241=CARTESIAN_POINT('',(-0.767430869509624,60.0274187184238,-34.3049254869432));
#2242=CARTESIAN_POINT('Origin',(-0.731135782801517,60.0274187184238,-34.3049254869575));
#2243=CARTESIAN_POINT('',(-0.768841957165918,72.0274187184237,-34.3049254869575));
#2244=CARTESIAN_POINT('',(9.85740088012348,72.0274187184237,-34.3049254869572));
#2245=CARTESIAN_POINT('',(-0.768841957165918,60.0274187184238,-34.3049254869438));
#2246=CARTESIAN_POINT('Origin',(-0.768841957165918,72.0274187184237,-34.4189254869575));
#2247=CARTESIAN_POINT('Origin',(-0.768841957165918,72.0274187184237,-34.4189254869575));
#2248=CARTESIAN_POINT('Origin',(-0.0464305464330155,72.0274187184237,-33.9183802807638));
#2249=CARTESIAN_POINT('',(-0.0608803255615233,72.0274187184237,-33.8283085393503));
#2250=CARTESIAN_POINT('Origin',(20.4059375430484,72.0274187184237,-34.8149725871923));
#2251=CARTESIAN_POINT('',(3.39313025267607,72.0274187184237,-34.554972586754));
#2252=CARTESIAN_POINT('',(1.01043145619218,72.0274187184237,-34.554972586754));
#2253=CARTESIAN_POINT('',(4.02107964723628,72.0274187184237,-34.0728402664056));
#2254=CARTESIAN_POINT('Origin',(3.39313025267607,72.0274187184237,-33.904972586754));
#2255=CARTESIAN_POINT('',(6.17956940838288,72.0274187184237,-25.9984906269156));
#2256=CARTESIAN_POINT('',(4.04901568486629,72.0274187184237,-33.9683388045838));
#2257=CARTESIAN_POINT('',(6.42108840629068,72.0274187184237,-25.8130551190892));
#2258=CARTESIAN_POINT('Origin',(6.42108840629068,72.0274187184237,-26.0630551190892));
#2259=CARTESIAN_POINT('',(10.7075542215216,72.0274187184237,-25.8130551190892));
#2260=CARTESIAN_POINT('',(10.7075542215216,72.0274187184237,-25.8130551190892));
#2261=CARTESIAN_POINT('',(10.8329100434768,72.0274187184237,-25.8806784360901));
#2262=CARTESIAN_POINT('Origin',(10.7075542215216,72.0274187184237,-25.9630551190892));
#2263=CARTESIAN_POINT('',(11.0659892318184,72.0274187184237,-26.2353641574795));
#2264=CARTESIAN_POINT('',(10.8273991695477,72.0274187184237,-25.8722923235892));
#2265=CARTESIAN_POINT('',(11.1829879989766,72.0274187184237,-26.298479253347));
#2266=CARTESIAN_POINT('Origin',(11.1829879989766,72.0274187184237,-26.158479253347));
#2267=CARTESIAN_POINT('',(11.864272550566,72.0274187184237,-26.298479253347));
#2268=CARTESIAN_POINT('',(11.1829879989766,72.0274187184237,-26.298479253347));
#2269=CARTESIAN_POINT('',(11.9812713177242,72.0274187184237,-26.2353641574795));
#2270=CARTESIAN_POINT('Origin',(11.864272550566,72.0274187184237,-26.158479253347));
#2271=CARTESIAN_POINT('',(12.2143505060658,72.0274187184237,-25.8806784360901));
#2272=CARTESIAN_POINT('',(12.219861379995,72.0274187184237,-25.8722923235892));
#2273=CARTESIAN_POINT('',(12.339706328021,72.0274187184237,-25.8130551190892));
#2274=CARTESIAN_POINT('Origin',(12.339706328021,72.0274187184237,-25.9630551190892));
#2275=CARTESIAN_POINT('',(16.626172143252,72.0274187184237,-25.8130551190892));
#2276=CARTESIAN_POINT('',(10.7075542215216,72.0274187184237,-25.8130551190892));
#2277=CARTESIAN_POINT('',(16.8676911411597,72.0274187184237,-25.9984906269156));
#2278=CARTESIAN_POINT('Origin',(16.626172143252,72.0274187184237,-26.0630551190892));
#2279=CARTESIAN_POINT('',(19.0261809023064,72.0274187184237,-34.0728402664056));
#2280=CARTESIAN_POINT('',(18.9982448646763,72.0274187184237,-33.9683388045838));
#2281=CARTESIAN_POINT('',(19.6541302970048,72.0274187184237,-34.5549725867424));
#2282=CARTESIAN_POINT('Origin',(19.6541302968665,72.0274187184237,-33.9049725867541));
#2283=CARTESIAN_POINT('',(22.6724539640828,72.0274187184237,-34.5549725886536));
#2284=CARTESIAN_POINT('',(23.3874539640822,72.0274187184237,-34.5549725887855));
#2285=CARTESIAN_POINT('',(22.6908052479162,72.0274187184237,-34.5547028071502));
#2286=CARTESIAN_POINT('',(22.6908052479162,72.0274187184237,-34.5547028071502));
#2287=CARTESIAN_POINT('',(22.7976975054983,72.0274187184237,-34.4644304019285));
#2288=CARTESIAN_POINT('Origin',(22.6981457615049,72.0274187184237,-34.4549725867541));
#2289=CARTESIAN_POINT('',(22.7976975054983,72.0274187184237,-33.7459340220659));
#2290=CARTESIAN_POINT('',(22.7976975054983,72.0274187184237,-34.4644304019285));
#2291=CARTESIAN_POINT('',(22.9226975054983,72.0274187184237,-33.6209340220659));
#2292=CARTESIAN_POINT('Origin',(22.9226975054983,72.0274187184237,-33.7459340220659));
#2293=CARTESIAN_POINT('',(22.9230179520719,72.0274187184237,-33.6209340220659));
#2294=CARTESIAN_POINT('',(22.7976975054983,72.0274187184237,-33.6209340220659));
#2295=CARTESIAN_POINT('',(23.0480179520719,72.0274187184237,-33.7459340220659));
#2296=CARTESIAN_POINT('Origin',(22.9230179520719,72.0274187184237,-33.7459340220659));
#2297=CARTESIAN_POINT('',(23.0480179520719,72.0274187184237,-33.8824818927239));
#2298=CARTESIAN_POINT('',(23.0480179520719,72.0274187184237,-33.6209340220659));
#2299=CARTESIAN_POINT('',(23.1478639069864,72.0274187184237,-34.0049248346023));
#2300=CARTESIAN_POINT('Origin',(23.1730179520719,72.0274187184237,-33.8824818927239));
#2301=CARTESIAN_POINT('',(23.2725285773293,72.0274187184237,-34.0049240373181));
#2302=CARTESIAN_POINT('',(23.0458605729329,72.0274187184237,-34.0049254869575));
#2303=CARTESIAN_POINT('',(23.3939375430484,72.0274187184237,-33.8800136341492));
#2304=CARTESIAN_POINT('Origin',(23.26897664911,72.0274187184237,-33.8800136341492));
#2305=CARTESIAN_POINT('',(23.6439375430484,72.0274187184237,-33.8800136341492));
#2306=CARTESIAN_POINT('Origin',(23.5189375430484,72.0274187184237,-33.8800136341492));
#2307=CARTESIAN_POINT('',(23.6439375430484,72.0274187184237,-34.3800136341492));
#2308=CARTESIAN_POINT('',(23.6439375430484,72.0274187184237,-34.3800136341492));
#2309=CARTESIAN_POINT('',(23.3939375430484,72.0274187184237,-34.3800136341492));
#2310=CARTESIAN_POINT('Origin',(23.5189375430484,72.0274187184237,-34.3800136341492));
#2311=CARTESIAN_POINT('',(23.2688642171985,72.0274187184237,-34.2549254869575));
#2312=CARTESIAN_POINT('Origin',(23.2688642171985,72.0274187184237,-34.3799988136855));
#2313=CARTESIAN_POINT('',(23.1483426487706,72.0274187184237,-34.254925493316));
#2314=CARTESIAN_POINT('',(23.0458636201169,72.0274187184237,-34.2549254869575));
#2315=CARTESIAN_POINT('',(23.0480179520719,72.0274187184237,-34.3560307060465));
#2316=CARTESIAN_POINT('Origin',(23.1488876744028,72.0274187184237,-34.3557940271921));
#2317=CARTESIAN_POINT('',(23.0480179520719,72.0274187184237,-34.4644304019285));
#2318=CARTESIAN_POINT('',(23.0480179520719,72.0274187184237,-34.3460307060465));
#2319=CARTESIAN_POINT('',(22.6724539639443,72.0274187184237,-34.8040283581404));
#2320=CARTESIAN_POINT('Origin',(22.6981457615049,72.0274187184237,-34.4549725867541));
#2321=CARTESIAN_POINT('',(22.6724539639438,72.0274187184237,-34.8049725884328));
#2322=CARTESIAN_POINT('',(22.6724539639438,72.0274187184237,-34.8049725887855));
#2323=CARTESIAN_POINT('',(19.6541302968665,72.0274187184237,-34.8049725867541));
#2324=CARTESIAN_POINT('',(19.6541302968665,72.0274187184237,-34.8049725867541));
#2325=CARTESIAN_POINT('',(18.7846619043986,72.0274187184237,-34.1374047585792));
#2326=CARTESIAN_POINT('Origin',(19.6541302968665,72.0274187184237,-33.9049725867541));
#2327=CARTESIAN_POINT('',(16.6559152678032,72.0274187184237,-26.174316423785));
#2328=CARTESIAN_POINT('',(18.7567258667686,72.0274187184237,-34.0329032967575));
#2329=CARTESIAN_POINT('',(16.5110038690586,72.0274187184237,-26.0630551190892));
#2330=CARTESIAN_POINT('Origin',(16.5110038690586,72.0274187184237,-26.2130551190892));
#2331=CARTESIAN_POINT('',(12.4475965176367,72.0274187184237,-26.0630551190892));
#2332=CARTESIAN_POINT('',(12.4475965176367,72.0274187184237,-26.0630551190892));
#2333=CARTESIAN_POINT('',(12.3640259696666,72.0274187184237,-26.1081373304231));
#2334=CARTESIAN_POINT('Origin',(12.4475965176367,72.0274187184237,-26.1630551190892));
#2335=CARTESIAN_POINT('',(12.1896910243615,72.0274187184237,-26.3734296384961));
#2336=CARTESIAN_POINT('',(12.1901976876495,72.0274187184237,-26.3726586291447));
#2337=CARTESIAN_POINT('',(12.1876333848078,72.0274187184237,-26.376510835643));
#2338=CARTESIAN_POINT('Origin',(11.9807646544362,72.0274187184237,-26.2361351668309));
#2339=CARTESIAN_POINT('',(11.864272550566,72.0274187184237,-26.548479253347));
#2340=CARTESIAN_POINT('Origin',(11.864272550566,72.0274187184237,-26.158479253347));
#2341=CARTESIAN_POINT('',(11.1829879989766,72.0274187184237,-26.548479253347));
#2342=CARTESIAN_POINT('',(11.1829879989766,72.0274187184237,-26.548479253347));
#2343=CARTESIAN_POINT('',(10.8596271647349,72.0274187184237,-26.376510835643));
#2344=CARTESIAN_POINT('Origin',(11.1829879989766,72.0274187184237,-26.158479253347));
#2345=CARTESIAN_POINT('',(10.8575695251812,72.0274187184237,-26.3734296384961));
#2346=CARTESIAN_POINT('Origin',(11.0664958951065,72.0274187184237,-26.2361351668309));
#2347=CARTESIAN_POINT('',(10.6832345798761,72.0274187184237,-26.1081373304231));
#2348=CARTESIAN_POINT('',(10.6832345798761,72.0274187184237,-26.1081373304231));
#2349=CARTESIAN_POINT('',(10.5996640319059,72.0274187184237,-26.0630551190892));
#2350=CARTESIAN_POINT('Origin',(10.5996640319059,72.0274187184237,-26.1630551190892));
#2351=CARTESIAN_POINT('',(6.53625668048398,72.0274187184237,-26.0630551190892));
#2352=CARTESIAN_POINT('',(10.5996640319059,72.0274187184237,-26.0630551190892));
#2353=CARTESIAN_POINT('',(6.39134528173938,72.0274187184237,-26.174316423785));
#2354=CARTESIAN_POINT('Origin',(6.53625668048398,72.0274187184237,-26.2130551190892));
#2355=CARTESIAN_POINT('',(4.26259864514398,72.0274187184237,-34.1374047585792));
#2356=CARTESIAN_POINT('',(4.29053468277407,72.0274187184237,-34.0329032967575));
#2357=CARTESIAN_POINT('',(3.39313025267607,72.0274187184237,-34.804972586754));
#2358=CARTESIAN_POINT('Origin',(3.39313025267607,72.0274187184237,-33.904972586754));
#2359=CARTESIAN_POINT('',(1.01043145619218,72.0274187184237,-34.8049725867541));
#2360=CARTESIAN_POINT('Origin',(23.1730179520719,72.0274187184237,-33.8824818927239));
#2361=CARTESIAN_POINT('',(23.1478639069864,60.0274187184237,-34.0049248346023));
#2362=CARTESIAN_POINT('',(23.0480179520719,60.0274187184238,-33.8824818927239));
#2363=CARTESIAN_POINT('Origin',(23.1488876744028,72.0274187184237,-34.3557940271921));
#2364=CARTESIAN_POINT('',(23.1483426487706,60.0274187184238,-34.254925493316));
#2365=CARTESIAN_POINT('',(23.0480179520719,60.0274187184238,-34.3560307060465));
#2366=CARTESIAN_POINT('Origin',(22.7976975054983,60.0274187184238,-33.6209340220659));
#2367=CARTESIAN_POINT('',(22.9230179520719,60.0274187184238,-33.6209340220659));
#2368=CARTESIAN_POINT('',(22.9226975054983,60.0274187184238,-33.6209340220659));
#2369=CARTESIAN_POINT('Origin',(22.9226975054983,60.0274187184238,-33.7459340220659));
#2370=CARTESIAN_POINT('',(22.7976975054983,60.0274187184238,-33.7459340220659));
#2371=CARTESIAN_POINT('Origin',(23.0480179520719,60.0274187184238,-33.6209340220659));
#2372=CARTESIAN_POINT('',(23.0480179520719,60.0274187184238,-33.7459340220659));
#2373=CARTESIAN_POINT('Origin',(22.9230179520719,60.0274187184238,-33.7459340220659));
#2374=CARTESIAN_POINT('Origin',(23.0458636201169,72.0274187184237,-34.2549254869575));
#2375=CARTESIAN_POINT('',(23.2688642171985,60.0274187184238,-34.2549254869575));
#2376=CARTESIAN_POINT('Origin',(23.2725285773293,72.0274187184237,-34.0049240373181));
#2377=CARTESIAN_POINT('',(23.2725285773293,60.0274187184238,-34.0049240373181));
#2378=CARTESIAN_POINT('Origin',(23.26897664911,72.0274187184237,-33.8800136341492));
#2379=CARTESIAN_POINT('',(23.3939375430484,60.0274187184238,-33.8800136341492));
#2380=CARTESIAN_POINT('Origin',(23.5189375430484,72.0274187184237,-33.8800136341492));
#2381=CARTESIAN_POINT('',(23.6439375430484,60.0274187184238,-33.8800136341492));
#2382=CARTESIAN_POINT('Origin',(23.6439375430484,72.0274187184237,-34.3800136341492));
#2383=CARTESIAN_POINT('',(23.6439375430484,60.0274187184238,-34.3800136341492));
#2384=CARTESIAN_POINT('Origin',(23.5189375430484,72.0274187184237,-34.3800136341492));
#2385=CARTESIAN_POINT('',(23.3939375430484,60.0274187184238,-34.3800136341492));
#2386=CARTESIAN_POINT('Origin',(23.2688642171985,72.0274187184237,-34.3799988136855));
#2387=CARTESIAN_POINT('Origin',(22.6908052479162,72.0274187184237,-34.5547028071502));
#2388=CARTESIAN_POINT('',(22.6724539640828,60.0274187184238,-34.5549725886536));
#2389=CARTESIAN_POINT('',(22.6908052479162,60.0274187184238,-34.5547028071502));
#2390=CARTESIAN_POINT('Origin',(22.6981457615049,72.0274187184237,-34.4549725867541));
#2391=CARTESIAN_POINT('',(22.7976975054983,60.0274187184238,-34.4644304019285));
#2392=CARTESIAN_POINT('Origin',(22.6981457615049,72.0274187184237,-34.4549725867541));
#2393=CARTESIAN_POINT('',(22.6724539639443,60.0274187184238,-34.8040283581404));
#2394=CARTESIAN_POINT('',(23.0480179520719,60.0274187184238,-34.4644304019285));
#2395=CARTESIAN_POINT('Origin',(22.6724539639438,72.0274187184237,-34.8049725887855));
#2396=CARTESIAN_POINT('',(22.6724539639438,60.0274187184238,-34.8049725884241));
#2397=CARTESIAN_POINT('Origin',(22.6724539640822,72.0274187184237,-34.5549725887855));
#2398=CARTESIAN_POINT('',(19.6541302970048,60.0274187184238,-34.5549725867424));
#2399=CARTESIAN_POINT('Origin',(1.94643754304838,72.0274187184237,-34.804972586754));
#2400=CARTESIAN_POINT('',(3.39313025267607,60.0274187184238,-34.804972586754));
#2401=CARTESIAN_POINT('Origin',(19.6541302968665,72.0274187184237,-33.9049725867541));
#2402=CARTESIAN_POINT('',(18.7846619043986,60.0274187184238,-34.1374047585792));
#2403=CARTESIAN_POINT('',(19.6541302968665,60.0274187184238,-34.8049725867541));
#2404=CARTESIAN_POINT('Origin',(16.6559152678034,72.0274187184237,-26.174316423785));
#2405=CARTESIAN_POINT('',(16.6559152678032,60.0274187184238,-26.174316423785));
#2406=CARTESIAN_POINT('Origin',(16.5110038690586,72.0274187184237,-26.2130551190892));
#2407=CARTESIAN_POINT('',(16.5110038690586,60.0274187184238,-26.0630551190892));
#2408=CARTESIAN_POINT('Origin',(12.4475965176367,72.0274187184237,-26.0630551190892));
#2409=CARTESIAN_POINT('',(12.4475965176367,60.0274187184238,-26.0630551190892));
#2410=CARTESIAN_POINT('Origin',(12.4475965176367,72.0274187184237,-26.1630551190892));
#2411=CARTESIAN_POINT('',(12.3640259696666,60.0274187184238,-26.1081373304231));
#2412=CARTESIAN_POINT('Origin',(12.1896910243615,72.0274187184237,-26.3734296384961));
#2413=CARTESIAN_POINT('',(12.1896910243615,60.0274187184238,-26.3734296384961));
#2414=CARTESIAN_POINT('Origin',(11.9807646544362,72.0274187184237,-26.2361351668309));
#2415=CARTESIAN_POINT('',(12.1876333848078,60.0274187184238,-26.376510835643));
#2416=CARTESIAN_POINT('Origin',(11.864272550566,72.0274187184237,-26.158479253347));
#2417=CARTESIAN_POINT('',(11.864272550566,60.0274187184238,-26.548479253347));
#2418=CARTESIAN_POINT('Origin',(11.1829879989766,72.0274187184237,-26.548479253347));
#2419=CARTESIAN_POINT('',(11.1829879989766,60.0274187184238,-26.548479253347));
#2420=CARTESIAN_POINT('Origin',(11.1829879989766,72.0274187184237,-26.158479253347));
#2421=CARTESIAN_POINT('',(10.8596271647348,60.0274187184238,-26.376510835643));
#2422=CARTESIAN_POINT('Origin',(11.0664958951065,72.0274187184237,-26.2361351668309));
#2423=CARTESIAN_POINT('',(10.8575695251812,60.0274187184238,-26.3734296384961));
#2424=CARTESIAN_POINT('Origin',(10.6832345798761,72.0274187184237,-26.1081373304231));
#2425=CARTESIAN_POINT('',(10.6832345798761,60.0274187184238,-26.1081373304231));
#2426=CARTESIAN_POINT('Origin',(10.5996640319059,72.0274187184237,-26.1630551190892));
#2427=CARTESIAN_POINT('',(10.5996640319059,60.0274187184238,-26.0630551190892));
#2428=CARTESIAN_POINT('Origin',(6.53625668048398,72.0274187184237,-26.0630551190892));
#2429=CARTESIAN_POINT('',(6.53625668048398,60.0274187184238,-26.0630551190892));
#2430=CARTESIAN_POINT('Origin',(6.53625668048398,72.0274187184237,-26.2130551190892));
#2431=CARTESIAN_POINT('',(6.39134528173938,60.0274187184238,-26.174316423785));
#2432=CARTESIAN_POINT('Origin',(4.26259864514398,72.0274187184237,-34.1374047585792));
#2433=CARTESIAN_POINT('',(4.26259864514398,60.0274187184238,-34.1374047585792));
#2434=CARTESIAN_POINT('Origin',(3.39313025267607,72.0274187184237,-33.904972586754));
#2435=CARTESIAN_POINT('Origin',(10.7075542215216,72.0274187184237,-25.8130551190892));
#2436=CARTESIAN_POINT('',(10.7075542215216,60.0274187184238,-25.8130551190892));
#2437=CARTESIAN_POINT('',(6.42108840629068,60.0274187184238,-25.8130551190892));
#2438=CARTESIAN_POINT('Origin',(3.39313025267607,72.0274187184237,-33.904972586754));
#2439=CARTESIAN_POINT('',(4.02107964723628,60.0274187184238,-34.0728402664056));
#2440=CARTESIAN_POINT('',(3.39313025267607,60.0274187184238,-34.554972586754));
#2441=CARTESIAN_POINT('Origin',(6.17956940838288,72.0274187184237,-25.9984906269156));
#2442=CARTESIAN_POINT('',(6.17956940838288,60.0274187184238,-25.9984906269156));
#2443=CARTESIAN_POINT('Origin',(6.42108840629068,72.0274187184237,-26.0630551190892));
#2444=CARTESIAN_POINT('Origin',(10.7075542215216,72.0274187184237,-25.8130551190892));
#2445=CARTESIAN_POINT('',(16.626172143252,60.0274187184238,-25.8130551190892));
#2446=CARTESIAN_POINT('',(12.339706328021,60.0274187184238,-25.8130551190892));
#2447=CARTESIAN_POINT('Origin',(10.7075542215216,72.0274187184237,-25.9630551190892));
#2448=CARTESIAN_POINT('',(10.8329100434768,60.0274187184238,-25.8806784360901));
#2449=CARTESIAN_POINT('Origin',(11.0659892318184,72.0274187184237,-26.2353641574795));
#2450=CARTESIAN_POINT('',(11.0659892318184,60.0274187184238,-26.2353641574795));
#2451=CARTESIAN_POINT('Origin',(11.1829879989766,72.0274187184237,-26.158479253347));
#2452=CARTESIAN_POINT('',(11.1829879989766,60.0274187184238,-26.298479253347));
#2453=CARTESIAN_POINT('Origin',(11.864272550566,72.0274187184237,-26.298479253347));
#2454=CARTESIAN_POINT('',(11.864272550566,60.0274187184238,-26.298479253347));
#2455=CARTESIAN_POINT('Origin',(11.864272550566,72.0274187184237,-26.158479253347));
#2456=CARTESIAN_POINT('',(11.9812713177242,60.0274187184238,-26.2353641574795));
#2457=CARTESIAN_POINT('Origin',(12.2143505060658,72.0274187184237,-25.8806784360901));
#2458=CARTESIAN_POINT('',(12.2143505060658,60.0274187184238,-25.8806784360901));
#2459=CARTESIAN_POINT('Origin',(12.339706328021,72.0274187184237,-25.9630551190892));
#2460=CARTESIAN_POINT('Origin',(16.626172143252,72.0274187184237,-26.0630551190892));
#2461=CARTESIAN_POINT('',(16.8676911411597,60.0274187184238,-25.9984906269156));
#2462=CARTESIAN_POINT('Origin',(19.0261809023064,72.0274187184237,-34.0728402664056));
#2463=CARTESIAN_POINT('',(19.0261809023064,60.0274187184238,-34.0728402664056));
#2464=CARTESIAN_POINT('Origin',(19.6541302968665,72.0274187184237,-33.9049725867541));
#2465=CARTESIAN_POINT('Origin',(19.7011302968665,72.0274187184237,-34.8049725867541));
#2466=CARTESIAN_POINT('Origin',(1.94643754304838,60.0274187184238,-34.554972586754));
#2467=CARTESIAN_POINT('Origin',(23.0480179520719,72.0274187184237,-34.4644304019285));
#2468=CARTESIAN_POINT('Origin',(22.7976975054983,60.0274187184238,-34.4644304019285));
#2469=UNCERTAINTY_MEASURE_WITH_UNIT(LENGTH_MEASURE(0.000393700787401575),
#2474,'DISTANCE_ACCURACY_VALUE',
'Maximum model space distance between geometric entities at asserted c
onnectivities');
#2470=UNCERTAINTY_MEASURE_WITH_UNIT(LENGTH_MEASURE(0.000393700787401575),
#2474,'DISTANCE_ACCURACY_VALUE',
'Maximum model space distance between geometric entities at asserted c
onnectivities');
#2471=(
GEOMETRIC_REPRESENTATION_CONTEXT(3)
GLOBAL_UNCERTAINTY_ASSIGNED_CONTEXT((#2469))
GLOBAL_UNIT_ASSIGNED_CONTEXT((#2474,#2478,#2479))
REPRESENTATION_CONTEXT('','3D')
);
#2472=(
GEOMETRIC_REPRESENTATION_CONTEXT(3)
GLOBAL_UNCERTAINTY_ASSIGNED_CONTEXT((#2470))
GLOBAL_UNIT_ASSIGNED_CONTEXT((#2474,#2478,#2479))
REPRESENTATION_CONTEXT('','3D')
);
#2473=DIMENSIONAL_EXPONENTS(1.,0.,0.,0.,0.,0.,0.);
#2474=(
CONVERSION_BASED_UNIT('inch',#2477)
LENGTH_UNIT()
NAMED_UNIT(#2473)
);
#2475=(
LENGTH_UNIT()
NAMED_UNIT(*)
SI_UNIT(.MILLI.,.METRE.)
);
#2476=(
LENGTH_UNIT()
NAMED_UNIT(*)
SI_UNIT($,.METRE.)
);
#2477=LENGTH_MEASURE_WITH_UNIT(LENGTH_MEASURE(25.4),#2475);
#2478=(
NAMED_UNIT(*)
PLANE_ANGLE_UNIT()
SI_UNIT($,.RADIAN.)
);
#2479=(
NAMED_UNIT(*)
SI_UNIT($,.STERADIAN.)
SOLID_ANGLE_UNIT()
);
#2480=SHAPE_DEFINITION_REPRESENTATION(#2481,#2482);
#2481=PRODUCT_DEFINITION_SHAPE('',$,#2484);
#2482=SHAPE_REPRESENTATION('',(#1449),#2471);
#2483=PRODUCT_DEFINITION_CONTEXT('part definition',#2488,'design');
#2484=PRODUCT_DEFINITION('multiple wall design','24 in pannel v12',#2485,
#2483);
#2485=PRODUCT_DEFINITION_FORMATION('',$,#2490);
#2486=PRODUCT_RELATED_PRODUCT_CATEGORY('24 in pannel v12',
'24 in pannel v12',(#2490));
#2487=APPLICATION_PROTOCOL_DEFINITION('international standard',
'automotive_design',2009,#2488);
#2488=APPLICATION_CONTEXT(
'Core Data for Automotive Mechanical Design Process');
#2489=PRODUCT_CONTEXT('part definition',#2488,'mechanical');
#2490=PRODUCT('multiple wall design','24 in pannel v12',$,(#2489));
#2491=PRESENTATION_STYLE_ASSIGNMENT((#2493));
#2492=PRESENTATION_STYLE_ASSIGNMENT((#2494));
#2493=SURFACE_STYLE_USAGE(.BOTH.,#2495);
#2494=SURFACE_STYLE_USAGE(.BOTH.,#2496);
#2495=SURFACE_SIDE_STYLE('',(#2497));
#2496=SURFACE_SIDE_STYLE('',(#2498));
#2497=SURFACE_STYLE_FILL_AREA(#2499);
#2498=SURFACE_STYLE_FILL_AREA(#2500);
#2499=FILL_AREA_STYLE('Steel - Satin',(#2501));
#2500=FILL_AREA_STYLE('Opaque(160,160,160)',(#2502));
#2501=FILL_AREA_STYLE_COLOUR('Steel - Satin',#2503);
#2502=FILL_AREA_STYLE_COLOUR('Opaque(160,160,160)',#2504);
#2503=COLOUR_RGB('Steel - Satin',0.627450980392157,0.627450980392157,0.627450980392157);
#2504=COLOUR_RGB('Opaque(160,160,160)',0.627450980392157,0.627450980392157,
0.627450980392157);
ENDSEC;
END-ISO-10303-21;
